date,precipitation_mean,discharge_vol_obs
1951-01-01,0.7,21.58
1951-01-02,0.86,22.27
1951-01-03,0.21,22.54
1951-01-04,0.87,23.03
1951-01-05,3.21,25.94
1951-01-06,1.07,36.31
1951-01-07,0.27,55.19
1951-01-08,1.8,61.97
1951-01-09,3.66,56.55
1951-01-10,0.35,56.17
1951-01-11,4.85,59.95
1951-01-12,0.16,77.01
1951-01-13,1.32,68.85
1951-01-14,6.19,58.52
1951-01-15,10.21,66.6
1951-01-16,3.56,92.06
1951-01-17,19.86,104.74
1951-01-18,8.68,153.62
1951-01-19,4.06,191.23
1951-01-20,1.13,179.34
1951-01-21,0.89,156.56
1951-01-22,0.93,140.8
1951-01-23,0.24,121.53
1951-01-24,0.0,101.91
1951-01-25,0.0,86.04
1951-01-26,0.0,73.36
1951-01-27,0.04,65.91
1951-01-28,0.16,61.55
1951-01-29,0.01,55.64
1951-01-30,0.0,51.66
1951-01-31,0.0,46.75
1951-02-01,0.0,43.85
1951-02-02,0.1,43.9
1951-02-03,0.49,43.47
1951-02-04,0.16,43.8
1951-02-05,0.21,42.49
1951-02-06,0.02,47.58
1951-02-07,0.23,95.88
1951-02-08,0.36,40.94
1951-02-09,3.42,29.69
1951-02-10,8.77,31.27
1951-02-11,0.37,41.61
1951-02-12,0.39,56.17
1951-02-13,6.61,51.28
1951-02-14,0.62,50.56
1951-02-15,0.05,47.35
1951-02-16,0.17,44.53
1951-02-17,7.13,43.46
1951-02-18,1.57,56.61
1951-02-19,2.6,63.37
1951-02-20,3.63,58.35
1951-02-21,3.2,58.15
1951-02-22,3.69,64.44
1951-02-23,5.59,71.31
1951-02-24,0.65,84.14
1951-02-25,1.23,91.68
1951-02-26,0.93,71.97
1951-02-27,0.6,55.79
1951-02-28,0.21,51.94
1951-03-01,0.52,50.67
1951-03-02,0.0,46.7
1951-03-03,0.01,42.41
1951-03-04,0.0,38.42
1951-03-05,0.0,35.27
1951-03-06,0.02,33.13
1951-03-07,0.0,30.6
1951-03-08,0.02,29.6
1951-03-09,0.47,27.98
1951-03-10,0.03,28.2
1951-03-11,1.31,28.06
1951-03-12,0.09,28.66
1951-03-13,0.71,29.64
1951-03-14,3.52,31.13
1951-03-15,0.43,27.72
1951-03-16,7.33,26.3
1951-03-17,11.16,30.41
1951-03-18,3.06,47.14
1951-03-19,12.94,78.0
1951-03-20,2.51,120.97
1951-03-21,0.07,117.3
1951-03-22,6.18,98.48
1951-03-23,5.3,86.22
1951-03-24,3.98,93.51
1951-03-25,1.97,106.28
1951-03-26,6.79,106.24
1951-03-27,1.25,102.65
1951-03-28,2.66,99.68
1951-03-29,0.62,96.62
1951-03-30,0.18,87.47
1951-03-31,0.44,74.75
1951-04-01,3.03,63.06
1951-04-02,1.45,60.45
1951-04-03,0.5,57.74
1951-04-04,2.0,52.64
1951-04-05,0.02,48.78
1951-04-06,0.24,47.13
1951-04-07,4.0,47.02
1951-04-08,2.55,47.87
1951-04-09,5.79,50.08
1951-04-10,8.93,60.92
1951-04-11,0.27,107.86
1951-04-12,0.34,102.01
1951-04-13,3.14,95.37
1951-04-14,2.92,60.96
1951-04-15,0.22,52.92
1951-04-16,3.51,49.34
1951-04-17,0.0,46.56
1951-04-18,0.12,42.12
1951-04-19,0.05,36.56
1951-04-20,0.03,33.95
1951-04-21,0.0,31.39
1951-04-22,0.0,28.48
1951-04-23,0.0,26.11
1951-04-24,0.0,24.54
1951-04-25,0.0,24.11
1951-04-26,0.0,23.49
1951-04-27,11.92,27.57
1951-04-28,4.73,32.02
1951-04-29,0.15,37.9
1951-04-30,0.03,32.08
1951-05-01,0.0,28.34
1951-05-02,0.0,25.41
1951-05-03,0.02,23.22
1951-05-04,10.59,27.08
1951-05-05,0.03,40.19
1951-05-06,0.03,28.26
1951-05-07,2.19,25.29
1951-05-08,3.55,24.16
1951-05-09,0.14,22.62
1951-05-10,0.03,21.38
1951-05-11,0.01,19.83
1951-05-12,0.0,18.5
1951-05-13,1.44,18.76
1951-05-14,1.66,19.35
1951-05-15,2.63,20.13
1951-05-16,0.77,19.79
1951-05-17,0.0,19.07
1951-05-18,0.27,17.13
1951-05-19,0.05,14.83
1951-05-20,0.74,13.51
1951-05-21,5.8,13.62
1951-05-22,3.75,13.5
1951-05-23,0.17,14.68
1951-05-24,2.4,16.22
1951-05-25,12.39,17.98
1951-05-26,8.42,19.8
1951-05-27,10.48,28.59
1951-05-28,10.86,41.04
1951-05-29,0.04,51.14
1951-05-30,0.04,50.54
1951-05-31,0.0,40.38
1951-06-01,0.01,29.56
1951-06-02,0.25,27.27
1951-06-03,5.52,25.18
1951-06-04,1.7,23.48
1951-06-05,3.83,24.8
1951-06-06,0.0,24.31
1951-06-07,0.0,21.89
1951-06-08,0.0,19.92
1951-06-09,2.61,19.58
1951-06-10,2.5,19.12
1951-06-11,0.06,18.47
1951-06-12,5.82,17.12
1951-06-13,0.0,16.11
1951-06-14,0.0,15.48
1951-06-15,1.48,14.75
1951-06-16,1.34,15.05
1951-06-17,3.53,15.53
1951-06-18,3.52,16.02
1951-06-19,0.58,16.27
1951-06-20,0.01,15.15
1951-06-21,0.0,14.72
1951-06-22,8.32,15.51
1951-06-23,2.7,16.31
1951-06-24,3.34,15.93
1951-06-25,1.73,15.31
1951-06-26,6.5,16.36
1951-06-27,5.86,16.85
1951-06-28,2.84,16.41
1951-06-29,0.04,15.53
1951-06-30,0.13,15.1
1951-07-01,0.0,15.46
1951-07-02,0.0,15.83
1951-07-03,0.1,15.57
1951-07-04,11.23,16.0
1951-07-05,0.07,16.68
1951-07-06,0.02,15.99
1951-07-07,0.0,15.43
1951-07-08,6.12,15.5
1951-07-09,0.05,18.58
1951-07-10,0.18,19.79
1951-07-11,8.8,19.52
1951-07-12,0.0,19.26
1951-07-13,0.59,17.9
1951-07-14,7.66,16.96
1951-07-15,9.71,18.67
1951-07-16,0.02,16.82
1951-07-17,0.02,16.87
1951-07-18,1.04,17.17
1951-07-19,0.03,16.42
1951-07-20,0.47,15.86
1951-07-21,0.07,15.36
1951-07-22,1.33,14.88
1951-07-23,8.45,14.76
1951-07-24,6.84,16.84
1951-07-25,4.8,19.12
1951-07-26,0.55,19.76
1951-07-27,0.0,19.36
1951-07-28,0.0,18.65
1951-07-29,0.04,16.93
1951-07-30,0.0,16.0
1951-07-31,9.1,18.42
1951-08-01,8.45,29.48
1951-08-02,0.94,19.03
1951-08-03,6.08,17.59
1951-08-04,3.39,17.52
1951-08-05,0.77,18.47
1951-08-06,0.02,17.7
1951-08-07,1.82,16.51
1951-08-08,7.63,16.69
1951-08-09,12.35,17.39
1951-08-10,6.18,21.35
1951-08-11,0.2,22.0
1951-08-12,2.17,19.73
1951-08-13,0.58,19.33
1951-08-14,0.06,17.04
1951-08-15,0.05,16.16
1951-08-16,0.0,15.3
1951-08-17,2.36,14.93
1951-08-18,0.02,15.66
1951-08-19,5.27,16.45
1951-08-20,0.7,18.14
1951-08-21,0.63,16.81
1951-08-22,0.0,15.94
1951-08-23,0.1,16.49
1951-08-24,0.0,16.24
1951-08-25,0.01,16.11
1951-08-26,0.09,15.8
1951-08-27,1.94,16.04
1951-08-28,0.4,15.55
1951-08-29,0.16,14.46
1951-08-30,4.66,14.51
1951-08-31,3.75,13.92
1951-09-01,1.56,14.21
1951-09-02,15.69,15.3
1951-09-03,4.83,19.42
1951-09-04,0.0,19.21
1951-09-05,0.0,16.07
1951-09-06,0.0,15.26
1951-09-07,1.49,15.62
1951-09-08,0.03,15.98
1951-09-09,0.0,15.61
1951-09-10,0.08,15.24
1951-09-11,3.93,15.6
1951-09-12,0.0,15.96
1951-09-13,8.48,15.59
1951-09-14,0.09,15.22
1951-09-15,1.32,15.64
1951-09-16,8.11,16.36
1951-09-17,0.99,16.17
1951-09-18,2.56,16.41
1951-09-19,2.56,16.04
1951-09-20,0.06,15.43
1951-09-21,0.01,14.24
1951-09-22,0.04,13.65
1951-09-23,11.14,13.36
1951-09-24,0.2,14.35
1951-09-25,0.01,16.56
1951-09-26,0.18,16.37
1951-09-27,0.0,15.15
1951-09-28,1.4,14.55
1951-09-29,0.01,14.08
1951-09-30,0.0,13.85
1951-10-01,0.0,14.78
1951-10-02,0.0,14.53
1951-10-03,0.0,14.06
1951-10-04,0.0,13.83
1951-10-05,0.0,14.76
1951-10-06,0.0,14.52
1951-10-07,0.0,13.99
1951-10-08,0.0,13.3
1951-10-09,0.0,13.52
1951-10-10,0.0,13.51
1951-10-11,0.0,13.28
1951-10-12,0.0,14.14
1951-10-13,0.0,15.62
1951-10-14,0.0,15.14
1951-10-15,0.0,13.0
1951-10-16,0.0,12.81
1951-10-17,0.01,13.55
1951-10-18,0.0,11.99
1951-10-19,0.04,11.44
1951-10-20,0.0,11.7
1951-10-21,0.71,11.78
1951-10-22,0.02,11.86
1951-10-23,0.03,11.38
1951-10-24,0.0,11.11
1951-10-25,0.0,11.08
1951-10-26,0.07,11.9
1951-10-27,0.0,11.47
1951-10-28,0.11,11.67
1951-10-29,0.34,11.88
1951-10-30,4.85,12.81
1951-10-31,9.98,13.1
1951-11-01,1.04,15.21
1951-11-02,2.27,12.39
1951-11-03,0.84,14.58
1951-11-04,0.04,14.7
1951-11-05,0.03,13.63
1951-11-06,1.82,13.74
1951-11-07,0.67,15.09
1951-11-08,0.21,12.95
1951-11-09,0.0,12.43
1951-11-10,1.88,11.84
1951-11-11,1.07,12.21
1951-11-12,28.56,13.79
1951-11-13,13.83,17.24
1951-11-14,3.26,20.06
1951-11-15,2.63,31.02
1951-11-16,5.51,29.64
1951-11-17,0.41,31.48
1951-11-18,0.18,29.99
1951-11-19,1.5,28.56
1951-11-20,2.97,24.59
1951-11-21,2.18,24.29
1951-11-22,2.19,26.41
1951-11-23,1.98,26.61
1951-11-24,10.84,26.41
1951-11-25,8.51,33.06
1951-11-26,0.15,51.04
1951-11-27,0.91,55.37
1951-11-28,8.77,43.4
1951-11-29,8.41,45.39
1951-11-30,1.32,61.79
1951-12-01,0.19,70.69
1951-12-02,0.33,68.4
1951-12-03,2.4,54.62
1951-12-04,1.64,44.55
1951-12-05,0.09,43.38
1951-12-06,4.82,41.11
1951-12-07,0.18,39.94
1951-12-08,2.96,40.9
1951-12-09,7.32,38.94
1951-12-10,6.86,44.16
1951-12-11,0.12,63.22
1951-12-12,0.0,67.21
1951-12-13,0.05,52.72
1951-12-14,0.27,42.77
1951-12-15,2.65,33.95
1951-12-16,5.46,32.73
1951-12-17,0.16,35.98
1951-12-18,0.01,52.56
1951-12-19,0.0,53.44
1951-12-20,0.01,45.17
1951-12-21,0.01,40.44
1951-12-22,0.05,37.99
1951-12-23,0.09,32.87
1951-12-24,1.91,33.17
1951-12-25,10.14,40.7
1951-12-26,3.22,60.29
1951-12-27,1.31,56.79
1951-12-28,1.55,74.48
1951-12-29,0.07,59.91
1951-12-30,0.43,47.09
1951-12-31,1.43,39.62
1952-01-01,5.36,40.21
1952-01-02,27.79,60.71
1952-01-03,5.65,144.56
1952-01-04,3.99,201.05
1952-01-05,0.13,176.06
1952-01-06,0.03,147.99
1952-01-07,0.69,125.46
1952-01-08,0.44,101.06
1952-01-09,7.65,87.21
1952-01-10,17.84,94.08
1952-01-11,3.14,139.24
1952-01-12,1.17,177.98
1952-01-13,2.14,163.23
1952-01-14,0.26,145.2
1952-01-15,2.57,137.47
1952-01-16,3.01,119.24
1952-01-17,4.64,120.69
1952-01-18,4.55,121.02
1952-01-19,1.92,122.39
1952-01-20,5.2,120.43
1952-01-21,0.38,111.09
1952-01-22,0.0,107.88
1952-01-23,0.0,100.13
1952-01-24,0.01,87.68
1952-01-25,0.0,76.6
1952-01-26,0.26,64.18
1952-01-27,1.47,55.16
1952-01-28,0.62,50.51
1952-01-29,0.13,47.59
1952-01-30,0.21,53.99
1952-01-31,4.92,62.74
1952-02-01,2.78,72.14
1952-02-02,0.2,71.4
1952-02-03,2.55,69.48
1952-02-04,0.85,66.79
1952-02-05,0.3,62.87
1952-02-06,0.88,59.44
1952-02-07,4.58,57.23
1952-02-08,2.46,62.07
1952-02-09,1.51,71.91
1952-02-10,16.14,78.5
1952-02-11,2.53,99.05
1952-02-12,1.09,157.78
1952-02-13,0.3,144.84
1952-02-14,0.06,105.32
1952-02-15,0.01,85.56
1952-02-16,0.23,68.83
1952-02-17,0.12,57.83
1952-02-18,0.55,57.74
1952-02-19,1.77,55.71
1952-02-20,1.25,54.04
1952-02-21,0.5,58.11
1952-02-22,0.0,64.31
1952-02-23,0.0,68.74
1952-02-24,0.01,67.24
1952-02-25,0.06,62.94
1952-02-26,0.0,61.18
1952-02-27,0.02,55.07
1952-02-28,0.1,52.06
1952-02-29,5.57,51.31
1952-03-01,0.36,53.14
1952-03-02,0.0,55.02
1952-03-03,0.0,54.15
1952-03-04,0.57,50.83
1952-03-05,4.08,46.52
1952-03-06,0.0,46.7
1952-03-07,0.0,47.67
1952-03-08,0.0,45.05
1952-03-09,1.45,40.57
1952-03-10,1.61,37.4
1952-03-11,0.14,34.72
1952-03-12,0.08,37.99
1952-03-13,0.16,38.37
1952-03-14,0.0,31.52
1952-03-15,0.0,27.7
1952-03-16,1.08,26.54
1952-03-17,0.34,26.34
1952-03-18,1.47,25.22
1952-03-19,0.53,25.3
1952-03-20,7.67,26.01
1952-03-21,4.03,26.08
1952-03-22,8.39,36.14
1952-03-23,0.03,47.62
1952-03-24,6.4,58.31
1952-03-25,7.29,58.22
1952-03-26,1.36,72.27
1952-03-27,0.06,72.84
1952-03-28,0.36,62.97
1952-03-29,8.74,53.52
1952-03-30,2.71,47.47
1952-03-31,2.34,62.9
1952-04-01,0.32,88.67
1952-04-02,0.83,85.55
1952-04-03,0.08,74.8
1952-04-04,0.01,60.74
1952-04-05,0.0,50.22
1952-04-06,2.49,44.83
1952-04-07,3.36,43.43
1952-04-08,0.38,44.0
1952-04-09,0.0,41.72
1952-04-10,0.0,37.05
1952-04-11,0.0,34.1
1952-04-12,0.04,29.71
1952-04-13,0.0,27.72
1952-04-14,0.01,26.85
1952-04-15,0.03,26.21
1952-04-16,0.0,21.04
1952-04-17,0.0,21.01
1952-04-18,0.0,20.28
1952-04-19,0.0,16.43
1952-04-20,2.57,15.5
1952-04-21,2.12,15.09
1952-04-22,1.71,16.29
1952-04-23,0.02,18.43
1952-04-24,0.12,17.16
1952-04-25,0.04,14.58
1952-04-26,0.39,12.71
1952-04-27,0.6,14.62
1952-04-28,1.27,18.06
1952-04-29,0.0,18.19
1952-04-30,0.0,16.98
1952-05-01,0.14,15.77
1952-05-02,0.0,16.66
1952-05-03,4.03,15.3
1952-05-04,3.48,13.68
1952-05-05,1.07,15.25
1952-05-06,3.49,13.91
1952-05-07,0.51,13.27
1952-05-08,0.02,13.28
1952-05-09,1.76,12.22
1952-05-10,0.0,11.58
1952-05-11,3.06,11.07
1952-05-12,2.63,11.33
1952-05-13,0.69,11.18
1952-05-14,0.01,11.84
1952-05-15,0.0,11.04
1952-05-16,0.0,11.09
1952-05-17,0.0,10.7
1952-05-18,0.0,9.5
1952-05-19,0.0,10.36
1952-05-20,0.0,10.55
1952-05-21,0.0,10.85
1952-05-22,0.0,10.36
1952-05-23,0.28,10.03
1952-05-24,0.16,10.48
1952-05-25,1.41,10.51
1952-05-26,1.97,10.53
1952-05-27,3.63,11.07
1952-05-28,2.97,11.23
1952-05-29,1.83,11.2
1952-05-30,0.28,11.32
1952-05-31,7.1,11.68
1952-06-01,7.57,12.53
1952-06-02,2.4,13.25
1952-06-03,0.23,12.71
1952-06-04,0.0,11.74
1952-06-05,0.01,11.24
1952-06-06,5.99,11.28
1952-06-07,0.3,12.03
1952-06-08,2.75,10.93
1952-06-09,0.22,10.66
1952-06-10,0.0,11.38
1952-06-11,0.3,11.2
1952-06-12,0.01,10.53
1952-06-13,2.85,10.76
1952-06-14,9.88,13.34
1952-06-15,4.36,14.84
1952-06-16,0.01,12.92
1952-06-17,0.49,11.82
1952-06-18,11.45,11.72
1952-06-19,0.01,11.47
1952-06-20,0.29,11.06
1952-06-21,2.77,10.95
1952-06-22,3.49,11.97
1952-06-23,0.85,13.0
1952-06-24,0.57,12.21
1952-06-25,4.08,11.57
1952-06-26,0.0,10.63
1952-06-27,0.0,10.41
1952-06-28,0.0,10.18
1952-06-29,0.0,9.51
1952-06-30,0.0,10.78
1952-07-01,0.0,9.26
1952-07-02,4.28,8.42
1952-07-03,2.54,8.57
1952-07-04,0.0,10.05
1952-07-05,0.0,8.57
1952-07-06,0.58,7.45
1952-07-07,0.66,6.76
1952-07-08,24.89,7.72
1952-07-09,2.93,12.6
1952-07-10,0.0,12.07
1952-07-11,0.06,12.17
1952-07-12,1.5,13.31
1952-07-13,0.11,8.42
1952-07-14,1.59,7.14
1952-07-15,1.6,8.05
1952-07-16,0.02,9.32
1952-07-17,2.01,8.71
1952-07-18,5.73,9.3
1952-07-19,0.54,9.7
1952-07-20,0.07,10.03
1952-07-21,0.01,10.32
1952-07-22,0.02,10.43
1952-07-23,0.07,10.68
1952-07-24,0.02,10.03
1952-07-25,0.51,10.01
1952-07-26,0.15,9.16
1952-07-27,6.73,9.22
1952-07-28,2.31,11.52
1952-07-29,7.97,10.69
1952-07-30,0.66,11.74
1952-07-31,1.71,10.87
1952-08-01,1.46,11.56
1952-08-02,5.3,11.87
1952-08-03,0.0,12.11
1952-08-04,0.0,11.91
1952-08-05,0.0,11.97
1952-08-06,3.14,12.0
1952-08-07,3.41,12.44
1952-08-08,1.16,10.54
1952-08-09,0.27,10.38
1952-08-10,2.87,10.85
1952-08-11,0.03,11.37
1952-08-12,0.34,11.18
1952-08-13,5.96,11.05
1952-08-14,5.08,11.32
1952-08-15,6.8,11.81
1952-08-16,2.74,12.93
1952-08-17,8.46,12.26
1952-08-18,7.94,11.9
1952-08-19,7.14,12.08
1952-08-20,14.94,12.35
1952-08-21,4.42,15.87
1952-08-22,0.78,19.25
1952-08-23,0.0,14.23
1952-08-24,0.01,12.44
1952-08-25,0.0,12.19
1952-08-26,0.06,12.24
1952-08-27,1.65,11.78
1952-08-28,0.01,10.87
1952-08-29,0.01,9.26
1952-08-30,5.7,11.86
1952-08-31,1.61,10.8
1952-09-01,11.13,10.96
1952-09-02,0.48,11.26
1952-09-03,10.48,10.75
1952-09-04,1.46,11.53
1952-09-05,3.55,11.12
1952-09-06,1.09,10.49
1952-09-07,1.5,10.55
1952-09-08,4.27,13.2
1952-09-09,0.79,15.35
1952-09-10,0.04,13.1
1952-09-11,0.0,11.65
1952-09-12,3.45,10.85
1952-09-13,0.28,10.5
1952-09-14,0.0,9.9
1952-09-15,0.0,10.89
1952-09-16,0.0,11.78
1952-09-17,1.72,11.76
1952-09-18,2.02,11.64
1952-09-19,2.51,11.79
1952-09-20,1.4,11.78
1952-09-21,5.11,12.08
1952-09-22,1.32,12.75
1952-09-23,0.73,12.31
1952-09-24,0.14,12.41
1952-09-25,4.7,11.81
1952-09-26,2.04,12.02
1952-09-27,7.55,11.16
1952-09-28,0.46,9.98
1952-09-29,4.22,10.9
1952-09-30,2.45,12.82
1952-10-01,0.99,16.64
1952-10-02,1.0,15.49
1952-10-03,3.19,14.99
1952-10-04,4.69,15.05
1952-10-05,3.21,14.92
1952-10-06,4.69,17.77
1952-10-07,7.98,17.3
1952-10-08,0.49,19.71
1952-10-09,2.35,18.15
1952-10-10,1.2,16.18
1952-10-11,0.63,15.44
1952-10-12,0.12,13.97
1952-10-13,4.8,13.25
1952-10-14,9.43,14.48
1952-10-15,11.55,18.0
1952-10-16,2.12,24.66
1952-10-17,0.0,31.62
1952-10-18,0.0,33.83
1952-10-19,0.0,30.09
1952-10-20,0.59,24.95
1952-10-21,7.02,22.61
1952-10-22,3.4,21.48
1952-10-23,1.42,25.69
1952-10-24,2.87,31.92
1952-10-25,0.07,33.58
1952-10-26,2.33,34.86
1952-10-27,0.01,27.77
1952-10-28,3.41,21.4
1952-10-29,3.76,20.2
1952-10-30,2.4,23.85
1952-10-31,1.24,22.27
1952-11-01,6.51,22.63
1952-11-02,17.47,26.31
1952-11-03,0.34,42.87
1952-11-04,0.35,72.97
1952-11-05,2.61,67.9
1952-11-06,21.64,53.98
1952-11-07,8.56,70.42
1952-11-08,3.41,118.58
1952-11-09,6.95,133.37
1952-11-10,8.1,116.18
1952-11-11,2.98,92.01
1952-11-12,1.22,93.22
1952-11-13,0.83,93.19
1952-11-14,0.56,86.16
1952-11-15,0.75,76.96
1952-11-16,0.02,69.68
1952-11-17,0.0,61.53
1952-11-18,0.01,50.92
1952-11-19,5.38,43.1
1952-11-20,0.08,42.04
1952-11-21,0.71,48.87
1952-11-22,0.21,47.46
1952-11-23,2.2,45.55
1952-11-24,0.53,40.79
1952-11-25,0.09,38.22
1952-11-26,0.01,36.84
1952-11-27,8.38,34.73
1952-11-28,9.78,42.23
1952-11-29,0.31,75.1
1952-11-30,0.4,83.36
1952-12-01,0.0,73.35
1952-12-02,2.55,56.56
1952-12-03,2.4,47.0
1952-12-04,0.05,43.57
1952-12-05,1.01,44.47
1952-12-06,0.02,39.12
1952-12-07,0.04,39.26
1952-12-08,0.01,40.06
1952-12-09,0.02,35.21
1952-12-10,0.15,31.14
1952-12-11,2.55,28.45
1952-12-12,3.95,24.63
1952-12-13,10.74,31.27
1952-12-14,0.78,69.4
1952-12-15,1.84,86.66
1952-12-16,4.05,74.24
1952-12-17,1.64,69.34
1952-12-18,0.05,99.91
1952-12-19,3.56,95.82
1952-12-20,12.25,79.83
1952-12-21,4.64,112.62
1952-12-22,2.86,149.78
1952-12-23,0.57,165.9
1952-12-24,6.36,137.74
1952-12-25,1.36,135.76
1952-12-26,0.41,125.15
1952-12-27,0.18,120.57
1952-12-28,0.0,93.24
1952-12-29,0.0,88.49
1952-12-30,0.02,77.24
1952-12-31,0.0,65.63
1953-01-01,0.03,64.6
1953-01-02,0.31,57.79
1953-01-03,0.61,51.92
1953-01-04,0.28,49.02
1953-01-05,0.05,44.14
1953-01-06,0.18,39.43
1953-01-07,4.26,37.0
1953-01-08,0.52,34.88
1953-01-09,1.34,32.7
1953-01-10,0.1,32.26
1953-01-11,0.02,31.57
1953-01-12,0.0,31.31
1953-01-13,0.0,29.02
1953-01-14,0.0,28.26
1953-01-15,3.83,26.97
1953-01-16,2.72,25.4
1953-01-17,0.58,29.87
1953-01-18,1.0,33.64
1953-01-19,3.13,38.04
1953-01-20,0.74,48.26
1953-01-21,0.17,54.88
1953-01-22,2.66,49.19
1953-01-23,0.58,50.92
1953-01-24,0.12,63.02
1953-01-25,3.57,63.95
1953-01-26,0.04,60.28
1953-01-27,5.71,54.44
1953-01-28,0.49,59.89
1953-01-29,0.92,84.22
1953-01-30,1.11,96.38
1953-01-31,17.58,90.38
1953-02-01,2.41,125.69
1953-02-02,1.92,187.48
1953-02-03,0.54,173.4
1953-02-04,4.39,133.35
1953-02-05,1.34,109.78
1953-02-06,0.75,93.97
1953-02-07,0.63,81.77
1953-02-08,4.69,65.53
1953-02-09,4.26,58.97
1953-02-10,2.23,62.27
1953-02-11,0.16,92.28
1953-02-12,1.28,119.36
1953-02-13,0.29,104.6
1953-02-14,0.02,83.34
1953-02-15,0.06,66.92
1953-02-16,0.0,60.68
1953-02-17,6.37,52.09
1953-02-18,1.62,59.1
1953-02-19,1.96,94.57
1953-02-20,0.06,104.87
1953-02-21,3.89,110.75
1953-02-22,0.87,111.62
1953-02-23,0.05,112.57
1953-02-24,0.0,116.29
1953-02-25,0.0,102.33
1953-02-26,0.0,80.69
1953-02-27,0.0,75.96
1953-02-28,0.0,73.71
1953-03-01,0.0,64.45
1953-03-02,0.0,55.82
1953-03-03,0.32,52.51
1953-03-04,0.37,51.46
1953-03-05,0.16,48.92
1953-03-06,0.11,47.24
1953-03-07,0.82,44.63
1953-03-08,0.37,44.43
1953-03-09,0.07,42.56
1953-03-10,3.2,41.74
1953-03-11,3.49,41.02
1953-03-12,0.1,45.25
1953-03-13,0.0,47.11
1953-03-14,0.0,41.7
1953-03-15,0.0,36.5
1953-03-16,0.01,34.39
1953-03-17,0.0,31.81
1953-03-18,0.0,31.25
1953-03-19,0.0,30.06
1953-03-20,0.0,28.22
1953-03-21,0.0,27.11
1953-03-22,0.03,26.05
1953-03-23,0.01,26.41
1953-03-24,0.0,24.67
1953-03-25,0.01,24.63
1953-03-26,1.19,24.77
1953-03-27,0.01,22.98
1953-03-28,2.76,22.8
1953-03-29,0.0,22.67
1953-03-30,6.99,24.31
1953-03-31,1.81,25.69
1953-04-01,0.07,24.32
1953-04-02,0.01,26.2
1953-04-03,10.56,24.08
1953-04-04,10.9,36.34
1953-04-05,2.96,44.12
1953-04-06,2.81,52.86
1953-04-07,2.8,49.46
1953-04-08,2.16,44.77
1953-04-09,0.06,42.88
1953-04-10,0.0,35.21
1953-04-11,0.0,31.3
1953-04-12,0.2,26.62
1953-04-13,0.49,26.31
1953-04-14,1.15,23.82
1953-04-15,4.67,22.98
1953-04-16,0.43,22.98
1953-04-17,0.03,23.46
1953-04-18,0.0,23.34
1953-04-19,0.0,19.77
1953-04-20,0.0,19.42
1953-04-21,0.0,18.56
1953-04-22,0.0,17.58
1953-04-23,0.0,16.94
1953-04-24,0.02,16.17
1953-04-25,0.0,16.18
1953-04-26,0.0,14.75
1953-04-27,11.07,14.81
1953-04-28,0.85,16.62
1953-04-29,1.51,17.08
1953-04-30,0.0,19.45
1953-05-01,0.0,15.58
1953-05-02,0.0,14.06
1953-05-03,0.0,13.44
1953-05-04,0.0,13.58
1953-05-05,0.32,13.96
1953-05-06,0.82,14.0
1953-05-07,0.52,13.82
1953-05-08,0.17,13.88
1953-05-09,6.61,13.96
1953-05-10,0.06,11.69
1953-05-11,1.36,13.57
1953-05-12,0.82,14.84
1953-05-13,0.67,14.75
1953-05-14,1.19,13.44
1953-05-15,0.2,13.91
1953-05-16,1.18,14.0
1953-05-17,0.6,13.79
1953-05-18,0.56,13.64
1953-05-19,6.78,14.15
1953-05-20,0.0,15.14
1953-05-21,9.9,15.08
1953-05-22,1.51,18.62
1953-05-23,0.02,17.26
1953-05-24,0.0,16.62
1953-05-25,0.01,16.78
1953-05-26,1.28,15.92
1953-05-27,0.7,15.95
1953-05-28,0.01,15.92
1953-05-29,5.53,15.54
1953-05-30,13.79,15.73
1953-05-31,9.35,17.56
1953-06-01,5.11,19.62
1953-06-02,2.49,20.05
1953-06-03,0.18,19.65
1953-06-04,0.36,19.32
1953-06-05,0.56,18.72
1953-06-06,0.0,17.52
1953-06-07,1.91,16.49
1953-06-08,0.0,16.94
1953-06-09,3.81,17.29
1953-06-10,2.33,17.67
1953-06-11,0.39,17.48
1953-06-12,0.06,16.97
1953-06-13,8.43,16.49
1953-06-14,2.03,17.22
1953-06-15,3.46,16.81
1953-06-16,0.09,17.83
1953-06-17,2.01,17.7
1953-06-18,6.67,16.25
1953-06-19,0.14,18.34
1953-06-20,0.0,16.97
1953-06-21,0.01,16.27
1953-06-22,10.39,16.36
1953-06-23,14.85,18.91
1953-06-24,9.07,22.19
1953-06-25,13.51,26.94
1953-06-26,4.94,41.94
1953-06-27,1.07,37.63
1953-06-28,0.0,31.3
1953-06-29,0.0,25.55
1953-06-30,0.0,24.85
1953-07-01,6.58,22.05
1953-07-02,6.68,21.56
1953-07-03,5.65,22.68
1953-07-04,0.2,34.35
1953-07-05,0.0,23.96
1953-07-06,1.07,19.26
1953-07-07,2.98,18.72
1953-07-08,1.06,17.83
1953-07-09,0.57,16.11
1953-07-10,3.16,16.65
1953-07-11,0.26,18.13
1953-07-12,2.57,17.42
1953-07-13,5.9,17.48
1953-07-14,5.62,19.13
1953-07-15,4.6,21.04
1953-07-16,1.3,21.52
1953-07-17,1.15,20.43
1953-07-18,3.69,20.56
1953-07-19,1.74,20.22
1953-07-20,0.82,20.15
1953-07-21,0.01,20.02
1953-07-22,1.3,19.19
1953-07-23,2.76,18.82
1953-07-24,0.05,18.33
1953-07-25,5.67,16.81
1953-07-26,0.33,17.0
1953-07-27,10.86,17.78
1953-07-28,0.73,19.76
1953-07-29,0.42,19.55
1953-07-30,3.09,18.62
1953-07-31,21.52,18.91
1953-08-01,1.2,23.42
1953-08-02,0.33,22.11
1953-08-03,0.77,21.87
1953-08-04,0.34,23.09
1953-08-05,0.13,19.74
1953-08-06,0.18,19.29
1953-08-07,0.24,19.05
1953-08-08,0.0,18.55
1953-08-09,0.0,18.06
1953-08-10,0.0,17.83
1953-08-11,0.0,18.06
1953-08-12,0.0,18.45
1953-08-13,1.59,18.22
1953-08-14,0.04,17.74
1953-08-15,0.44,18.45
1953-08-16,0.79,18.56
1953-08-17,0.01,17.32
1953-08-18,2.54,17.9
1953-08-19,0.0,19.39
1953-08-20,5.78,19.69
1953-08-21,6.99,20.12
1953-08-22,2.57,20.29
1953-08-23,3.19,19.62
1953-08-24,8.8,19.12
1953-08-25,3.03,19.92
1953-08-26,1.61,18.26
1953-08-27,0.59,18.42
1953-08-28,0.16,22.48
1953-08-29,10.76,17.69
1953-08-30,0.68,17.9
1953-08-31,0.01,17.1
1953-09-01,0.02,16.55
1953-09-02,1.22,16.49
1953-09-03,0.24,16.49
1953-09-04,0.0,16.46
1953-09-05,0.0,16.26
1953-09-06,0.0,16.17
1953-09-07,0.0,15.88
1953-09-08,0.0,16.46
1953-09-09,1.7,17.06
1953-09-10,4.5,18.06
1953-09-11,2.21,19.02
1953-09-12,1.01,18.12
1953-09-13,0.24,17.51
1953-09-14,0.0,17.13
1953-09-15,0.0,17.45
1953-09-16,0.09,17.45
1953-09-17,9.28,17.13
1953-09-18,3.67,17.61
1953-09-19,9.1,18.62
1953-09-20,1.26,18.45
1953-09-21,1.24,17.84
1953-09-22,0.19,18.89
1953-09-23,1.23,19.08
1953-09-24,0.0,19.08
1953-09-25,0.0,19.08
1953-09-26,0.04,18.89
1953-09-27,0.26,17.8
1953-09-28,2.53,18.16
1953-09-29,0.0,17.99
1953-09-30,0.02,17.64
1953-10-01,0.0,17.89
1953-10-02,0.0,17.7
1953-10-03,0.35,18.42
1953-10-04,0.72,18.48
1953-10-05,0.19,17.96
1953-10-06,2.22,17.25
1953-10-07,2.12,17.89
1953-10-08,0.0,18.02
1953-10-09,0.01,18.02
1953-10-10,0.0,17.99
1953-10-11,0.0,17.64
1953-10-12,0.0,16.81
1953-10-13,0.22,17.33
1953-10-14,0.98,16.57
1953-10-15,0.4,16.72
1953-10-16,1.88,16.74
1953-10-17,6.39,16.77
1953-10-18,0.02,16.9
1953-10-19,0.03,16.55
1953-10-20,0.01,16.58
1953-10-21,0.0,16.94
1953-10-22,0.0,15.7
1953-10-23,0.09,15.48
1953-10-24,0.0,15.48
1953-10-25,0.01,15.57
1953-10-26,0.12,16.27
1953-10-27,0.03,16.84
1953-10-28,1.06,15.3
1953-10-29,4.88,15.29
1953-10-30,6.53,16.2
1953-10-31,0.18,18.04
1953-11-01,0.23,16.97
1953-11-02,0.04,15.67
1953-11-03,0.0,16.81
1953-11-04,0.16,17.13
1953-11-05,0.57,16.58
1953-11-06,0.1,16.46
1953-11-07,0.23,16.17
1953-11-08,0.27,15.33
1953-11-09,0.17,13.76
1953-11-10,0.11,13.4
1953-11-11,0.01,13.82
1953-11-12,0.02,14.23
1953-11-13,2.56,13.18
1953-11-14,1.21,12.66
1953-11-15,0.92,13.7
1953-11-16,0.0,14.23
1953-11-17,0.0,13.44
1953-11-18,0.0,14.14
1953-11-19,0.0,13.23
1953-11-20,0.0,12.74
1953-11-21,0.0,11.99
1953-11-22,0.0,12.54
1953-11-23,0.0,12.8
1953-11-24,0.0,12.63
1953-11-25,0.01,12.4
1953-11-26,0.19,12.2
1953-11-27,0.01,12.35
1953-11-28,0.0,13.2
1953-11-29,0.0,12.52
1953-11-30,0.28,13.15
1953-12-01,0.02,12.1
1953-12-02,0.01,12.49
1953-12-03,0.26,11.33
1953-12-04,0.07,11.38
1953-12-05,0.0,12.15
1953-12-06,0.0,12.63
1953-12-07,0.0,11.93
1953-12-08,0.0,12.09
1953-12-09,4.53,11.93
1953-12-10,1.39,11.62
1953-12-11,0.01,11.98
1953-12-12,0.0,12.43
1953-12-13,0.01,11.84
1953-12-14,0.0,11.82
1953-12-15,0.13,12.29
1953-12-16,0.01,12.2
1953-12-17,0.09,12.2
1953-12-18,0.12,12.34
1953-12-19,9.57,12.2
1953-12-20,1.14,12.26
1953-12-21,0.34,12.89
1953-12-22,1.73,13.47
1953-12-23,1.45,12.61
1953-12-24,0.89,13.73
1953-12-25,5.28,13.66
1953-12-26,4.58,13.99
1953-12-27,2.68,14.17
1953-12-28,5.7,14.31
1953-12-29,0.66,16.98
1953-12-30,0.06,16.84
1953-12-31,0.87,15.39
1954-01-01,0.5,14.59
1954-01-02,2.62,13.21
1954-01-03,3.44,12.63
1954-01-04,0.57,13.4
1954-01-05,0.01,13.49
1954-01-06,0.01,13.03
1954-01-07,0.16,12.35
1954-01-08,0.47,12.51
1954-01-09,9.69,12.4
1954-01-10,8.77,14.44
1954-01-11,7.63,22.17
1954-01-12,1.4,30.85
1954-01-13,4.54,37.38
1954-01-14,2.62,47.98
1954-01-15,1.16,47.26
1954-01-16,0.34,37.85
1954-01-17,5.58,37.37
1954-01-18,0.19,42.66
1954-01-19,5.02,36.9
1954-01-20,14.81,33.22
1954-01-21,0.05,31.0
1954-01-22,0.01,72.48
1954-01-23,0.0,70.4
1954-01-24,0.0,51.27
1954-01-25,0.0,42.9
1954-01-26,0.0,32.4
1954-01-27,0.0,25.56
1954-01-28,0.0,22.67
1954-01-29,0.0,24.53
1954-01-30,0.0,21.91
1954-01-31,0.0,19.23
1954-02-01,0.0,18.41
1954-02-02,0.0,21.73
1954-02-03,0.0,17.83
1954-02-04,0.0,16.23
1954-02-05,0.0,16.65
1954-02-06,0.0,16.55
1954-02-07,2.06,15.51
1954-02-08,4.9,15.79
1954-02-09,0.14,15.29
1954-02-10,4.0,15.05
1954-02-11,0.92,15.29
1954-02-12,0.14,15.79
1954-02-13,0.02,15.54
1954-02-14,0.0,16.97
1954-02-15,0.01,17.94
1954-02-16,0.02,15.49
1954-02-17,0.0,14.14
1954-02-18,0.6,13.81
1954-02-19,0.15,13.81
1954-02-20,0.0,13.88
1954-02-21,0.0,13.17
1954-02-22,0.03,12.88
1954-02-23,0.0,12.91
1954-02-24,0.08,13.29
1954-02-25,7.31,14.76
1954-02-26,1.28,22.98
1954-02-27,8.66,28.03
1954-02-28,8.07,25.86
1954-03-01,0.88,35.57
1954-03-02,7.28,41.03
1954-03-03,1.45,46.2
1954-03-04,1.63,61.58
1954-03-05,1.91,74.01
1954-03-06,0.67,62.24
1954-03-07,0.05,50.76
1954-03-08,0.0,45.89
1954-03-09,0.0,42.95
1954-03-10,0.0,35.69
1954-03-11,0.0,28.79
1954-03-12,0.0,26.09
1954-03-13,0.0,23.01
1954-03-14,0.0,20.69
1954-03-15,0.0,19.97
1954-03-16,0.01,18.77
1954-03-17,0.01,18.77
1954-03-18,0.05,17.69
1954-03-19,0.16,16.76
1954-03-20,0.01,16.67
1954-03-21,0.0,16.03
1954-03-22,0.0,16.24
1954-03-23,0.0,14.04
1954-03-24,0.64,14.12
1954-03-25,3.04,14.0
1954-03-26,6.04,14.41
1954-03-27,0.0,17.05
1954-03-28,1.08,16.88
1954-03-29,0.89,16.69
1954-03-30,2.68,17.57
1954-03-31,3.42,18.79
1954-04-01,5.74,20.35
1954-04-02,6.22,29.84
1954-04-03,2.05,32.3
1954-04-04,3.54,38.32
1954-04-05,0.11,42.67
1954-04-06,0.01,40.13
1954-04-07,0.0,30.45
1954-04-08,0.0,26.18
1954-04-09,0.0,22.31
1954-04-10,0.0,19.53
1954-04-11,0.0,17.92
1954-04-12,0.58,17.77
1954-04-13,0.04,15.16
1954-04-14,4.65,15.12
1954-04-15,2.43,14.52
1954-04-16,0.51,13.82
1954-04-17,0.32,14.49
1954-04-18,1.81,15.32
1954-04-19,0.74,15.56
1954-04-20,0.7,15.38
1954-04-21,0.0,14.95
1954-04-22,0.0,12.63
1954-04-23,0.0,11.83
1954-04-24,0.0,11.15
1954-04-25,0.0,10.52
1954-04-26,0.0,11.61
1954-04-27,0.0,10.84
1954-04-28,0.0,10.36
1954-04-29,0.0,9.46
1954-04-30,0.0,9.43
1954-05-01,0.1,9.51
1954-05-02,2.51,10.05
1954-05-03,0.28,10.78
1954-05-04,1.94,10.5
1954-05-05,0.14,10.73
1954-05-06,0.5,10.08
1954-05-07,0.0,10.15
1954-05-08,0.0,9.74
1954-05-09,0.0,9.55
1954-05-10,0.0,9.16
1954-05-11,0.0,10.12
1954-05-12,0.0,9.87
1954-05-13,0.0,9.99
1954-05-14,0.0,10.44
1954-05-15,0.0,10.29
1954-05-16,0.0,9.92
1954-05-17,0.0,10.51
1954-05-18,0.01,11.22
1954-05-19,10.03,12.36
1954-05-20,16.48,13.66
1954-05-21,0.59,16.63
1954-05-22,0.74,16.52
1954-05-23,0.98,16.02
1954-05-24,0.01,15.67
1954-05-25,0.0,15.59
1954-05-26,0.0,13.45
1954-05-27,0.0,13.25
1954-05-28,0.06,13.3
1954-05-29,23.49,13.76
1954-05-30,2.54,16.1
1954-05-31,1.64,
1954-06-01,7.17,17.32
1954-06-02,2.7,17.94
1954-06-03,0.91,19.95
1954-06-04,0.08,18.4
1954-06-05,0.33,16.8
1954-06-06,6.27,16.32
1954-06-07,0.02,16.34
1954-06-08,0.75,16.33
1954-06-09,1.94,15.97
1954-06-10,0.5,16.32
1954-06-11,2.77,15.77
1954-06-12,4.19,16.28
1954-06-13,3.95,15.97
1954-06-14,0.6,17.11
1954-06-15,0.0,15.99
1954-06-16,0.58,15.36
1954-06-17,0.11,15.35
1954-06-18,0.0,15.48
1954-06-19,0.0,15.39
1954-06-20,3.39,15.98
1954-06-21,1.33,16.55
1954-06-22,0.0,18.56
1954-06-23,0.0,17.39
1954-06-24,0.01,16.84
1954-06-25,5.13,16.08
1954-06-26,4.99,16.78
1954-06-27,0.98,17.47
1954-06-28,1.94,17.05
1954-06-29,0.14,15.71
1954-06-30,0.59,15.53
1954-07-01,1.0,16.07
1954-07-02,1.56,15.7
1954-07-03,0.43,15.8
1954-07-04,2.51,15.24
1954-07-05,5.68,15.26
1954-07-06,2.94,16.82
1954-07-07,0.43,17.38
1954-07-08,0.0,16.82
1954-07-09,0.01,16.96
1954-07-10,3.02,15.86
1954-07-11,9.02,15.76
1954-07-12,14.62,15.88
1954-07-13,5.05,16.26
1954-07-14,8.83,18.36
1954-07-15,5.02,20.92
1954-07-16,3.56,19.72
1954-07-17,22.77,20.42
1954-07-18,17.84,26.0
1954-07-19,3.57,31.46
1954-07-20,0.04,36.45
1954-07-21,0.68,44.42
1954-07-22,0.01,30.45
1954-07-23,0.8,26.17
1954-07-24,4.44,28.08
1954-07-25,25.39,28.0
1954-07-26,7.53,44.51
1954-07-27,3.33,76.58
1954-07-28,9.82,86.85
1954-07-29,6.99,81.03
1954-07-30,4.58,75.49
1954-07-31,0.2,69.71
1954-08-01,0.0,62.75
1954-08-02,0.0,54.75
1954-08-03,0.07,42.62
1954-08-04,0.1,36.06
1954-08-05,4.33,29.34
1954-08-06,9.44,34.03
1954-08-07,3.47,37.91
1954-08-08,3.16,35.42
1954-08-09,1.31,34.33
1954-08-10,3.12,31.18
1954-08-11,1.46,27.96
1954-08-12,2.43,24.25
1954-08-13,1.32,23.16
1954-08-14,21.01,20.05
1954-08-15,17.29,61.25
1954-08-16,4.96,150.06
1954-08-17,0.9,175.44
1954-08-18,1.17,133.92
1954-08-19,0.58,84.18
1954-08-20,1.29,57.83
1954-08-21,9.91,47.48
1954-08-22,17.07,72.49
1954-08-23,4.25,113.72
1954-08-24,0.85,116.64
1954-08-25,4.21,109.94
1954-08-26,0.18,87.69
1954-08-27,0.66,79.46
1954-08-28,11.87,58.15
1954-08-29,0.02,90.41
1954-08-30,0.01,89.22
1954-08-31,0.05,63.12
1954-09-01,0.0,47.97
1954-09-02,0.0,41.26
1954-09-03,0.0,36.68
1954-09-04,0.01,31.43
1954-09-05,2.52,27.32
1954-09-06,2.72,26.5
1954-09-07,4.76,27.93
1954-09-08,1.45,32.08
1954-09-09,2.1,30.11
1954-09-10,0.46,28.44
1954-09-11,3.73,25.83
1954-09-12,4.51,24.68
1954-09-13,0.1,23.82
1954-09-14,0.1,24.72
1954-09-15,0.42,22.74
1954-09-16,9.96,21.51
1954-09-17,0.68,22.6
1954-09-18,2.55,23.68
1954-09-19,7.79,24.02
1954-09-20,0.52,23.26
1954-09-21,2.11,24.41
1954-09-22,4.2,25.43
1954-09-23,0.23,25.93
1954-09-24,2.28,23.46
1954-09-25,2.38,22.86
1954-09-26,12.4,23.38
1954-09-27,1.16,30.8
1954-09-28,2.45,36.44
1954-09-29,5.79,37.71
1954-09-30,13.93,41.76
1954-10-01,7.66,57.16
1954-10-02,0.38,73.86
1954-10-03,0.0,82.03
1954-10-04,0.34,79.21
1954-10-05,13.23,67.72
1954-10-06,16.11,60.73
1954-10-07,0.61,90.66
1954-10-08,1.01,119.46
1954-10-09,0.01,113.02
1954-10-10,2.15,102.41
1954-10-11,0.75,94.6
1954-10-12,0.06,77.94
1954-10-13,0.04,66.36
1954-10-14,0.0,58.45
1954-10-15,0.0,49.72
1954-10-16,0.39,45.98
1954-10-17,0.11,41.51
1954-10-18,2.61,38.15
1954-10-19,13.58,38.82
1954-10-20,0.02,52.64
1954-10-21,2.54,62.77
1954-10-22,7.69,51.05
1954-10-23,0.02,49.7
1954-10-24,8.46,58.92
1954-10-25,1.54,66.86
1954-10-26,0.03,71.66
1954-10-27,12.84,63.02
1954-10-28,0.06,84.07
1954-10-29,5.48,97.39
1954-10-30,2.61,93.2
1954-10-31,0.0,97.72
1954-11-01,0.0,86.42
1954-11-02,0.04,69.4
1954-11-03,4.53,55.76
1954-11-04,0.0,57.55
1954-11-05,0.0,57.24
1954-11-06,5.97,51.88
1954-11-07,10.65,51.73
1954-11-08,0.18,87.62
1954-11-09,0.73,107.82
1954-11-10,0.73,89.65
1954-11-11,0.22,70.02
1954-11-12,2.78,59.76
1954-11-13,4.05,54.78
1954-11-14,1.64,53.99
1954-11-15,1.06,57.08
1954-11-16,1.64,56.62
1954-11-17,2.71,51.36
1954-11-18,1.8,50.21
1954-11-19,0.2,49.6
1954-11-20,0.01,53.72
1954-11-21,0.01,51.15
1954-11-22,0.0,46.8
1954-11-23,0.32,43.01
1954-11-24,0.23,42.53
1954-11-25,1.6,40.46
1954-11-26,1.89,38.91
1954-11-27,0.4,38.45
1954-11-28,2.56,38.41
1954-11-29,0.48,41.01
1954-11-30,1.25,41.36
1954-12-01,0.07,34.04
1954-12-02,0.07,29.96
1954-12-03,0.24,31.49
1954-12-04,5.33,31.59
1954-12-05,5.09,31.73
1954-12-06,1.08,41.81
1954-12-07,0.17,48.49
1954-12-08,1.77,42.99
1954-12-09,0.78,40.89
1954-12-10,0.08,41.02
1954-12-11,0.81,35.88
1954-12-12,0.47,31.86
1954-12-13,0.66,30.79
1954-12-14,0.35,30.12
1954-12-15,1.09,28.21
1954-12-16,0.03,28.0
1954-12-17,1.23,27.11
1954-12-18,0.14,29.16
1954-12-19,1.73,30.38
1954-12-20,3.92,30.65
1954-12-21,9.61,31.26
1954-12-22,13.68,52.98
1954-12-23,9.76,95.6
1954-12-24,4.18,155.26
1954-12-25,14.24,175.89
1954-12-26,6.84,166.87
1954-12-27,5.14,183.68
1954-12-28,0.47,182.86
1954-12-29,0.45,167.78
1954-12-30,0.0,161.48
1954-12-31,0.0,148.75
1955-01-01,0.48,128.07
1955-01-02,0.39,108.6
1955-01-03,0.0,93.53
1955-01-04,0.0,75.86
1955-01-05,0.0,63.1
1955-01-06,0.0,55.08
1955-01-07,0.0,49.29
1955-01-08,0.0,45.29
1955-01-09,0.0,40.19
1955-01-10,8.86,40.36
1955-01-11,12.56,54.72
1955-01-12,0.01,108.56
1955-01-13,8.95,92.35
1955-01-14,4.78,70.85
1955-01-15,1.7,61.83
1955-01-16,9.41,69.56
1955-01-17,2.65,167.31
1955-01-18,3.43,183.25
1955-01-19,0.0,140.9
1955-01-20,0.0,116.38
1955-01-21,0.23,96.63
1955-01-22,1.65,80.93
1955-01-23,0.03,93.52
1955-01-24,0.0,96.32
1955-01-25,0.0,86.41
1955-01-26,0.0,78.37
1955-01-27,0.0,69.92
1955-01-28,0.0,64.11
1955-01-29,0.0,66.55
1955-01-30,0.14,76.84
1955-01-31,0.03,81.74
1955-02-01,0.0,86.89
1955-02-02,0.65,81.11
1955-02-03,1.46,76.83
1955-02-04,8.9,73.59
1955-02-05,2.84,82.97
1955-02-06,1.95,111.22
1955-02-07,3.1,101.2
1955-02-08,8.27,89.62
1955-02-09,2.93,106.14
1955-02-10,2.88,113.14
1955-02-11,1.55,108.83
1955-02-12,3.13,97.51
1955-02-13,0.41,90.82
1955-02-14,5.42,82.21
1955-02-15,0.01,70.98
1955-02-16,1.93,64.96
1955-02-17,0.14,60.52
1955-02-18,0.01,55.64
1955-02-19,2.58,54.74
1955-02-20,2.58,50.62
1955-02-21,0.01,43.57
1955-02-22,0.0,41.02
1955-02-23,0.0,40.32
1955-02-24,0.03,38.35
1955-02-25,0.01,35.08
1955-02-26,0.0,32.82
1955-02-27,0.0,34.49
1955-02-28,0.0,36.42
1955-03-01,0.0,32.17
1955-03-02,0.0,34.47
1955-03-03,0.0,32.09
1955-03-04,0.82,32.74
1955-03-05,5.65,28.57
1955-03-06,1.91,35.8
1955-03-07,0.6,41.03
1955-03-08,0.09,36.83
1955-03-09,0.07,34.32
1955-03-10,0.0,31.71
1955-03-11,0.0,28.68
1955-03-12,0.01,27.66
1955-03-13,0.03,26.22
1955-03-14,0.26,25.29
1955-03-15,0.53,27.41
1955-03-16,7.97,34.29
1955-03-17,2.84,52.43
1955-03-18,6.1,67.23
1955-03-19,5.67,65.62
1955-03-20,0.04,60.5
1955-03-21,1.93,58.1
1955-03-22,1.22,53.43
1955-03-23,1.01,79.56
1955-03-24,2.81,117.7
1955-03-25,1.32,129.54
1955-03-26,2.37,118.26
1955-03-27,0.75,107.69
1955-03-28,0.0,106.86
1955-03-29,2.03,107.4
1955-03-30,0.0,107.95
1955-03-31,0.88,108.5
1955-04-01,0.05,109.05
1955-04-02,0.0,109.59
1955-04-03,1.43,110.14
1955-04-04,4.86,110.69
1955-04-05,2.15,111.24
1955-04-06,0.12,111.78
1955-04-07,5.15,112.33
1955-04-08,14.38,112.88
1955-04-09,1.79,113.43
1955-04-10,6.27,113.97
1955-04-11,3.03,117.22
1955-04-12,2.24,120.64
1955-04-13,0.53,109.83
1955-04-14,1.16,107.11
1955-04-15,1.35,105.36
1955-04-16,0.03,103.6
1955-04-17,0.0,101.84
1955-04-18,0.0,100.08
1955-04-19,0.0,98.32
1955-04-20,0.06,96.56
1955-04-21,0.12,94.8
1955-04-22,0.0,93.04
1955-04-23,6.26,91.29
1955-04-24,0.55,89.53
1955-04-25,0.0,87.77
1955-04-26,0.0,86.01
1955-04-27,0.0,84.25
1955-04-28,0.0,82.49
1955-04-29,0.1,80.73
1955-04-30,6.69,78.98
1955-05-01,2.92,77.22
1955-05-02,1.54,75.46
1955-05-03,1.01,73.7
1955-05-04,4.8,71.94
1955-05-05,6.09,70.18
1955-05-06,7.01,68.42
1955-05-07,2.71,66.67
1955-05-08,0.0,64.91
1955-05-09,0.47,63.15
1955-05-10,7.94,61.39
1955-05-11,0.19,59.63
1955-05-12,0.01,57.87
1955-05-13,5.06,56.11
1955-05-14,6.24,54.36
1955-05-15,2.12,52.6
1955-05-16,4.83,50.84
1955-05-17,0.55,49.08
1955-05-18,0.61,47.32
1955-05-19,5.38,45.56
1955-05-20,2.15,43.8
1955-05-21,0.79,42.04
1955-05-22,0.99,40.29
1955-05-23,1.84,38.53
1955-05-24,0.07,36.77
1955-05-25,0.0,35.01
1955-05-26,0.0,33.25
1955-05-27,12.34,31.49
1955-05-28,0.2,29.73
1955-05-29,0.0,27.98
1955-05-30,0.0,26.22
1955-05-31,0.01,24.46
1955-06-01,0.04,22.7
1955-06-02,0.0,20.94
1955-06-03,0.0,19.18
1955-06-04,0.47,17.42
1955-06-05,0.05,15.66
1955-06-06,0.0,14.36
1955-06-07,13.82,14.22
1955-06-08,6.04,17.49
1955-06-09,18.35,22.88
1955-06-10,2.5,26.04
1955-06-11,1.42,34.85
1955-06-12,6.74,36.51
1955-06-13,8.09,32.69
1955-06-14,2.87,38.35
1955-06-15,0.95,44.4
1955-06-16,0.0,42.47
1955-06-17,0.0,36.0
1955-06-18,0.0,28.76
1955-06-19,3.81,25.72
1955-06-20,0.0,26.18
1955-06-21,0.12,24.78
1955-06-22,0.0,20.88
1955-06-23,0.0,19.46
1955-06-24,0.0,18.58
1955-06-25,5.77,17.11
1955-06-26,0.2,16.73
1955-06-27,0.0,21.58
1955-06-28,0.25,18.03
1955-06-29,6.16,16.76
1955-06-30,2.21,16.38
1955-07-01,0.27,16.65
1955-07-02,0.1,16.33
1955-07-03,0.23,15.7
1955-07-04,5.42,14.89
1955-07-05,6.23,15.22
1955-07-06,1.56,14.2
1955-07-07,1.11,15.64
1955-07-08,0.02,17.02
1955-07-09,0.0,13.94
1955-07-10,0.37,12.45
1955-07-11,2.43,12.58
1955-07-12,2.41,13.67
1955-07-13,7.98,15.58
1955-07-14,2.14,19.45
1955-07-15,1.34,16.44
1955-07-16,0.0,16.2
1955-07-17,0.0,14.82
1955-07-18,11.97,13.78
1955-07-19,0.33,18.12
1955-07-20,0.0,15.2
1955-07-21,0.05,13.08
1955-07-22,0.23,12.4
1955-07-23,0.08,12.48
1955-07-24,0.48,12.2
1955-07-25,2.83,12.96
1955-07-26,0.0,12.82
1955-07-27,1.47,13.39
1955-07-28,5.23,13.42
1955-07-29,2.75,13.72
1955-07-30,0.1,13.24
1955-07-31,0.2,12.52
1955-08-01,9.31,13.44
1955-08-02,4.36,13.29
1955-08-03,8.63,14.44
1955-08-04,0.12,27.26
1955-08-05,0.0,22.46
1955-08-06,2.19,19.1
1955-08-07,13.41,15.39
1955-08-08,16.43,18.14
1955-08-09,0.11,24.4
1955-08-10,0.18,30.44
1955-08-11,0.0,30.0
1955-08-12,8.39,23.24
1955-08-13,0.34,21.89
1955-08-14,1.95,21.92
1955-08-15,0.4,20.87
1955-08-16,0.0,22.47
1955-08-17,0.0,20.64
1955-08-18,2.25,18.52
1955-08-19,5.34,17.74
1955-08-20,0.0,18.38
1955-08-21,0.0,17.27
1955-08-22,0.0,15.74
1955-08-23,0.0,15.67
1955-08-24,0.0,14.32
1955-08-25,3.57,14.57
1955-08-26,0.0,13.39
1955-08-27,10.71,13.96
1955-08-28,6.65,14.41
1955-08-29,5.18,19.5
1955-08-30,0.1,24.22
1955-08-31,0.56,26.85
1955-09-01,0.82,24.19
1955-09-02,0.02,21.32
1955-09-03,0.56,18.42
1955-09-04,0.0,16.79
1955-09-05,13.06,16.45
1955-09-06,5.47,17.68
1955-09-07,2.07,18.47
1955-09-08,2.62,18.82
1955-09-09,3.13,16.3
1955-09-10,0.05,16.08
1955-09-11,0.0,15.35
1955-09-12,5.91,14.48
1955-09-13,2.64,14.52
1955-09-14,12.02,14.65
1955-09-15,11.31,18.58
1955-09-16,5.12,20.19
1955-09-17,3.03,34.52
1955-09-18,0.11,32.54
1955-09-19,0.0,28.13
1955-09-20,0.0,26.06
1955-09-21,0.0,23.12
1955-09-22,0.0,21.47
1955-09-23,0.0,19.43
1955-09-24,0.0,17.56
1955-09-25,2.91,16.24
1955-09-26,0.51,16.92
1955-09-27,3.13,17.55
1955-09-28,2.87,17.58
1955-09-29,0.27,20.34
1955-09-30,0.81,13.76
1955-10-01,0.0,14.32
1955-10-02,0.0,14.4
1955-10-03,0.0,13.97
1955-10-04,0.18,14.25
1955-10-05,4.58,14.85
1955-10-06,6.89,14.74
1955-10-07,3.29,18.77
1955-10-08,0.0,20.01
1955-10-09,0.0,17.43
1955-10-10,0.0,17.09
1955-10-11,0.0,15.57
1955-10-12,0.0,14.85
1955-10-13,0.05,14.23
1955-10-14,0.0,14.38
1955-10-15,7.94,14.2
1955-10-16,1.07,14.79
1955-10-17,2.7,14.48
1955-10-18,0.14,15.29
1955-10-19,0.01,15.22
1955-10-20,0.87,15.2
1955-10-21,0.52,15.08
1955-10-22,1.22,14.83
1955-10-23,0.14,13.89
1955-10-24,0.79,14.78
1955-10-25,1.84,16.9
1955-10-26,13.86,17.48
1955-10-27,4.6,20.92
1955-10-28,3.15,22.91
1955-10-29,0.37,28.73
1955-10-30,1.44,26.73
1955-10-31,0.0,25.55
1955-11-01,0.0,22.78
1955-11-02,0.0,20.85
1955-11-03,0.14,19.86
1955-11-04,3.0,18.93
1955-11-05,0.71,18.92
1955-11-06,0.09,18.78
1955-11-07,0.0,18.91
1955-11-08,1.15,18.3
1955-11-09,2.11,17.72
1955-11-10,0.05,18.43
1955-11-11,0.0,17.23
1955-11-12,0.02,16.76
1955-11-13,0.02,15.97
1955-11-14,1.21,15.24
1955-11-15,0.51,16.0
1955-11-16,0.82,15.58
1955-11-17,0.01,15.19
1955-11-18,1.83,15.39
1955-11-19,0.7,14.66
1955-11-20,2.92,13.04
1955-11-21,0.85,13.69
1955-11-22,0.41,14.29
1955-11-23,3.13,13.9
1955-11-24,2.62,14.77
1955-11-25,0.74,16.85
1955-11-26,1.4,18.2
1955-11-27,0.07,18.8
1955-11-28,0.02,17.65
1955-11-29,0.0,18.16
1955-11-30,0.0,17.04
1955-12-01,0.88,15.73
1955-12-02,0.01,14.89
1955-12-03,5.77,14.55
1955-12-04,0.2,18.02
1955-12-05,0.12,19.47
1955-12-06,0.18,19.21
1955-12-07,2.48,19.52
1955-12-08,0.0,20.69
1955-12-09,12.2,19.87
1955-12-10,13.53,28.76
1955-12-11,0.07,68.39
1955-12-12,0.0,85.4
1955-12-13,0.01,65.2
1955-12-14,5.86,51.88
1955-12-15,5.8,51.64
1955-12-16,8.75,67.22
1955-12-17,8.96,89.76
1955-12-18,0.54,120.31
1955-12-19,0.32,119.72
1955-12-20,0.01,102.2
1955-12-21,0.26,82.48
1955-12-22,0.06,67.37
1955-12-23,2.23,59.46
1955-12-24,0.4,59.74
1955-12-25,1.64,71.4
1955-12-26,6.7,68.59
1955-12-27,7.53,68.0
1955-12-28,7.03,78.49
1955-12-29,3.65,105.67
1955-12-30,0.08,120.2
1955-12-31,2.85,110.42
1956-01-01,8.82,102.85
1956-01-02,0.99,111.54
1956-01-03,0.0,110.6
1956-01-04,0.0,95.15
1956-01-05,0.16,77.86
1956-01-06,0.02,68.77
1956-01-07,0.0,65.4
1956-01-08,0.54,63.26
1956-01-09,0.61,60.55
1956-01-10,0.24,52.97
1956-01-11,3.52,47.7
1956-01-12,1.17,48.79
1956-01-13,0.01,55.56
1956-01-14,0.61,53.88
1956-01-15,1.98,48.12
1956-01-16,0.01,48.14
1956-01-17,0.01,44.62
1956-01-18,2.12,41.87
1956-01-19,2.61,40.23
1956-01-20,5.77,39.62
1956-01-21,5.25,48.03
1956-01-22,6.11,62.88
1956-01-23,9.09,87.6
1956-01-24,2.69,127.4
1956-01-25,1.94,133.93
1956-01-26,15.67,108.21
1956-01-27,0.66,109.09
1956-01-28,0.0,163.2
1956-01-29,0.21,138.74
1956-01-30,0.26,111.0
1956-01-31,0.0,83.83
1956-02-01,0.0,61.76
1956-02-02,0.04,51.43
1956-02-03,0.37,49.04
1956-02-04,0.02,42.88
1956-02-05,0.0,43.42
1956-02-06,0.04,38.67
1956-02-07,0.01,36.33
1956-02-08,4.06,35.01
1956-02-09,0.04,33.18
1956-02-10,0.06,30.76
1956-02-11,0.01,27.42
1956-02-12,0.32,28.37
1956-02-13,1.72,29.91
1956-02-14,6.94,26.55
1956-02-15,0.25,28.3
1956-02-16,0.0,25.19
1956-02-17,1.28,25.11
1956-02-18,0.23,27.13
1956-02-19,2.22,23.58
1956-02-20,0.13,24.03
1956-02-21,0.0,23.24
1956-02-22,0.01,22.14
1956-02-23,0.03,21.97
1956-02-24,0.02,21.24
1956-02-25,0.0,21.09
1956-02-26,0.0,20.05
1956-02-27,0.09,19.98
1956-02-28,2.35,20.83
1956-02-29,4.5,24.9
1956-03-01,8.1,73.07
1956-03-02,5.85,121.48
1956-03-03,14.61,148.02
1956-03-04,11.28,150.12
1956-03-05,2.08,214.89
1956-03-06,6.94,205.77
1956-03-07,0.09,192.34
1956-03-08,0.01,182.66
1956-03-09,0.0,136.85
1956-03-10,0.0,109.6
1956-03-11,0.0,92.72
1956-03-12,0.0,78.44
1956-03-13,0.16,65.72
1956-03-14,0.3,61.02
1956-03-15,0.0,57.76
1956-03-16,0.0,54.35
1956-03-17,0.0,51.98
1956-03-18,0.0,48.37
1956-03-19,0.39,47.62
1956-03-20,0.0,48.74
1956-03-21,0.0,49.35
1956-03-22,0.0,46.17
1956-03-23,0.87,42.79
1956-03-24,0.0,37.03
1956-03-25,0.0,36.34
1956-03-26,0.0,34.25
1956-03-27,0.0,33.5
1956-03-28,0.0,30.02
1956-03-29,0.0,27.68
1956-03-30,0.19,28.61
1956-03-31,0.06,23.52
1956-04-01,0.15,25.64
1956-04-02,0.0,25.89
1956-04-03,1.78,25.1
1956-04-04,0.94,25.45
1956-04-05,2.52,23.82
1956-04-06,0.83,24.39
1956-04-07,0.15,23.8
1956-04-08,1.38,23.07
1956-04-09,0.0,22.84
1956-04-10,8.16,23.04
1956-04-11,0.13,23.73
1956-04-12,5.3,24.91
1956-04-13,12.43,27.89
1956-04-14,8.32,48.58
1956-04-15,3.8,79.43
1956-04-16,1.33,91.72
1956-04-17,2.0,84.29
1956-04-18,0.19,66.09
1956-04-19,0.66,60.26
1956-04-20,0.01,48.96
1956-04-21,0.0,45.13
1956-04-22,0.0,41.96
1956-04-23,0.0,39.61
1956-04-24,0.01,35.03
1956-04-25,0.02,32.61
1956-04-26,1.19,29.37
1956-04-27,0.29,28.98
1956-04-28,0.0,29.16
1956-04-29,0.32,26.15
1956-04-30,2.05,24.21
1956-05-01,1.03,25.04
1956-05-02,0.0,24.33
1956-05-03,0.0,23.88
1956-05-04,0.0,21.04
1956-05-05,0.0,19.33
1956-05-06,0.0,18.17
1956-05-07,0.0,17.27
1956-05-08,0.0,17.12
1956-05-09,4.42,16.71
1956-05-10,3.15,15.15
1956-05-11,3.74,16.44
1956-05-12,1.35,19.29
1956-05-13,0.06,18.24
1956-05-14,0.6,16.76
1956-05-15,0.0,16.49
1956-05-16,2.54,15.89
1956-05-17,0.95,15.47
1956-05-18,1.98,14.96
1956-05-19,1.28,14.25
1956-05-20,0.02,15.16
1956-05-21,0.0,13.33
1956-05-22,0.0,13.79
1956-05-23,0.05,14.11
1956-05-24,1.28,13.71
1956-05-25,0.19,13.41
1956-05-26,0.0,12.74
1956-05-27,0.0,12.75
1956-05-28,0.0,11.84
1956-05-29,0.33,13.24
1956-05-30,7.84,12.56
1956-05-31,3.02,12.13
1956-06-01,0.23,14.52
1956-06-02,0.02,18.54
1956-06-03,0.33,13.75
1956-06-04,1.87,13.55
1956-06-05,1.91,13.76
1956-06-06,4.27,12.74
1956-06-07,8.09,14.26
1956-06-08,1.29,14.2
1956-06-09,8.05,14.75
1956-06-10,6.92,14.39
1956-06-11,23.63,17.14
1956-06-12,0.57,26.08
1956-06-13,0.06,39.12
1956-06-14,0.06,34.0
1956-06-15,2.96,22.97
1956-06-16,1.25,21.78
1956-06-17,2.8,20.35
1956-06-18,4.84,21.35
1956-06-19,3.39,18.78
1956-06-20,4.99,19.47
1956-06-21,3.26,22.34
1956-06-22,5.85,22.37
1956-06-23,4.31,24.11
1956-06-24,5.88,23.68
1956-06-25,0.88,26.58
1956-06-26,1.76,27.69
1956-06-27,0.47,26.64
1956-06-28,9.32,24.64
1956-06-29,2.92,26.4
1956-06-30,0.01,25.56
1956-07-01,6.84,25.79
1956-07-02,6.55,24.52
1956-07-03,0.96,25.33
1956-07-04,2.57,25.37
1956-07-05,10.96,29.22
1956-07-06,0.07,30.41
1956-07-07,0.0,30.23
1956-07-08,0.0,27.72
1956-07-09,5.06,23.62
1956-07-10,18.59,27.29
1956-07-11,20.92,37.35
1956-07-12,0.82,86.08
1956-07-13,0.7,106.69
1956-07-14,40.02,97.75
1956-07-15,7.4,121.14
1956-07-16,5.97,175.3
1956-07-17,6.36,186.18
1956-07-18,1.88,202.82
1956-07-19,31.36,216.34
1956-07-20,3.85,223.82
1956-07-21,1.58,240.77
1956-07-22,0.0,242.96
1956-07-23,16.06,244.06
1956-07-24,7.27,244.67
1956-07-25,0.05,231.69
1956-07-26,0.0,188.64
1956-07-27,0.0,158.0
1956-07-28,1.59,135.85
1956-07-29,1.33,117.99
1956-07-30,0.12,100.76
1956-07-31,1.85,86.47
1956-08-01,8.49,73.32
1956-08-02,12.91,68.99
1956-08-03,5.73,75.1
1956-08-04,6.54,95.33
1956-08-05,5.6,105.2
1956-08-06,0.03,119.61
1956-08-07,2.8,102.27
1956-08-08,0.06,84.44
1956-08-09,0.0,71.1
1956-08-10,0.16,59.64
1956-08-11,5.45,49.6
1956-08-12,4.52,53.28
1956-08-13,1.21,50.89
1956-08-14,0.28,47.86
1956-08-15,0.8,42.3
1956-08-16,1.19,38.58
1956-08-17,0.04,36.26
1956-08-18,3.86,33.78
1956-08-19,0.36,33.58
1956-08-20,0.0,32.4
1956-08-21,0.93,29.18
1956-08-22,0.07,27.82
1956-08-23,1.52,27.01
1956-08-24,12.26,26.72
1956-08-25,3.08,33.88
1956-08-26,0.2,43.63
1956-08-27,2.64,41.33
1956-08-28,6.3,35.24
1956-08-29,3.27,36.78
1956-08-30,3.83,36.27
1956-08-31,0.16,36.77
1956-09-01,0.86,38.2
1956-09-02,0.05,32.58
1956-09-03,9.84,28.95
1956-09-04,1.63,37.93
1956-09-05,0.98,45.3
1956-09-06,4.95,38.52
1956-09-07,1.8,38.13
1956-09-08,0.26,43.84
1956-09-09,6.57,35.23
1956-09-10,0.03,39.7
1956-09-11,12.04,43.08
1956-09-12,3.71,46.81
1956-09-13,2.74,63.98
1956-09-14,0.01,61.29
1956-09-15,0.01,52.46
1956-09-16,0.0,39.46
1956-09-17,0.44,32.68
1956-09-18,0.0,31.08
1956-09-19,0.0,28.36
1956-09-20,0.0,25.83
1956-09-21,0.0,23.05
1956-09-22,0.0,21.21
1956-09-23,0.0,19.17
1956-09-24,0.0,18.87
1956-09-25,0.0,18.74
1956-09-26,19.6,17.5
1956-09-27,14.28,42.21
1956-09-28,4.67,107.03
1956-09-29,0.95,109.42
1956-09-30,11.41,87.25
1956-10-01,2.77,94.3
1956-10-02,17.45,111.85
1956-10-03,0.81,132.62
1956-10-04,4.72,153.32
1956-10-05,8.86,127.39
1956-10-06,2.06,125.98
1956-10-07,2.87,130.49
1956-10-08,1.51,109.94
1956-10-09,1.05,85.82
1956-10-10,0.11,74.09
1956-10-11,0.1,67.58
1956-10-12,0.01,57.98
1956-10-13,0.03,54.21
1956-10-14,0.07,49.97
1956-10-15,0.0,46.12
1956-10-16,0.08,42.17
1956-10-17,5.49,39.81
1956-10-18,10.92,41.27
1956-10-19,0.34,58.84
1956-10-20,2.15,70.67
1956-10-21,0.02,65.93
1956-10-22,0.01,56.18
1956-10-23,0.0,49.76
1956-10-24,1.59,45.12
1956-10-25,0.52,40.84
1956-10-26,0.23,38.4
1956-10-27,15.67,37.3
1956-10-28,3.9,60.23
1956-10-29,11.35,80.78
1956-10-30,3.39,95.56
1956-10-31,0.0,124.68
1956-11-01,0.44,110.22
1956-11-02,0.2,85.57
1956-11-03,3.53,70.77
1956-11-04,5.8,66.58
1956-11-05,2.42,71.54
1956-11-06,1.69,74.73
1956-11-07,0.0,79.31
1956-11-08,0.02,70.71
1956-11-09,2.03,62.91
1956-11-10,0.38,58.45
1956-11-11,1.51,55.2
1956-11-12,0.01,53.73
1956-11-13,0.0,51.8
1956-11-14,0.48,45.03
1956-11-15,2.03,41.69
1956-11-16,3.19,41.29
1956-11-17,2.1,41.06
1956-11-18,0.02,42.1
1956-11-19,0.0,41.94
1956-11-20,0.0,40.72
1956-11-21,0.0,34.44
1956-11-22,0.0,32.3
1956-11-23,0.0,29.9
1956-11-24,0.0,28.26
1956-11-25,7.54,27.91
1956-11-26,13.8,34.92
1956-11-27,0.6,68.81
1956-11-28,9.96,104.09
1956-11-29,1.69,116.52
1956-11-30,0.28,120.64
1956-12-01,0.02,102.12
1956-12-02,2.3,83.56
1956-12-03,4.0,73.25
1956-12-04,1.14,77.79
1956-12-05,5.09,83.4
1956-12-06,1.11,82.94
1956-12-07,4.81,84.79
1956-12-08,2.61,88.28
1956-12-09,0.04,97.9
1956-12-10,0.04,102.19
1956-12-11,5.8,86.97
1956-12-12,4.61,85.75
1956-12-13,1.53,100.84
1956-12-14,2.92,103.78
1956-12-15,1.35,96.13
1956-12-16,0.07,98.58
1956-12-17,0.0,85.75
1956-12-18,0.0,67.85
1956-12-19,0.04,57.45
1956-12-20,0.26,54.92
1956-12-21,5.06,52.41
1956-12-22,1.25,51.7
1956-12-23,1.07,56.04
1956-12-24,0.74,60.26
1956-12-25,0.09,63.24
1956-12-26,0.0,56.69
1956-12-27,0.04,46.97
1956-12-28,0.22,40.35
1956-12-29,1.74,37.3
1956-12-30,0.55,35.57
1956-12-31,0.01,34.76
1957-01-01,0.19,39.74
1957-01-02,0.36,37.8
1957-01-03,4.26,34.84
1957-01-04,3.68,41.61
1957-01-05,10.43,60.68
1957-01-06,2.97,90.1
1957-01-07,0.07,125.69
1957-01-08,0.28,115.66
1957-01-09,3.65,82.01
1957-01-10,1.55,72.32
1957-01-11,0.68,71.72
1957-01-12,13.42,63.02
1957-01-13,0.71,89.6
1957-01-14,0.18,119.73
1957-01-15,0.28,101.92
1957-01-16,0.13,79.46
1957-01-17,0.0,62.04
1957-01-18,0.3,57.61
1957-01-19,1.0,49.82
1957-01-20,0.0,45.86
1957-01-21,0.0,44.41
1957-01-22,0.0,41.0
1957-01-23,0.0,37.54
1957-01-24,0.05,35.47
1957-01-25,0.09,32.01
1957-01-26,4.45,31.85
1957-01-27,2.15,37.55
1957-01-28,0.08,46.14
1957-01-29,0.66,49.09
1957-01-30,1.8,47.92
1957-01-31,7.71,48.62
1957-02-01,3.06,65.82
1957-02-02,3.86,103.89
1957-02-03,0.02,103.0
1957-02-04,0.0,89.91
1957-02-05,0.03,69.97
1957-02-06,1.11,57.69
1957-02-07,1.63,52.28
1957-02-08,6.89,51.05
1957-02-09,2.42,62.33
1957-02-10,5.58,76.36
1957-02-11,4.88,78.95
1957-02-12,2.21,91.55
1957-02-13,13.7,114.18
1957-02-14,5.87,177.08
1957-02-15,1.72,196.04
1957-02-16,2.75,141.25
1957-02-17,0.92,109.11
1957-02-18,0.09,96.51
1957-02-19,4.35,85.58
1957-02-20,8.7,84.93
1957-02-21,0.61,129.75
1957-02-22,0.01,133.37
1957-02-23,9.25,105.53
1957-02-24,1.57,99.34
1957-02-25,8.05,125.26
1957-02-26,1.64,124.6
1957-02-27,0.07,132.22
1957-02-28,0.0,117.69
1957-03-01,0.0,101.58
1957-03-02,0.0,86.88
1957-03-03,0.0,75.65
1957-03-04,0.0,66.78
1957-03-05,0.0,60.4
1957-03-06,2.02,57.7
1957-03-07,4.41,58.31
1957-03-08,0.43,63.18
1957-03-09,0.06,63.3
1957-03-10,0.01,57.56
1957-03-11,0.0,49.03
1957-03-12,0.0,44.4
1957-03-13,0.0,42.43
1957-03-14,3.02,40.3
1957-03-15,9.32,38.98
1957-03-16,10.31,49.41
1957-03-17,17.06,100.3
1957-03-18,5.13,159.63
1957-03-19,3.21,211.23
1957-03-20,2.21,181.38
1957-03-21,0.7,150.22
1957-03-22,0.0,123.81
1957-03-23,0.04,100.55
1957-03-24,8.71,83.37
1957-03-25,0.65,80.62
1957-03-26,0.83,90.56
1957-03-27,3.55,84.54
1957-03-28,2.04,73.92
1957-03-29,0.49,69.33
1957-03-30,0.07,61.03
1957-03-31,0.01,57.4
1957-04-01,0.13,52.99
1957-04-02,1.54,49.54
1957-04-03,0.01,45.4
1957-04-04,0.0,44.44
1957-04-05,0.0,41.24
1957-04-06,0.03,38.77
1957-04-07,0.07,35.23
1957-04-08,0.0,33.66
1957-04-09,0.0,31.17
1957-04-10,0.07,28.49
1957-04-11,2.58,28.27
1957-04-12,1.43,27.97
1957-04-13,0.48,27.49
1957-04-14,0.2,27.11
1957-04-15,0.08,26.01
1957-04-16,0.0,25.45
1957-04-17,0.0,23.52
1957-04-18,3.42,22.52
1957-04-19,0.16,21.18
1957-04-20,0.0,21.8
1957-04-21,0.0,20.72
1957-04-22,0.0,21.11
1957-04-23,0.0,20.39
1957-04-24,0.0,18.74
1957-04-25,0.0,17.72
1957-04-26,0.0,16.91
1957-04-27,0.0,15.72
1957-04-28,1.21,16.21
1957-04-29,0.0,15.78
1957-04-30,0.0,15.17
1957-05-01,0.0,13.62
1957-05-02,0.59,14.41
1957-05-03,0.04,15.41
1957-05-04,1.61,15.1
1957-05-05,10.0,15.32
1957-05-06,3.45,18.4
1957-05-07,1.78,19.3
1957-05-08,0.14,18.53
1957-05-09,0.0,18.29
1957-05-10,0.0,18.58
1957-05-11,3.0,17.54
1957-05-12,1.19,15.72
1957-05-13,2.59,15.2
1957-05-14,0.0,14.82
1957-05-15,6.76,16.05
1957-05-16,6.7,16.96
1957-05-17,0.0,19.82
1957-05-18,1.23,17.73
1957-05-19,8.72,15.3
1957-05-20,1.46,17.43
1957-05-21,3.43,18.4
1957-05-22,1.19,17.05
1957-05-23,17.81,17.78
1957-05-24,0.0,26.63
1957-05-25,0.0,30.77
1957-05-26,0.0,25.28
1957-05-27,0.0,20.84
1957-05-28,0.0,18.06
1957-05-29,0.0,16.3
1957-05-30,0.02,14.92
1957-05-31,0.0,14.16
1957-06-01,0.0,14.08
1957-06-02,0.0,13.36
1957-06-03,1.05,13.54
1957-06-04,3.75,14.22
1957-06-05,1.57,14.96
1957-06-06,0.01,13.89
1957-06-07,0.02,14.11
1957-06-08,7.61,15.52
1957-06-09,1.51,13.72
1957-06-10,2.23,12.93
1957-06-11,12.67,13.86
1957-06-12,0.0,16.5
1957-06-13,0.0,13.94
1957-06-14,0.0,13.83
1957-06-15,0.0,13.48
1957-06-16,0.0,12.74
1957-06-17,0.0,12.38
1957-06-18,1.17,12.72
1957-06-19,0.7,13.64
1957-06-20,0.0,12.89
1957-06-21,4.38,12.66
1957-06-22,6.81,13.32
1957-06-23,0.58,12.82
1957-06-24,15.39,12.61
1957-06-25,4.75,15.06
1957-06-26,0.13,15.4
1957-06-27,0.0,14.17
1957-06-28,0.0,12.88
1957-06-29,0.0,13.38
1957-06-30,0.0,13.15
1957-07-01,3.31,13.15
1957-07-02,3.91,12.82
1957-07-03,5.37,13.05
1957-07-04,0.0,12.82
1957-07-05,0.0,13.12
1957-07-06,0.0,13.03
1957-07-07,0.0,12.35
1957-07-08,1.72,12.33
1957-07-09,0.03,11.61
1957-07-10,0.23,10.74
1957-07-11,0.02,10.51
1957-07-12,2.25,8.3
1957-07-13,2.98,10.45
1957-07-14,3.91,10.92
1957-07-15,3.38,11.19
1957-07-16,3.88,11.52
1957-07-17,0.01,12.6
1957-07-18,0.94,12.92
1957-07-19,0.42,12.27
1957-07-20,5.09,12.0
1957-07-21,2.82,13.18
1957-07-22,5.14,13.18
1957-07-23,0.37,12.22
1957-07-24,1.14,12.26
1957-07-25,12.75,12.3
1957-07-26,8.2,12.84
1957-07-27,6.03,14.02
1957-07-28,13.06,13.67
1957-07-29,9.76,14.42
1957-07-30,0.13,19.14
1957-07-31,0.0,18.15
1957-08-01,0.0,15.63
1957-08-02,0.0,12.62
1957-08-03,0.0,12.35
1957-08-04,0.0,11.55
1957-08-05,0.0,11.54
1957-08-06,0.92,11.1
1957-08-07,0.21,11.01
1957-08-08,9.93,11.92
1957-08-09,1.36,13.54
1957-08-10,2.34,11.99
1957-08-11,0.01,11.3
1957-08-12,0.0,10.93
1957-08-13,1.83,10.66
1957-08-14,2.91,11.26
1957-08-15,1.01,11.58
1957-08-16,7.33,11.49
1957-08-17,12.3,11.86
1957-08-18,2.8,12.9
1957-08-19,0.42,14.28
1957-08-20,5.98,15.64
1957-08-21,2.05,12.45
1957-08-22,0.61,12.78
1957-08-23,4.05,13.07
1957-08-24,2.76,13.59
1957-08-25,14.54,13.84
1957-08-26,5.73,15.72
1957-08-27,4.48,16.7
1957-08-28,4.8,18.58
1957-08-29,2.23,17.6
1957-08-30,1.84,17.71
1957-08-31,4.71,17.94
1957-09-01,6.78,19.29
1957-09-02,2.9,16.4
1957-09-03,0.01,17.03
1957-09-04,0.91,16.85
1957-09-05,2.24,15.81
1957-09-06,0.01,15.48
1957-09-07,0.06,15.25
1957-09-08,14.85,14.03
1957-09-09,0.22,18.11
1957-09-10,2.86,17.5
1957-09-11,9.69,16.9
1957-09-12,12.11,20.46
1957-09-13,9.07,25.7
1957-09-14,4.67,39.4
1957-09-15,8.4,49.78
1957-09-16,2.7,41.88
1957-09-17,7.47,44.07
1957-09-18,10.43,51.44
1957-09-19,2.24,74.14
1957-09-20,0.0,79.63
1957-09-21,13.73,71.94
1957-09-22,17.11,69.08
1957-09-23,23.59,93.38
1957-09-24,3.38,153.33
1957-09-25,1.63,182.99
1957-09-26,0.02,169.72
1957-09-27,0.25,147.76
1957-09-28,10.51,144.64
1957-09-29,9.0,139.48
1957-09-30,3.53,133.91
1957-10-01,0.17,124.65
1957-10-02,0.0,119.03
1957-10-03,0.52,104.22
1957-10-04,0.0,78.16
1957-10-05,2.48,62.35
1957-10-06,0.63,55.8
1957-10-07,0.01,53.3
1957-10-08,0.01,50.84
1957-10-09,0.08,46.69
1957-10-10,0.05,42.58
1957-10-11,1.96,39.01
1957-10-12,0.0,35.7
1957-10-13,0.06,36.21
1957-10-14,0.02,35.77
1957-10-15,0.01,33.93
1957-10-16,5.17,32.14
1957-10-17,3.67,30.04
1957-10-18,3.12,33.6
1957-10-19,5.89,36.22
1957-10-20,0.13,44.49
1957-10-21,5.81,49.12
1957-10-22,3.39,46.62
1957-10-23,0.35,54.8
1957-10-24,4.61,56.5
1957-10-25,0.02,47.14
1957-10-26,0.0,48.52
1957-10-27,0.01,45.63
1957-10-28,0.0,41.13
1957-10-29,0.11,37.81
1957-10-30,0.02,33.98
1957-10-31,2.66,32.84
1957-11-01,0.01,31.76
1957-11-02,0.0,30.27
1957-11-03,0.86,28.32
1957-11-04,0.08,26.75
1957-11-05,0.2,25.76
1957-11-06,9.89,24.69
1957-11-07,2.7,27.46
1957-11-08,10.66,32.54
1957-11-09,9.17,40.21
1957-11-10,0.09,75.37
1957-11-11,0.0,87.06
1957-11-12,0.0,73.8
1957-11-13,0.0,57.31
1957-11-14,0.0,46.66
1957-11-15,0.0,41.4
1957-11-16,2.14,37.12
1957-11-17,0.39,37.04
1957-11-18,0.01,35.4
1957-11-19,0.0,34.67
1957-11-20,0.0,31.8
1957-11-21,0.0,29.78
1957-11-22,3.02,27.84
1957-11-23,0.93,27.51
1957-11-24,0.37,27.0
1957-11-25,0.02,26.05
1957-11-26,0.1,25.89
1957-11-27,0.38,24.06
1957-11-28,5.34,25.32
1957-11-29,0.35,27.38
1957-11-30,0.0,26.81
1957-12-01,0.0,28.66
1957-12-02,0.14,26.25
1957-12-03,0.01,24.52
1957-12-04,0.73,24.02
1957-12-05,0.12,23.73
1957-12-06,0.01,23.94
1957-12-07,9.18,23.64
1957-12-08,16.59,30.17
1957-12-09,0.67,75.91
1957-12-10,1.1,118.57
1957-12-11,1.22,98.24
1957-12-12,0.27,75.97
1957-12-13,7.18,64.5
1957-12-14,8.23,56.24
1957-12-15,0.0,58.45
1957-12-16,0.02,54.21
1957-12-17,0.02,52.12
1957-12-18,1.64,54.1
1957-12-19,1.28,51.95
1957-12-20,0.1,65.72
1957-12-21,2.0,77.63
1957-12-22,0.03,80.12
1957-12-23,0.49,77.53
1957-12-24,0.0,70.61
1957-12-25,0.0,63.56
1957-12-26,0.04,65.39
1957-12-27,0.0,57.56
1957-12-28,2.0,47.97
1957-12-29,1.89,46.3
1957-12-30,5.69,45.83
1957-12-31,3.55,46.14
1958-01-01,14.27,66.22
1958-01-02,0.01,104.18
1958-01-03,0.0,110.53
1958-01-04,0.08,98.12
1958-01-05,5.91,79.39
1958-01-06,8.89,89.31
1958-01-07,6.59,123.0
1958-01-08,7.89,139.85
1958-01-09,6.78,149.56
1958-01-10,0.93,163.69
1958-01-11,6.25,172.46
1958-01-12,0.18,154.41
1958-01-13,0.03,138.71
1958-01-14,0.08,126.45
1958-01-15,0.17,112.76
1958-01-16,0.44,102.73
1958-01-17,1.91,95.37
1958-01-18,8.99,90.24
1958-01-19,1.17,92.18
1958-01-20,1.14,112.87
1958-01-21,0.75,96.14
1958-01-22,1.51,77.96
1958-01-23,0.02,68.75
1958-01-24,0.02,62.5
1958-01-25,0.03,58.84
1958-01-26,2.65,57.0
1958-01-27,0.02,55.62
1958-01-28,0.0,62.38
1958-01-29,0.0,61.17
1958-01-30,0.04,57.17
1958-01-31,0.01,53.42
1958-02-01,0.0,49.56
1958-02-02,2.17,46.02
1958-02-03,0.01,45.37
1958-02-04,9.17,46.2
1958-02-05,15.5,63.7
1958-02-06,0.97,145.2
1958-02-07,0.25,169.84
1958-02-08,2.05,114.73
1958-02-09,0.04,89.62
1958-02-10,0.31,76.75
1958-02-11,1.33,70.29
1958-02-12,10.32,64.04
1958-02-13,1.4,85.04
1958-02-14,0.42,94.39
1958-02-15,4.49,80.97
1958-02-16,1.28,69.96
1958-02-17,0.77,68.92
1958-02-18,1.31,64.12
1958-02-19,6.28,58.81
1958-02-20,12.33,57.88
1958-02-21,6.08,89.81
1958-02-22,0.34,117.44
1958-02-23,7.08,119.68
1958-02-24,11.68,110.72
1958-02-25,17.75,149.24
1958-02-26,1.66,241.28
1958-02-27,0.58,208.38
1958-02-28,0.01,173.51
1958-03-01,0.12,162.43
1958-03-02,1.02,140.6
1958-03-03,0.04,135.69
1958-03-04,0.01,136.88
1958-03-05,5.19,120.01
1958-03-06,1.59,112.26
1958-03-07,6.35,115.13
1958-03-08,9.24,111.21
1958-03-09,6.37,109.08
1958-03-10,0.44,105.32
1958-03-11,0.0,101.07
1958-03-12,0.0,95.07
1958-03-13,2.78,85.11
1958-03-14,0.54,77.35
1958-03-15,0.36,72.5
1958-03-16,0.04,75.39
1958-03-17,0.0,80.77
1958-03-18,0.0,81.56
1958-03-19,2.85,78.06
1958-03-20,0.69,73.63
1958-03-21,0.35,68.98
1958-03-22,0.0,63.53
1958-03-23,0.01,59.66
1958-03-24,0.0,53.59
1958-03-25,0.86,53.42
1958-03-26,0.79,64.08
1958-03-27,1.75,71.28
1958-03-28,2.92,82.6
1958-03-29,1.78,90.58
1958-03-30,0.0,86.33
1958-03-31,0.0,76.25
1958-04-01,0.23,69.44
1958-04-02,0.13,61.63
1958-04-03,0.34,56.77
1958-04-04,0.22,52.19
1958-04-05,7.21,49.7
1958-04-06,0.85,54.66
1958-04-07,0.38,57.78
1958-04-08,2.66,53.7
1958-04-09,3.07,50.37
1958-04-10,2.98,47.8
1958-04-11,0.22,45.32
1958-04-12,0.0,46.14
1958-04-13,0.0,43.74
1958-04-14,0.0,39.79
1958-04-15,0.03,37.77
1958-04-16,0.67,35.76
1958-04-17,0.09,34.27
1958-04-18,1.15,31.38
1958-04-19,1.2,30.86
1958-04-20,0.16,28.68
1958-04-21,1.03,29.16
1958-04-22,0.58,28.19
1958-04-23,0.0,27.29
1958-04-24,0.01,26.25
1958-04-25,3.81,23.43
1958-04-26,16.79,25.71
1958-04-27,6.75,56.64
1958-04-28,3.42,69.44
1958-04-29,0.01,64.4
1958-04-30,0.0,54.27
1958-05-01,0.0,45.27
1958-05-02,0.55,38.63
1958-05-03,0.0,31.62
1958-05-04,0.0,26.62
1958-05-05,4.43,29.25
1958-05-06,7.46,26.5
1958-05-07,1.83,28.33
1958-05-08,4.71,29.3
1958-05-09,7.66,29.84
1958-05-10,8.45,32.88
1958-05-11,3.33,39.35
1958-05-12,0.08,51.43
1958-05-13,0.0,48.58
1958-05-14,5.9,41.2
1958-05-15,2.77,37.72
1958-05-16,6.11,41.62
1958-05-17,1.22,51.59
1958-05-18,3.71,47.19
1958-05-19,0.02,42.61
1958-05-20,6.99,39.47
1958-05-21,5.03,44.66
1958-05-22,0.0,49.84
1958-05-23,0.01,48.45
1958-05-24,3.28,42.0
1958-05-25,14.13,38.32
1958-05-26,0.02,77.68
1958-05-27,5.11,97.38
1958-05-28,1.89,76.45
1958-05-29,0.0,47.68
1958-05-30,2.52,41.55
1958-05-31,0.0,36.67
1958-06-01,0.0,32.06
1958-06-02,1.21,26.79
1958-06-03,12.9,25.96
1958-06-04,0.83,23.73
1958-06-05,0.0,27.41
1958-06-06,0.0,29.57
1958-06-07,3.73,26.93
1958-06-08,2.47,25.01
1958-06-09,0.04,23.43
1958-06-10,0.0,23.08
1958-06-11,0.0,20.52
1958-06-12,0.0,19.55
1958-06-13,0.0,19.06
1958-06-14,0.0,17.77
1958-06-15,0.0,17.68
1958-06-16,0.0,17.15
1958-06-17,4.09,16.27
1958-06-18,5.01,16.14
1958-06-19,2.85,17.11
1958-06-20,15.56,17.39
1958-06-21,3.68,25.6
1958-06-22,1.89,26.67
1958-06-23,0.73,26.08
1958-06-24,5.95,23.6
1958-06-25,1.11,20.93
1958-06-26,4.09,20.08
1958-06-27,11.06,24.56
1958-06-28,0.6,36.27
1958-06-29,0.01,31.37
1958-06-30,0.0,23.79
1958-07-01,2.77,21.01
1958-07-02,16.12,28.3
1958-07-03,3.14,43.77
1958-07-04,3.94,41.58
1958-07-05,0.05,31.44
1958-07-06,0.12,28.68
1958-07-07,0.04,30.3
1958-07-08,0.01,26.63
1958-07-09,0.0,24.46
1958-07-10,0.0,21.14
1958-07-11,14.32,19.73
1958-07-12,8.71,40.79
1958-07-13,2.75,34.56
1958-07-14,0.0,35.1
1958-07-15,0.64,26.48
1958-07-16,5.37,21.91
1958-07-17,3.04,22.96
1958-07-18,0.0,20.99
1958-07-19,0.01,17.43
1958-07-20,8.21,17.15
1958-07-21,6.12,20.08
1958-07-22,7.7,23.24
1958-07-23,5.2,29.76
1958-07-24,1.1,29.64
1958-07-25,1.53,27.6
1958-07-26,3.46,22.77
1958-07-27,0.01,22.36
1958-07-28,3.08,24.78
1958-07-29,0.02,22.72
1958-07-30,0.12,18.11
1958-07-31,0.0,17.6
1958-08-01,15.63,16.7
1958-08-02,0.37,21.26
1958-08-03,1.31,27.28
1958-08-04,0.0,21.69
1958-08-05,3.67,18.82
1958-08-06,1.6,18.26
1958-08-07,1.04,16.7
1958-08-08,1.89,16.52
1958-08-09,0.01,15.15
1958-08-10,5.02,14.25
1958-08-11,26.1,14.05
1958-08-12,6.49,29.71
1958-08-13,10.45,84.81
1958-08-14,2.04,93.63
1958-08-15,12.22,86.21
1958-08-16,0.26,70.18
1958-08-17,0.0,84.26
1958-08-18,1.68,73.89
1958-08-19,9.92,50.54
1958-08-20,3.25,50.4
1958-08-21,5.08,66.19
1958-08-22,3.14,60.88
1958-08-23,3.62,55.22
1958-08-24,2.21,54.13
1958-08-25,4.28,46.94
1958-08-26,1.89,42.07
1958-08-27,0.0,44.56
1958-08-28,0.0,39.59
1958-08-29,0.0,32.21
1958-08-30,0.0,26.1
1958-08-31,0.0,23.62
1958-09-01,0.0,23.81
1958-09-02,0.0,21.64
1958-09-03,0.0,19.08
1958-09-04,0.0,17.5
1958-09-05,0.0,16.55
1958-09-06,0.0,16.49
1958-09-07,0.0,14.86
1958-09-08,0.13,15.79
1958-09-09,3.19,15.36
1958-09-10,1.96,15.34
1958-09-11,0.05,14.92
1958-09-12,0.0,14.29
1958-09-13,0.0,14.07
1958-09-14,0.0,13.27
1958-09-15,1.94,12.98
1958-09-16,1.67,14.32
1958-09-17,0.99,13.7
1958-09-18,0.01,13.46
1958-09-19,0.0,12.98
1958-09-20,0.52,12.83
1958-09-21,6.03,11.65
1958-09-22,5.28,14.57
1958-09-23,22.89,15.99
1958-09-24,1.07,30.98
1958-09-25,4.4,37.5
1958-09-26,5.79,29.52
1958-09-27,0.15,31.36
1958-09-28,0.0,24.4
1958-09-29,0.02,21.18
1958-09-30,0.69,19.12
1958-10-01,3.0,17.08
1958-10-02,0.71,17.39
1958-10-03,0.01,16.29
1958-10-04,0.6,14.36
1958-10-05,0.19,14.57
1958-10-06,1.1,14.89
1958-10-07,0.02,15.45
1958-10-08,0.26,15.24
1958-10-09,0.92,14.64
1958-10-10,6.48,15.26
1958-10-11,8.69,16.71
1958-10-12,4.99,20.09
1958-10-13,6.73,23.05
1958-10-14,0.76,30.71
1958-10-15,5.54,31.9
1958-10-16,17.94,30.2
1958-10-17,3.74,41.86
1958-10-18,1.9,61.31
1958-10-19,6.26,60.68
1958-10-20,9.45,53.4
1958-10-21,0.48,56.79
1958-10-22,3.82,69.9
1958-10-23,0.63,69.36
1958-10-24,0.32,60.88
1958-10-25,0.13,53.24
1958-10-26,0.04,47.5
1958-10-27,0.02,43.65
1958-10-28,0.02,40.41
1958-10-29,0.0,37.1
1958-10-30,0.0,36.46
1958-10-31,5.76,32.43
1958-11-01,1.7,29.7
1958-11-02,3.21,31.49
1958-11-03,2.78,33.18
1958-11-04,1.97,33.9
1958-11-05,0.01,37.17
1958-11-06,0.11,38.15
1958-11-07,2.32,34.85
1958-11-08,7.25,34.55
1958-11-09,0.49,40.83
1958-11-10,0.02,51.54
1958-11-11,0.06,47.76
1958-11-12,5.69,40.6
1958-11-13,3.98,38.92
1958-11-14,1.65,47.46
1958-11-15,0.14,58.03
1958-11-16,0.0,53.7
1958-11-17,0.0,47.3
1958-11-18,0.0,41.24
1958-11-19,0.0,34.85
1958-11-20,0.22,32.62
1958-11-21,0.01,29.29
1958-11-22,0.0,27.79
1958-11-23,0.01,26.9
1958-11-24,0.0,26.38
1958-11-25,0.0,25.17
1958-11-26,0.7,24.43
1958-11-27,0.1,23.22
1958-11-28,0.0,22.8
1958-11-29,0.0,22.36
1958-11-30,0.78,21.34
1958-12-01,0.03,21.8
1958-12-02,3.03,24.05
1958-12-03,0.03,26.52
1958-12-04,0.3,28.99
1958-12-05,0.56,31.46
1958-12-06,0.03,33.92
1958-12-07,0.0,36.39
1958-12-08,3.58,38.86
1958-12-09,6.13,41.32
1958-12-10,4.05,43.79
1958-12-11,5.41,46.26
1958-12-12,4.44,48.72
1958-12-13,4.82,51.19
1958-12-14,0.34,53.66
1958-12-15,1.64,56.13
1958-12-16,1.9,58.59
1958-12-17,0.8,61.06
1958-12-18,0.58,63.53
1958-12-19,0.45,66.0
1958-12-20,1.67,68.46
1958-12-21,1.15,70.93
1958-12-22,0.05,73.4
1958-12-23,0.17,75.86
1958-12-24,0.43,78.33
1958-12-25,0.67,80.8
1958-12-26,3.74,83.26
1958-12-27,14.89,85.73
1958-12-28,6.35,88.2
1958-12-29,3.82,90.67
1958-12-30,0.02,93.13
1958-12-31,4.92,95.6
1959-01-01,1.59,99.36
1959-01-02,10.32,110.86
1959-01-03,2.61,123.43
1959-01-04,1.77,116.24
1959-01-05,1.68,98.33
1959-01-06,8.3,90.56
1959-01-07,5.37,101.12
1959-01-08,6.43,129.32
1959-01-09,4.2,127.94
1959-01-10,1.39,110.82
1959-01-11,2.91,95.05
1959-01-12,4.32,89.99
1959-01-13,0.19,76.86
1959-01-14,0.21,73.79
1959-01-15,0.22,75.93
1959-01-16,0.23,67.94
1959-01-17,0.31,62.3
1959-01-18,1.82,55.28
1959-01-19,0.0,56.88
1959-01-20,0.4,100.2
1959-01-21,0.37,123.71
1959-01-22,5.61,109.45
1959-01-23,6.57,99.97
1959-01-24,1.05,105.94
1959-01-25,0.14,108.01
1959-01-26,0.0,97.19
1959-01-27,0.0,79.92
1959-01-28,0.01,73.65
1959-01-29,0.0,68.27
1959-01-30,0.24,56.72
1959-01-31,0.02,50.02
1959-02-01,0.0,47.76
1959-02-02,0.01,45.83
1959-02-03,0.0,41.6
1959-02-04,0.0,37.08
1959-02-05,0.0,34.91
1959-02-06,0.0,35.09
1959-02-07,0.01,33.12
1959-02-08,0.0,31.29
1959-02-09,0.0,31.27
1959-02-10,0.03,33.82
1959-02-11,0.02,28.78
1959-02-12,0.0,28.26
1959-02-13,0.01,28.1
1959-02-14,0.0,27.1
1959-02-15,0.08,25.41
1959-02-16,0.03,25.03
1959-02-17,0.06,24.9
1959-02-18,0.06,27.6
1959-02-19,0.02,26.16
1959-02-20,0.77,28.19
1959-02-21,5.37,28.32
1959-02-22,0.48,31.55
1959-02-23,0.11,35.01
1959-02-24,0.0,34.06
1959-02-25,0.0,31.92
1959-02-26,0.0,31.17
1959-02-27,0.0,26.84
1959-02-28,0.0,26.23
1959-03-01,0.01,25.89
1959-03-02,0.0,25.2
1959-03-03,0.18,24.96
1959-03-04,0.89,23.56
1959-03-05,2.03,23.17
1959-03-06,0.8,23.74
1959-03-07,0.36,22.58
1959-03-08,1.7,22.33
1959-03-09,0.0,23.92
1959-03-10,0.0,20.99
1959-03-11,0.02,19.54
1959-03-12,0.46,19.76
1959-03-13,0.1,19.5
1959-03-14,0.01,17.63
1959-03-15,3.61,17.01
1959-03-16,0.21,19.41
1959-03-17,0.0,19.84
1959-03-18,0.0,18.55
1959-03-19,0.0,17.47
1959-03-20,3.88,15.83
1959-03-21,2.51,18.42
1959-03-22,2.4,19.7
1959-03-23,0.2,20.76
1959-03-24,1.8,20.53
1959-03-25,7.82,21.87
1959-03-26,0.23,23.26
1959-03-27,1.27,25.58
1959-03-28,1.89,26.12
1959-03-29,0.48,31.8
1959-03-30,0.47,26.88
1959-03-31,0.05,22.15
1959-04-01,0.04,18.39
1959-04-02,0.07,17.46
1959-04-03,0.0,17.21
1959-04-04,0.0,16.79
1959-04-05,0.11,15.54
1959-04-06,11.06,16.65
1959-04-07,3.83,19.53
1959-04-08,2.55,23.98
1959-04-09,1.17,24.78
1959-04-10,3.2,23.07
1959-04-11,4.36,22.58
1959-04-12,1.23,24.75
1959-04-13,0.0,25.86
1959-04-14,0.0,23.67
1959-04-15,1.12,20.46
1959-04-16,0.03,18.98
1959-04-17,0.0,17.26
1959-04-18,0.52,15.72
1959-04-19,2.58,14.68
1959-04-20,0.23,13.91
1959-04-21,0.01,14.64
1959-04-22,0.32,14.04
1959-04-23,0.1,13.88
1959-04-24,0.0,13.5
1959-04-25,0.0,12.81
1959-04-26,0.91,12.01
1959-04-27,0.3,13.01
1959-04-28,1.55,12.98
1959-04-29,0.45,13.49
1959-04-30,0.0,12.95
1959-05-01,0.05,11.28
1959-05-02,0.51,11.01
1959-05-03,1.5,11.24
1959-05-04,1.95,11.96
1959-05-05,0.0,12.54
1959-05-06,0.0,11.54
1959-05-07,0.0,10.67
1959-05-08,0.38,11.23
1959-05-09,0.0,11.36
1959-05-10,0.06,10.68
1959-05-11,0.0,11.6
1959-05-12,0.0,11.72
1959-05-13,0.39,11.61
1959-05-14,2.95,12.1
1959-05-15,0.4,12.34
1959-05-16,0.06,11.94
1959-05-17,2.15,12.15
1959-05-18,4.6,15.45
1959-05-19,2.21,14.59
1959-05-20,1.75,13.19
1959-05-21,0.0,13.58
1959-05-22,0.0,12.81
1959-05-23,0.0,12.23
1959-05-24,0.0,11.61
1959-05-25,0.0,12.46
1959-05-26,0.03,12.66
1959-05-27,0.1,13.1
1959-05-28,0.52,13.53
1959-05-29,1.14,13.47
1959-05-30,0.01,13.04
1959-05-31,0.0,12.47
1959-06-01,0.86,12.99
1959-06-02,0.0,13.13
1959-06-03,0.0,13.02
1959-06-04,0.0,12.96
1959-06-05,0.0,12.26
1959-06-06,8.76,12.07
1959-06-07,1.97,15.0
1959-06-08,0.74,13.42
1959-06-09,2.13,12.58
1959-06-10,7.72,12.87
1959-06-11,2.09,14.57
1959-06-12,0.0,12.86
1959-06-13,0.0,12.27
1959-06-14,0.0,11.89
1959-06-15,0.0,12.28
1959-06-16,0.0,11.66
1959-06-17,0.0,11.09
1959-06-18,0.0,11.53
1959-06-19,0.0,11.18
1959-06-20,0.0,10.34
1959-06-21,0.0,9.43
1959-06-22,4.74,10.71
1959-06-23,0.11,12.52
1959-06-24,0.0,10.32
1959-06-25,0.0,9.17
1959-06-26,2.01,9.11
1959-06-27,3.09,9.08
1959-06-28,0.24,6.66
1959-06-29,8.06,8.69
1959-06-30,6.89,10.28
1959-07-01,1.7,9.73
1959-07-02,10.62,9.22
1959-07-03,1.73,10.85
1959-07-04,0.0,10.86
1959-07-05,0.01,10.37
1959-07-06,0.0,10.2
1959-07-07,0.0,10.14
1959-07-08,0.0,10.41
1959-07-09,0.24,9.74
1959-07-10,0.22,9.19
1959-07-11,8.29,8.1
1959-07-12,0.53,10.28
1959-07-13,0.0,9.46
1959-07-14,0.0,9.0
1959-07-15,0.0,9.66
1959-07-16,0.0,8.79
1959-07-17,0.25,9.04
1959-07-18,0.0,8.82
1959-07-19,0.17,9.15
1959-07-20,0.0,10.05
1959-07-21,0.0,9.26
1959-07-22,0.0,9.24
1959-07-23,0.0,8.98
1959-07-24,0.35,7.88
1959-07-25,0.0,6.68
1959-07-26,0.03,6.28
1959-07-27,0.57,9.45
1959-07-28,0.11,7.69
1959-07-29,4.58,7.23
1959-07-30,11.71,8.97
1959-07-31,20.07,10.51
1959-08-01,3.8,15.9
1959-08-02,2.83,12.31
1959-08-03,0.38,12.0
1959-08-04,0.24,11.2
1959-08-05,2.26,10.96
1959-08-06,0.39,9.73
1959-08-07,0.0,10.47
1959-08-08,1.3,9.02
1959-08-09,5.94,8.76
1959-08-10,2.28,10.13
1959-08-11,1.22,12.27
1959-08-12,0.01,11.29
1959-08-13,0.0,11.15
1959-08-14,0.89,9.95
1959-08-15,0.98,9.26
1959-08-16,0.09,9.33
1959-08-17,0.01,9.0
1959-08-18,0.0,9.98
1959-08-19,0.0,10.3
1959-08-20,0.0,9.81
1959-08-21,0.58,10.52
1959-08-22,1.46,9.01
1959-08-23,0.0,9.14
1959-08-24,0.0,9.58
1959-08-25,0.0,9.9
1959-08-26,0.0,11.58
1959-08-27,0.0,10.97
1959-08-28,0.08,10.25
1959-08-29,0.23,7.79
1959-08-30,0.54,9.05
1959-08-31,0.0,9.32
1959-09-01,0.0,9.64
1959-09-02,0.0,8.03
1959-09-03,0.0,8.87
1959-09-04,0.0,8.55
1959-09-05,0.06,7.98
1959-09-06,0.0,8.1
1959-09-07,0.0,8.98
1959-09-08,0.0,8.61
1959-09-09,0.0,8.76
1959-09-10,0.0,8.6
1959-09-11,0.0,8.46
1959-09-12,0.0,8.27
1959-09-13,0.0,7.89
1959-09-14,0.0,8.14
1959-09-15,0.0,8.27
1959-09-16,0.0,8.02
1959-09-17,0.0,8.2
1959-09-18,0.0,8.69
1959-09-19,0.0,8.7
1959-09-20,0.0,7.5
1959-09-21,2.49,8.71
1959-09-22,1.66,8.87
1959-09-23,0.0,7.94
1959-09-24,0.0,8.09
1959-09-25,0.0,7.87
1959-09-26,0.21,7.74
1959-09-27,0.05,6.54
1959-09-28,0.0,6.78
1959-09-29,0.0,8.09
1959-09-30,0.0,7.99
1959-10-01,0.0,7.97
1959-10-02,0.0,8.1
1959-10-03,0.0,8.31
1959-10-04,0.0,7.24
1959-10-05,0.0,8.45
1959-10-06,0.0,8.42
1959-10-07,0.0,8.49
1959-10-08,0.0,8.26
1959-10-09,0.0,8.72
1959-10-10,0.0,8.68
1959-10-11,0.0,7.02
1959-10-12,0.0,7.82
1959-10-13,0.0,8.28
1959-10-14,0.0,8.27
1959-10-15,0.0,8.44
1959-10-16,0.0,9.02
1959-10-17,0.0,8.09
1959-10-18,0.01,7.0
1959-10-19,3.92,7.59
1959-10-20,0.21,7.96
1959-10-21,7.71,8.21
1959-10-22,3.52,9.39
1959-10-23,0.02,10.17
1959-10-24,0.46,9.38
1959-10-25,2.22,9.04
1959-10-26,0.01,9.4
1959-10-27,2.12,9.39
1959-10-28,0.04,9.01
1959-10-29,2.73,8.68
1959-10-30,17.17,8.78
1959-10-31,3.96,11.45
1959-11-01,0.68,10.15
1959-11-02,0.03,10.02
1959-11-03,0.0,10.26
1959-11-04,4.42,9.74
1959-11-05,1.41,9.49
1959-11-06,0.08,9.45
1959-11-07,0.01,9.06
1959-11-08,0.0,8.22
1959-11-09,2.0,8.5
1959-11-10,1.43,8.5
1959-11-11,0.61,8.91
1959-11-12,0.82,8.48
1959-11-13,2.65,8.28
1959-11-14,0.55,8.68
1959-11-15,2.03,8.32
1959-11-16,1.8,8.29
1959-11-17,0.52,8.57
1959-11-18,0.07,8.16
1959-11-19,0.11,8.94
1959-11-20,0.0,8.96
1959-11-21,0.0,8.49
1959-11-22,0.0,7.52
1959-11-23,0.0,8.68
1959-11-24,0.0,8.55
1959-11-25,0.01,7.94
1959-11-26,0.02,8.19
1959-11-27,6.95,7.69
1959-11-28,0.74,8.26
1959-11-29,0.01,7.74
1959-11-30,0.0,8.59
1959-12-01,0.06,9.36
1959-12-02,0.11,8.55
1959-12-03,0.66,8.47
1959-12-04,0.27,8.49
1959-12-05,0.0,7.81
1959-12-06,0.01,7.02
1959-12-07,0.82,8.15
1959-12-08,1.2,8.63
1959-12-09,0.02,8.99
1959-12-10,0.01,8.21
1959-12-11,0.16,8.22
1959-12-12,0.0,7.85
1959-12-13,0.0,7.16
1959-12-14,0.0,7.71
1959-12-15,0.0,7.76
1959-12-16,0.01,8.39
1959-12-17,2.32,7.7
1959-12-18,1.65,8.18
1959-12-19,2.44,8.34
1959-12-20,2.21,8.15
1959-12-21,3.02,8.59
1959-12-22,4.46,8.53
1959-12-23,0.44,9.4
1959-12-24,0.68,9.85
1959-12-25,4.29,8.39
1959-12-26,10.13,9.72
1959-12-27,3.7,11.12
1959-12-28,2.89,12.46
1959-12-29,1.66,12.03
1959-12-30,0.12,10.48
1959-12-31,0.07,10.28
1960-01-01,7.22,9.64
1960-01-02,4.82,11.21
1960-01-03,2.42,12.52
1960-01-04,0.11,11.87
1960-01-05,10.29,12.08
1960-01-06,1.95,13.61
1960-01-07,3.95,12.54
1960-01-08,1.95,12.82
1960-01-09,0.32,11.44
1960-01-10,1.56,10.44
1960-01-11,1.97,11.16
1960-01-12,1.06,10.74
1960-01-13,3.8,10.65
1960-01-14,2.48,10.11
1960-01-15,0.01,9.71
1960-01-16,1.35,9.66
1960-01-17,1.01,9.56
1960-01-18,0.11,10.48
1960-01-19,1.85,12.59
1960-01-20,1.47,13.08
1960-01-21,3.0,12.29
1960-01-22,0.07,11.23
1960-01-23,0.05,11.27
1960-01-24,0.05,11.74
1960-01-25,3.2,17.13
1960-01-26,0.19,14.21
1960-01-27,2.37,12.47
1960-01-28,0.86,11.56
1960-01-29,11.86,10.82
1960-01-30,14.44,20.43
1960-01-31,3.3,28.3
1960-02-01,0.02,28.01
1960-02-02,0.18,24.83
1960-02-03,0.13,23.55
1960-02-04,1.73,24.06
1960-02-05,0.16,22.94
1960-02-06,0.03,21.08
1960-02-07,0.0,17.15
1960-02-08,0.0,16.34
1960-02-09,0.0,15.8
1960-02-10,1.46,14.74
1960-02-11,0.41,14.51
1960-02-12,1.61,14.52
1960-02-13,2.32,14.45
1960-02-14,4.75,14.11
1960-02-15,3.15,16.99
1960-02-16,3.31,17.59
1960-02-17,0.1,17.16
1960-02-18,0.0,17.22
1960-02-19,0.01,16.47
1960-02-20,1.26,15.55
1960-02-21,2.82,15.7
1960-02-22,2.6,20.42
1960-02-23,1.0,24.34
1960-02-24,0.1,22.5
1960-02-25,2.27,20.33
1960-02-26,2.81,18.89
1960-02-27,0.27,19.76
1960-02-28,0.0,19.43
1960-02-29,4.07,20.7
1960-03-01,0.87,20.21
1960-03-02,1.95,20.99
1960-03-03,2.78,21.71
1960-03-04,1.39,20.54
1960-03-05,0.03,20.58
1960-03-06,0.0,19.29
1960-03-07,0.0,18.5
1960-03-08,0.0,17.43
1960-03-09,0.87,16.61
1960-03-10,0.25,15.91
1960-03-11,0.0,15.42
1960-03-12,0.04,15.24
1960-03-13,0.0,13.85
1960-03-14,0.04,14.09
1960-03-15,0.0,12.66
1960-03-16,0.0,11.55
1960-03-17,0.0,10.85
1960-03-18,0.01,12.34
1960-03-19,0.0,12.12
1960-03-20,0.0,11.68
1960-03-21,0.0,12.06
1960-03-22,0.0,12.09
1960-03-23,0.0,12.26
1960-03-24,0.0,12.09
1960-03-25,1.3,11.76
1960-03-26,5.62,12.33
1960-03-27,3.39,12.46
1960-03-28,0.03,13.5
1960-03-29,0.0,14.24
1960-03-30,0.5,12.99
1960-03-31,0.07,12.93
1960-04-01,0.0,12.04
1960-04-02,0.0,11.43
1960-04-03,0.0,10.99
1960-04-04,0.19,11.45
1960-04-05,0.0,11.55
1960-04-06,0.02,11.53
1960-04-07,5.25,11.26
1960-04-08,1.05,11.73
1960-04-09,5.37,11.38
1960-04-10,8.39,12.23
1960-04-11,2.15,15.67
1960-04-12,0.25,15.77
1960-04-13,4.02,14.47
1960-04-14,0.33,14.42
1960-04-15,2.74,13.65
1960-04-16,2.18,12.28
1960-04-17,0.15,12.2
1960-04-18,0.95,11.76
1960-04-19,0.0,12.23
1960-04-20,0.0,12.51
1960-04-21,0.0,11.92
1960-04-22,0.06,11.82
1960-04-23,1.6,11.91
1960-04-24,7.16,11.53
1960-04-25,1.3,12.37
1960-04-26,7.92,12.03
1960-04-27,1.81,12.37
1960-04-28,3.85,12.98
1960-04-29,0.07,13.07
1960-04-30,0.42,13.52
1960-05-01,0.88,12.88
1960-05-02,0.15,13.12
1960-05-03,0.0,13.38
1960-05-04,0.0,13.22
1960-05-05,0.0,12.93
1960-05-06,0.0,13.08
1960-05-07,0.0,12.4
1960-05-08,0.0,11.95
1960-05-09,0.0,12.01
1960-05-10,0.46,12.74
1960-05-11,0.0,12.18
1960-05-12,0.01,12.11
1960-05-13,18.31,12.41
1960-05-14,0.02,16.27
1960-05-15,3.82,13.8
1960-05-16,2.96,15.22
1960-05-17,5.34,15.6
1960-05-18,1.38,15.71
1960-05-19,23.95,15.12
1960-05-20,0.89,22.79
1960-05-21,7.58,27.28
1960-05-22,0.13,31.44
1960-05-23,0.0,25.39
1960-05-24,8.47,23.6
1960-05-25,0.0,23.19
1960-05-26,0.0,20.95
1960-05-27,2.24,19.12
1960-05-28,3.17,17.92
1960-05-29,2.82,17.4
1960-05-30,3.58,16.97
1960-05-31,0.02,17.34
1960-06-01,0.0,16.9
1960-06-02,0.0,15.47
1960-06-03,0.0,14.13
1960-06-04,0.0,13.14
1960-06-05,4.22,11.96
1960-06-06,3.93,14.09
1960-06-07,0.05,16.12
1960-06-08,0.66,13.12
1960-06-09,3.63,12.89
1960-06-10,3.95,13.39
1960-06-11,2.12,12.73
1960-06-12,0.21,11.9
1960-06-13,5.86,12.56
1960-06-14,0.08,12.82
1960-06-15,1.36,12.13
1960-06-16,0.12,11.01
1960-06-17,0.01,11.3
1960-06-18,0.23,11.98
1960-06-19,0.35,12.12
1960-06-20,0.43,11.85
1960-06-21,0.3,12.14
1960-06-22,0.0,12.03
1960-06-23,0.0,11.93
1960-06-24,0.04,12.02
1960-06-25,0.0,11.81
1960-06-26,0.0,10.94
1960-06-27,0.0,11.49
1960-06-28,6.79,11.26
1960-06-29,5.86,11.11
1960-06-30,1.9,11.17
1960-07-01,0.6,11.68
1960-07-02,0.14,10.65
1960-07-03,0.0,10.75
1960-07-04,0.78,11.03
1960-07-05,10.94,11.39
1960-07-06,0.56,13.56
1960-07-07,1.02,12.03
1960-07-08,9.85,11.63
1960-07-09,3.16,11.61
1960-07-10,7.28,11.36
1960-07-11,1.76,13.21
1960-07-12,2.79,12.66
1960-07-13,0.02,12.28
1960-07-14,4.96,11.89
1960-07-15,9.77,12.57
1960-07-16,0.02,14.44
1960-07-17,2.75,11.07
1960-07-18,1.45,13.5
1960-07-19,0.98,13.02
1960-07-20,5.21,12.23
1960-07-21,2.93,12.27
1960-07-22,2.59,13.79
1960-07-23,1.64,13.37
1960-07-24,0.0,12.11
1960-07-25,0.58,12.07
1960-07-26,1.01,11.06
1960-07-27,0.74,11.22
1960-07-28,0.97,11.46
1960-07-29,0.04,11.31
1960-07-30,2.74,10.37
1960-07-31,32.23,11.99
1960-08-01,10.99,20.45
1960-08-02,1.48,23.13
1960-08-03,1.05,19.54
1960-08-04,0.35,14.96
1960-08-05,0.01,13.7
1960-08-06,4.88,12.37
1960-08-07,0.11,13.04
1960-08-08,0.02,12.86
1960-08-09,9.08,12.62
1960-08-10,6.97,17.26
1960-08-11,7.53,15.2
1960-08-12,12.02,17.98
1960-08-13,0.1,17.48
1960-08-14,0.06,14.86
1960-08-15,12.34,16.76
1960-08-16,4.08,23.71
1960-08-17,3.11,23.13
1960-08-18,3.73,19.9
1960-08-19,0.7,19.37
1960-08-20,10.98,19.46
1960-08-21,2.56,24.41
1960-08-22,0.51,23.49
1960-08-23,2.29,26.21
1960-08-24,1.01,22.2
1960-08-25,10.29,22.7
1960-08-26,7.03,35.97
1960-08-27,12.46,43.13
1960-08-28,15.95,45.83
1960-08-29,0.94,98.15
1960-08-30,11.56,85.75
1960-08-31,3.41,73.93
1960-09-01,21.86,94.73
1960-09-02,1.74,157.94
1960-09-03,4.23,155.06
1960-09-04,4.98,113.5
1960-09-05,0.96,96.37
1960-09-06,6.35,82.05
1960-09-07,0.01,70.79
1960-09-08,0.0,64.56
1960-09-09,0.0,51.28
1960-09-10,0.0,44.05
1960-09-11,0.0,36.43
1960-09-12,0.0,35.94
1960-09-13,0.0,30.8
1960-09-14,0.12,29.36
1960-09-15,0.99,26.73
1960-09-16,0.01,26.03
1960-09-17,0.0,24.81
1960-09-18,0.01,23.36
1960-09-19,15.13,23.39
1960-09-20,2.15,31.6
1960-09-21,2.64,40.94
1960-09-22,0.01,39.0
1960-09-23,0.0,34.57
1960-09-24,0.02,30.56
1960-09-25,0.17,24.39
1960-09-26,0.72,23.87
1960-09-27,0.05,22.15
1960-09-28,0.0,21.35
1960-09-29,0.0,19.39
1960-09-30,3.61,18.31
1960-10-01,1.58,17.96
1960-10-02,1.19,19.43
1960-10-03,0.08,18.16
1960-10-04,0.1,18.44
1960-10-05,0.02,16.64
1960-10-06,0.96,16.55
1960-10-07,15.38,16.76
1960-10-08,1.88,21.69
1960-10-09,2.33,30.6
1960-10-10,8.16,28.82
1960-10-11,6.29,43.77
1960-10-12,27.98,51.19
1960-10-13,9.87,104.4
1960-10-14,0.09,171.93
1960-10-15,0.66,164.32
1960-10-16,3.85,113.22
1960-10-17,2.22,80.84
1960-10-18,9.27,68.04
1960-10-19,0.07,81.24
1960-10-20,5.13,87.63
1960-10-21,5.1,85.98
1960-10-22,5.89,109.86
1960-10-23,1.66,101.27
1960-10-24,1.35,95.57
1960-10-25,0.07,83.5
1960-10-26,11.33,71.37
1960-10-27,0.15,88.9
1960-10-28,0.0,97.4
1960-10-29,2.02,80.36
1960-10-30,6.57,73.06
1960-10-31,2.27,74.78
1960-11-01,10.78,84.49
1960-11-02,0.75,137.18
1960-11-03,8.4,127.08
1960-11-04,3.0,102.56
1960-11-05,3.33,142.61
1960-11-06,2.9,130.59
1960-11-07,1.59,112.74
1960-11-08,0.06,87.03
1960-11-09,0.0,73.66
1960-11-10,3.33,64.02
1960-11-11,0.62,61.41
1960-11-12,0.7,60.8
1960-11-13,0.62,52.67
1960-11-14,1.17,50.2
1960-11-15,3.37,48.95
1960-11-16,0.19,46.43
1960-11-17,3.37,50.15
1960-11-18,1.57,48.13
1960-11-19,2.04,50.94
1960-11-20,4.36,54.17
1960-11-21,2.5,54.95
1960-11-22,0.06,60.07
1960-11-23,0.63,62.09
1960-11-24,5.05,53.21
1960-11-25,11.4,54.18
1960-11-26,7.2,93.28
1960-11-27,20.19,142.54
1960-11-28,1.74,197.91
1960-11-29,3.17,212.3
1960-11-30,0.04,171.32
1960-12-01,0.0,141.92
1960-12-02,0.21,113.94
1960-12-03,31.28,96.75
1960-12-04,29.37,198.0
1960-12-05,0.07,455.1
1960-12-06,1.5,472.16
1960-12-07,0.09,334.93
1960-12-08,0.01,261.87
1960-12-09,4.41,201.88
1960-12-10,3.5,161.22
1960-12-11,0.37,132.25
1960-12-12,0.0,113.64
1960-12-13,2.48,98.63
1960-12-14,5.35,86.05
1960-12-15,0.0,73.88
1960-12-16,0.02,72.22
1960-12-17,0.0,72.44
1960-12-18,3.32,78.47
1960-12-19,2.01,75.75
1960-12-20,0.4,72.37
1960-12-21,16.33,84.02
1960-12-22,1.5,109.95
1960-12-23,0.0,127.68
1960-12-24,0.02,122.38
1960-12-25,0.36,109.85
1960-12-26,1.72,102.88
1960-12-27,0.01,90.73
1960-12-28,0.0,82.39
1960-12-29,0.0,75.5
1960-12-30,4.63,65.62
1960-12-31,0.63,63.74
1961-01-01,0.09,67.13
1961-01-02,4.07,70.27
1961-01-03,1.19,79.87
1961-01-04,4.0,89.92
1961-01-05,1.22,84.32
1961-01-06,4.05,83.8
1961-01-07,1.6,82.46
1961-01-08,5.39,85.69
1961-01-09,2.2,92.48
1961-01-10,2.95,101.32
1961-01-11,0.08,101.35
1961-01-12,0.12,87.31
1961-01-13,5.25,71.57
1961-01-14,0.46,74.12
1961-01-15,0.0,87.0
1961-01-16,0.0,79.32
1961-01-17,0.0,62.7
1961-01-18,0.0,55.1
1961-01-19,0.05,49.05
1961-01-20,1.75,43.71
1961-01-21,8.41,46.27
1961-01-22,1.75,66.62
1961-01-23,3.52,77.67
1961-01-24,0.75,61.78
1961-01-25,0.07,54.4
1961-01-26,0.03,49.23
1961-01-27,0.15,47.21
1961-01-28,1.4,48.27
1961-01-29,13.93,55.72
1961-01-30,11.72,117.57
1961-01-31,2.11,203.24
1961-02-01,2.24,215.88
1961-02-02,2.64,181.99
1961-02-03,1.68,163.63
1961-02-04,5.63,138.3
1961-02-05,1.35,137.36
1961-02-06,1.73,127.0
1961-02-07,4.07,112.13
1961-02-08,7.69,102.91
1961-02-09,4.88,111.13
1961-02-10,0.47,139.7
1961-02-11,9.97,137.2
1961-02-12,1.98,142.14
1961-02-13,0.05,154.64
1961-02-14,0.0,129.65
1961-02-15,0.01,114.48
1961-02-16,0.01,100.5
1961-02-17,0.0,88.49
1961-02-18,1.88,76.51
1961-02-19,0.0,70.47
1961-02-20,0.01,66.32
1961-02-21,0.0,61.13
1961-02-22,0.0,56.75
1961-02-23,3.75,53.78
1961-02-24,1.06,53.14
1961-02-25,0.28,58.02
1961-02-26,0.17,56.06
1961-02-27,11.61,55.97
1961-02-28,8.99,78.17
1961-03-01,0.77,131.18
1961-03-02,6.06,131.48
1961-03-03,0.13,103.13
1961-03-04,0.0,95.78
1961-03-05,0.0,79.8
1961-03-06,0.0,67.19
1961-03-07,0.0,60.23
1961-03-08,0.0,55.67
1961-03-09,0.05,50.64
1961-03-10,0.0,46.09
1961-03-11,0.0,42.78
1961-03-12,2.82,39.96
1961-03-13,2.58,37.45
1961-03-14,0.74,37.96
1961-03-15,0.02,38.84
1961-03-16,0.0,36.49
1961-03-17,0.01,32.16
1961-03-18,0.49,29.8
1961-03-19,1.28,27.73
1961-03-20,6.42,26.75
1961-03-21,1.41,31.24
1961-03-22,3.5,35.98
1961-03-23,0.08,35.59
1961-03-24,0.0,34.06
1961-03-25,0.0,32.83
1961-03-26,0.9,31.42
1961-03-27,1.57,30.27
1961-03-28,0.52,29.65
1961-03-29,3.34,30.36
1961-03-30,13.56,38.58
1961-03-31,1.65,53.74
1961-04-01,10.13,76.17
1961-04-02,12.56,90.3
1961-04-03,6.88,161.15
1961-04-04,3.36,172.26
1961-04-05,1.34,160.12
1961-04-06,0.01,143.17
1961-04-07,13.25,113.04
1961-04-08,0.16,116.86
1961-04-09,1.73,128.28
1961-04-10,0.37,105.72
1961-04-11,0.0,82.8
1961-04-12,0.0,68.19
1961-04-13,3.89,62.65
1961-04-14,2.99,66.45
1961-04-15,11.46,66.1
1961-04-16,2.38,87.92
1961-04-17,3.68,107.14
1961-04-18,3.0,91.06
1961-04-19,0.0,93.91
1961-04-20,2.25,85.38
1961-04-21,0.49,74.43
1961-04-22,2.89,73.11
1961-04-23,1.61,69.85
1961-04-24,1.5,63.55
1961-04-25,0.02,58.98
1961-04-26,3.28,55.69
1961-04-27,4.94,55.81
1961-04-28,2.32,68.15
1961-04-29,19.43,71.81
1961-04-30,0.86,101.64
1961-05-01,1.38,148.88
1961-05-02,3.02,119.54
1961-05-03,0.12,96.74
1961-05-04,4.09,78.83
1961-05-05,1.58,72.16
1961-05-06,6.77,66.83
1961-05-07,10.23,64.94
1961-05-08,8.97,77.36
1961-05-09,8.19,97.37
1961-05-10,0.8,120.25
1961-05-11,0.34,111.92
1961-05-12,0.25,94.21
1961-05-13,0.0,78.89
1961-05-14,0.0,65.9
1961-05-15,0.8,57.69
1961-05-16,0.42,51.62
1961-05-17,0.62,46.13
1961-05-18,0.02,42.64
1961-05-19,3.1,40.67
1961-05-20,9.94,41.92
1961-05-21,5.14,45.75
1961-05-22,0.01,53.82
1961-05-23,0.0,50.13
1961-05-24,0.0,43.74
1961-05-25,0.13,37.08
1961-05-26,6.77,36.01
1961-05-27,1.62,35.05
1961-05-28,1.82,36.07
1961-05-29,3.22,36.64
1961-05-30,4.31,38.69
1961-05-31,1.11,38.54
1961-06-01,8.52,39.83
1961-06-02,23.21,47.86
1961-06-03,1.56,110.09
1961-06-04,3.56,122.7
1961-06-05,3.71,126.97
1961-06-06,3.31,117.51
1961-06-07,3.05,119.39
1961-06-08,1.37,108.56
1961-06-09,4.95,80.43
1961-06-10,0.0,66.9
1961-06-11,2.59,61.65
1961-06-12,8.63,53.63
1961-06-13,13.89,68.47
1961-06-14,1.03,110.1
1961-06-15,0.0,99.7
1961-06-16,0.0,80.18
1961-06-17,0.0,63.17
1961-06-18,4.34,52.11
1961-06-19,0.0,48.93
1961-06-20,0.0,46.67
1961-06-21,0.0,39.65
1961-06-22,0.0,33.47
1961-06-23,0.0,30.0
1961-06-24,0.0,29.95
1961-06-25,0.12,27.7
1961-06-26,7.26,26.46
1961-06-27,2.32,36.38
1961-06-28,0.0,29.78
1961-06-29,0.0,26.69
1961-06-30,0.0,23.64
1961-07-01,0.0,22.0
1961-07-02,0.0,20.35
1961-07-03,0.33,19.81
1961-07-04,3.37,18.77
1961-07-05,7.8,20.58
1961-07-06,0.23,21.2
1961-07-07,0.14,19.89
1961-07-08,16.5,19.23
1961-07-09,3.94,26.95
1961-07-10,0.26,25.63
1961-07-11,0.05,23.86
1961-07-12,11.99,21.1
1961-07-13,6.7,21.96
1961-07-14,3.73,24.67
1961-07-15,0.92,25.29
1961-07-16,6.24,22.65
1961-07-17,9.04,21.7
1961-07-18,8.45,26.75
1961-07-19,7.81,37.31
1961-07-20,7.41,59.07
1961-07-21,2.65,59.59
1961-07-22,0.33,58.38
1961-07-23,0.05,52.48
1961-07-24,0.0,42.01
1961-07-25,0.0,33.33
1961-07-26,0.1,28.02
1961-07-27,6.14,25.53
1961-07-28,5.73,25.1
1961-07-29,3.0,25.95
1961-07-30,0.0,26.77
1961-07-31,0.0,26.45
1961-08-01,0.15,25.82
1961-08-02,8.25,23.66
1961-08-03,0.83,25.84
1961-08-04,7.14,25.44
1961-08-05,0.48,29.55
1961-08-06,0.63,27.39
1961-08-07,0.73,24.6
1961-08-08,0.37,21.82
1961-08-09,0.0,20.55
1961-08-10,0.02,18.95
1961-08-11,2.29,18.03
1961-08-12,0.39,16.9
1961-08-13,1.43,17.55
1961-08-14,2.94,17.56
1961-08-15,8.99,17.56
1961-08-16,9.92,20.73
1961-08-17,5.74,25.52
1961-08-18,1.29,26.25
1961-08-19,4.71,33.22
1961-08-20,0.34,34.29
1961-08-21,13.04,31.44
1961-08-22,9.08,34.49
1961-08-23,0.2,56.63
1961-08-24,4.25,59.87
1961-08-25,0.37,48.52
1961-08-26,0.0,43.09
1961-08-27,0.0,39.06
1961-08-28,0.0,34.55
1961-08-29,0.0,29.76
1961-08-30,0.0,25.9
1961-08-31,0.01,24.21
1961-09-01,0.0,24.84
1961-09-02,0.0,23.33
1961-09-03,4.99,19.74
1961-09-04,4.24,21.6
1961-09-05,4.06,27.08
1961-09-06,11.54,28.6
1961-09-07,17.72,34.79
1961-09-08,2.96,59.3
1961-09-09,0.02,75.34
1961-09-10,0.0,59.2
1961-09-11,1.32,45.34
1961-09-12,0.23,39.01
1961-09-13,4.25,35.08
1961-09-14,0.75,31.96
1961-09-15,0.0,28.85
1961-09-16,0.0,26.57
1961-09-17,0.0,24.15
1961-09-18,0.0,23.99
1961-09-19,0.0,20.57
1961-09-20,0.08,20.75
1961-09-21,0.18,19.23
1961-09-22,0.0,17.88
1961-09-23,0.0,16.72
1961-09-24,0.2,16.1
1961-09-25,0.0,16.4
1961-09-26,0.0,15.98
1961-09-27,0.07,15.71
1961-09-28,0.22,16.02
1961-09-29,0.38,15.94
1961-09-30,1.43,15.36
1961-10-01,3.33,14.41
1961-10-02,0.01,15.54
1961-10-03,0.28,14.72
1961-10-04,0.0,15.03
1961-10-05,0.01,14.97
1961-10-06,0.0,14.56
1961-10-07,3.22,14.08
1961-10-08,1.28,14.43
1961-10-09,0.0,14.8
1961-10-10,0.0,14.3
1961-10-11,0.05,14.14
1961-10-12,0.0,13.61
1961-10-13,0.0,13.84
1961-10-14,0.0,13.19
1961-10-15,0.0,12.01
1961-10-16,2.25,13.52
1961-10-17,10.45,16.26
1961-10-18,6.6,22.83
1961-10-19,3.25,23.41
1961-10-20,0.0,22.97
1961-10-21,0.0,22.44
1961-10-22,0.0,21.0
1961-10-23,4.33,20.26
1961-10-24,6.79,21.19
1961-10-25,10.95,33.72
1961-10-26,2.0,41.05
1961-10-27,0.96,40.15
1961-10-28,0.02,32.15
1961-10-29,0.97,26.79
1961-10-30,0.0,24.16
1961-10-31,0.67,21.2
1961-11-01,0.59,18.47
1961-11-02,3.16,19.24
1961-11-03,6.25,21.69
1961-11-04,2.64,25.72
1961-11-05,0.06,27.86
1961-11-06,2.11,25.74
1961-11-07,6.83,24.8
1961-11-08,7.53,28.76
1961-11-09,6.39,37.08
1961-11-10,0.14,50.89
1961-11-11,0.11,51.98
1961-11-12,0.25,41.03
1961-11-13,13.0,33.75
1961-11-14,0.06,42.88
1961-11-15,0.01,53.55
1961-11-16,0.41,46.86
1961-11-17,0.71,37.19
1961-11-18,0.71,33.74
1961-11-19,0.02,31.91
1961-11-20,0.01,30.92
1961-11-21,0.01,28.36
1961-11-22,0.0,25.65
1961-11-23,2.91,24.0
1961-11-24,0.55,21.22
1961-11-25,0.04,21.63
1961-11-26,14.31,23.89
1961-11-27,11.51,45.39
1961-11-28,2.65,117.29
1961-11-29,0.03,117.97
1961-11-30,15.13,82.63
1961-12-01,28.38,114.55
1961-12-02,3.34,250.91
1961-12-03,3.92,327.59
1961-12-04,12.94,254.57
1961-12-05,0.93,238.7
1961-12-06,0.07,237.16
1961-12-07,0.04,193.11
1961-12-08,0.0,136.66
1961-12-09,0.21,105.71
1961-12-10,10.98,88.72
1961-12-11,8.01,90.4
1961-12-12,12.65,136.96
1961-12-13,16.18,191.21
1961-12-14,3.46,216.27
1961-12-15,0.01,216.15
1961-12-16,0.01,195.8
1961-12-17,0.0,161.91
1961-12-18,0.0,132.2
1961-12-19,0.0,103.53
1961-12-20,1.8,84.94
1961-12-21,1.58,71.81
1961-12-22,1.62,67.83
1961-12-23,0.0,68.44
1961-12-24,0.0,66.39
1961-12-25,0.0,60.88
1961-12-26,0.02,52.3
1961-12-27,0.0,42.52
1961-12-28,0.03,39.34
1961-12-29,0.31,37.66
1961-12-30,1.46,36.37
1961-12-31,3.97,48.33
1962-01-01,0.04,62.13
1962-01-02,0.15,51.16
1962-01-03,0.01,39.96
1962-01-04,0.0,36.8
1962-01-05,0.05,34.73
1962-01-06,4.69,34.15
1962-01-07,2.07,39.19
1962-01-08,0.26,48.27
1962-01-09,1.47,52.84
1962-01-10,3.88,57.39
1962-01-11,2.38,91.3
1962-01-12,3.47,98.33
1962-01-13,1.91,101.39
1962-01-14,3.24,87.69
1962-01-15,0.03,85.82
1962-01-16,2.19,76.22
1962-01-17,0.95,66.56
1962-01-18,1.34,66.22
1962-01-19,3.4,62.18
1962-01-20,2.49,65.91
1962-01-21,4.8,72.79
1962-01-22,3.81,80.32
1962-01-23,1.07,95.52
1962-01-24,15.15,77.71
1962-01-25,4.96,103.98
1962-01-26,5.81,150.17
1962-01-27,1.17,151.81
1962-01-28,0.46,133.39
1962-01-29,0.12,114.25
1962-01-30,0.0,91.23
1962-01-31,0.85,68.74
1962-02-01,5.52,61.34
1962-02-02,1.83,56.84
1962-02-03,1.04,52.7
1962-02-04,12.26,51.8
1962-02-05,3.03,92.16
1962-02-06,0.81,152.76
1962-02-07,1.02,142.91
1962-02-08,1.79,131.04
1962-02-09,0.03,109.92
1962-02-10,1.3,93.24
1962-02-11,1.31,77.55
1962-02-12,27.11,91.46
1962-02-13,10.81,197.16
1962-02-14,0.83,255.93
1962-02-15,4.87,209.29
1962-02-16,5.74,188.46
1962-02-17,2.01,209.04
1962-02-18,0.77,185.09
1962-02-19,0.01,156.65
1962-02-20,0.03,138.9
1962-02-21,0.0,120.03
1962-02-22,0.26,100.25
1962-02-23,0.0,85.02
1962-02-24,0.18,70.88
1962-02-25,0.05,63.91
1962-02-26,0.0,60.88
1962-02-27,0.0,54.98
1962-02-28,0.0,51.55
1962-03-01,0.3,48.51
1962-03-02,0.5,46.15
1962-03-03,0.02,45.16
1962-03-04,4.86,43.27
1962-03-05,4.11,44.2
1962-03-06,0.3,42.16
1962-03-07,0.0,37.34
1962-03-08,1.35,35.54
1962-03-09,2.06,35.2
1962-03-10,1.41,38.34
1962-03-11,4.07,56.23
1962-03-12,1.39,70.32
1962-03-13,0.19,68.39
1962-03-14,1.92,54.79
1962-03-15,0.58,48.46
1962-03-16,0.03,43.6
1962-03-17,0.53,41.88
1962-03-18,0.01,38.63
1962-03-19,0.01,39.62
1962-03-20,0.01,38.55
1962-03-21,0.01,35.69
1962-03-22,0.0,35.78
1962-03-23,0.0,32.33
1962-03-24,0.03,28.24
1962-03-25,0.0,25.7
1962-03-26,1.99,28.16
1962-03-27,6.27,31.2
1962-03-28,3.61,33.24
1962-03-29,4.88,35.42
1962-03-30,9.83,51.23
1962-03-31,4.22,75.48
1962-04-01,8.28,87.07
1962-04-02,2.46,87.22
1962-04-03,4.07,93.11
1962-04-04,4.31,98.17
1962-04-05,5.39,106.95
1962-04-06,3.97,106.59
1962-04-07,6.46,98.17
1962-04-08,11.43,104.89
1962-04-09,3.04,163.05
1962-04-10,2.34,183.44
1962-04-11,0.39,143.06
1962-04-12,0.88,117.45
1962-04-13,2.17,96.81
1962-04-14,2.15,81.56
1962-04-15,0.28,72.7
1962-04-16,11.17,70.57
1962-04-17,0.0,92.45
1962-04-18,0.04,102.85
1962-04-19,0.09,85.29
1962-04-20,0.58,71.31
1962-04-21,0.0,64.5
1962-04-22,0.03,61.51
1962-04-23,0.0,57.18
1962-04-24,0.0,46.21
1962-04-25,0.0,42.15
1962-04-26,0.03,38.34
1962-04-27,0.01,35.01
1962-04-28,0.03,33.45
1962-04-29,0.11,31.68
1962-04-30,0.04,29.06
1962-05-01,2.6,28.73
1962-05-02,0.19,30.26
1962-05-03,0.01,28.26
1962-05-04,0.0,26.5
1962-05-05,0.01,24.93
1962-05-06,6.26,24.65
1962-05-07,0.15,27.21
1962-05-08,2.44,25.87
1962-05-09,6.36,24.86
1962-05-10,5.51,26.34
1962-05-11,4.04,29.0
1962-05-12,1.43,28.62
1962-05-13,1.77,28.11
1962-05-14,2.58,28.01
1962-05-15,1.96,25.84
1962-05-16,2.99,27.0
1962-05-17,4.71,32.86
1962-05-18,0.04,28.17
1962-05-19,1.1,26.95
1962-05-20,0.94,25.46
1962-05-21,9.95,25.91
1962-05-22,0.47,32.58
1962-05-23,0.78,29.91
1962-05-24,2.09,27.04
1962-05-25,2.77,28.48
1962-05-26,1.79,30.27
1962-05-27,0.84,30.21
1962-05-28,4.87,24.37
1962-05-29,3.08,22.46
1962-05-30,0.54,23.81
1962-05-31,0.25,23.3
1962-06-01,0.01,23.5
1962-06-02,1.34,22.22
1962-06-03,0.02,19.18
1962-06-04,0.0,18.27
1962-06-05,0.0,17.67
1962-06-06,0.08,17.91
1962-06-07,0.0,17.61
1962-06-08,0.0,16.57
1962-06-09,0.0,16.18
1962-06-10,0.33,15.26
1962-06-11,2.01,14.43
1962-06-12,0.0,16.64
1962-06-13,0.0,15.36
1962-06-14,2.46,15.92
1962-06-15,4.36,16.03
1962-06-16,0.03,15.47
1962-06-17,0.0,14.1
1962-06-18,2.51,14.32
1962-06-19,8.48,16.5
1962-06-20,0.51,17.88
1962-06-21,0.02,15.96
1962-06-22,0.01,15.71
1962-06-23,0.0,14.51
1962-06-24,0.0,13.62
1962-06-25,0.01,14.02
1962-06-26,6.93,14.19
1962-06-27,1.64,16.97
1962-06-28,3.59,16.39
1962-06-29,0.92,15.72
1962-06-30,2.53,14.6
1962-07-01,3.13,13.02
1962-07-02,6.04,15.49
1962-07-03,7.0,15.81
1962-07-04,10.22,17.04
1962-07-05,2.15,18.74
1962-07-06,4.95,22.66
1962-07-07,0.35,21.15
1962-07-08,0.02,18.92
1962-07-09,0.0,18.78
1962-07-10,3.08,18.22
1962-07-11,3.88,18.11
1962-07-12,11.04,17.39
1962-07-13,1.81,20.98
1962-07-14,5.76,19.71
1962-07-15,11.04,24.9
1962-07-16,9.73,27.07
1962-07-17,7.35,35.01
1962-07-18,0.41,51.91
1962-07-19,3.8,52.63
1962-07-20,1.8,44.41
1962-07-21,6.87,36.68
1962-07-22,0.14,31.95
1962-07-23,0.2,36.09
1962-07-24,0.01,32.4
1962-07-25,8.8,26.94
1962-07-26,10.87,28.1
1962-07-27,1.86,44.29
1962-07-28,0.0,58.29
1962-07-29,0.0,43.24
1962-07-30,0.09,32.59
1962-07-31,0.09,27.85
1962-08-01,0.0,25.23
1962-08-02,0.01,22.75
1962-08-03,2.14,19.89
1962-08-04,13.88,18.28
1962-08-05,3.77,21.26
1962-08-06,2.54,28.93
1962-08-07,1.57,29.3
1962-08-08,4.04,25.49
1962-08-09,0.05,25.99
1962-08-10,0.23,21.89
1962-08-11,0.0,19.56
1962-08-12,0.0,18.2
1962-08-13,0.3,17.59
1962-08-14,3.33,17.8
1962-08-15,3.21,18.05
1962-08-16,0.19,18.73
1962-08-17,11.38,15.91
1962-08-18,1.61,22.82
1962-08-19,0.0,19.26
1962-08-20,2.33,17.76
1962-08-21,1.17,16.19
1962-08-22,7.73,15.77
1962-08-23,5.03,19.78
1962-08-24,13.8,23.94
1962-08-25,1.63,39.0
1962-08-26,0.0,41.22
1962-08-27,0.57,30.21
1962-08-28,2.66,25.37
1962-08-29,0.81,21.57
1962-08-30,0.0,20.28
1962-08-31,0.0,18.83
1962-09-01,0.0,17.56
1962-09-02,0.0,16.22
1962-09-03,0.06,16.77
1962-09-04,7.17,15.64
1962-09-05,3.66,15.97
1962-09-06,9.52,17.11
1962-09-07,5.96,23.73
1962-09-08,4.62,25.73
1962-09-09,0.01,24.1
1962-09-10,1.4,21.89
1962-09-11,0.79,19.28
1962-09-12,8.59,17.84
1962-09-13,0.03,21.34
1962-09-14,0.0,22.4
1962-09-15,0.0,19.82
1962-09-16,0.22,17.92
1962-09-17,1.92,17.3
1962-09-18,4.8,17.8
1962-09-19,0.75,22.2
1962-09-20,0.22,21.32
1962-09-21,1.02,18.11
1962-09-22,0.59,16.74
1962-09-23,1.21,15.58
1962-09-24,0.1,15.31
1962-09-25,0.0,15.33
1962-09-26,1.64,15.45
1962-09-27,3.26,15.49
1962-09-28,0.02,20.01
1962-09-29,0.24,17.62
1962-09-30,0.68,16.09
1962-10-01,0.19,15.3
1962-10-02,0.0,16.19
1962-10-03,0.01,15.87
1962-10-04,1.47,15.2
1962-10-05,0.03,14.56
1962-10-06,0.02,14.12
1962-10-07,0.01,13.19
1962-10-08,0.0,13.89
1962-10-09,0.0,14.32
1962-10-10,0.06,13.33
1962-10-11,0.25,13.32
1962-10-12,0.01,12.76
1962-10-13,0.2,12.7
1962-10-14,0.48,12.38
1962-10-15,0.0,14.25
1962-10-16,0.14,13.7
1962-10-17,0.01,13.6
1962-10-18,0.32,13.91
1962-10-19,0.1,13.77
1962-10-20,0.05,13.58
1962-10-21,0.01,12.46
1962-10-22,0.0,12.39
1962-10-23,0.0,13.29
1962-10-24,0.32,13.28
1962-10-25,1.05,12.62
1962-10-26,9.2,13.49
1962-10-27,0.17,16.9
1962-10-28,0.49,16.1
1962-10-29,0.29,14.27
1962-10-30,1.46,14.12
1962-10-31,0.98,14.88
1962-11-01,0.01,14.17
1962-11-02,2.94,14.07
1962-11-03,0.02,16.57
1962-11-04,0.0,16.2
1962-11-05,0.0,15.66
1962-11-06,0.43,14.07
1962-11-07,0.01,13.9
1962-11-08,0.01,13.31
1962-11-09,0.05,13.21
1962-11-10,0.01,16.16
1962-11-11,0.01,14.05
1962-11-12,4.13,12.74
1962-11-13,2.93,13.09
1962-11-14,2.29,14.23
1962-11-15,4.13,14.27
1962-11-16,0.38,16.1
1962-11-17,0.28,15.94
1962-11-18,2.61,15.25
1962-11-19,2.36,16.89
1962-11-20,0.76,18.64
1962-11-21,2.36,17.24
1962-11-22,0.01,14.9
1962-11-23,0.0,14.5
1962-11-24,0.01,15.85
1962-11-25,1.1,14.9
1962-11-26,0.13,17.49
1962-11-27,3.1,20.07
1962-11-28,0.34,18.09
1962-11-29,0.62,17.14
1962-11-30,0.42,17.25
1962-12-01,0.01,16.58
1962-12-02,0.0,14.36
1962-12-03,0.0,13.64
1962-12-04,0.0,13.62
1962-12-05,0.0,13.09
1962-12-06,0.0,12.39
1962-12-07,0.0,12.1
1962-12-08,2.27,12.52
1962-12-09,10.67,13.33
1962-12-10,1.7,18.36
1962-12-11,9.32,20.72
1962-12-12,4.59,51.37
1962-12-13,0.77,66.11
1962-12-14,17.82,53.87
1962-12-15,15.63,64.82
1962-12-16,5.03,147.12
1962-12-17,1.28,176.24
1962-12-18,7.44,127.04
1962-12-19,0.77,90.91
1962-12-20,4.54,77.17
1962-12-21,1.53,69.92
1962-12-22,0.01,73.04
1962-12-23,0.0,51.87
1962-12-24,0.0,38.51
1962-12-25,0.04,34.32
1962-12-26,1.88,34.08
1962-12-27,1.67,30.8
1962-12-28,0.28,27.11
1962-12-29,0.12,25.5
1962-12-30,10.45,23.22
1962-12-31,0.0,21.77
1963-01-01,0.0,22.33
1963-01-02,0.03,21.59
1963-01-03,1.94,19.08
1963-01-04,5.5,20.45
1963-01-05,3.44,28.44
1963-01-06,0.34,24.68
1963-01-07,0.01,23.61
1963-01-08,0.0,22.62
1963-01-09,0.01,20.78
1963-01-10,0.04,20.08
1963-01-11,0.06,18.51
1963-01-12,0.09,17.16
1963-01-13,2.53,16.86
1963-01-14,1.61,16.78
1963-01-15,4.7,15.54
1963-01-16,0.02,15.58
1963-01-17,0.04,15.29
1963-01-18,0.38,15.19
1963-01-19,0.0,14.76
1963-01-20,0.0,14.36
1963-01-21,0.0,15.12
1963-01-22,0.01,15.26
1963-01-23,0.06,15.75
1963-01-24,0.03,13.69
1963-01-25,0.3,13.93
1963-01-26,3.62,14.41
1963-01-27,0.32,11.82
1963-01-28,0.34,12.65
1963-01-29,0.68,13.68
1963-01-30,0.24,13.68
1963-01-31,0.39,13.2
1963-02-01,0.32,12.16
1963-02-02,0.16,12.11
1963-02-03,2.57,12.25
1963-02-04,0.72,13.09
1963-02-05,0.01,13.9
1963-02-06,0.0,13.13
1963-02-07,0.12,13.01
1963-02-08,0.72,14.27
1963-02-09,0.0,13.47
1963-02-10,0.0,12.26
1963-02-11,0.01,13.28
1963-02-12,2.17,13.57
1963-02-13,2.0,13.74
1963-02-14,1.1,13.37
1963-02-15,0.64,13.44
1963-02-16,2.21,13.22
1963-02-17,1.76,12.87
1963-02-18,1.25,13.61
1963-02-19,0.0,14.01
1963-02-20,0.07,13.22
1963-02-21,0.08,13.01
1963-02-22,0.09,12.2
1963-02-23,0.0,11.81
1963-02-24,0.0,11.81
1963-02-25,0.0,12.13
1963-02-26,0.0,12.46
1963-02-27,0.0,13.61
1963-02-28,0.0,13.64
1963-03-01,0.0,13.5
1963-03-02,0.0,15.93
1963-03-03,0.0,18.73
1963-03-04,0.0,20.24
1963-03-05,0.0,27.2
1963-03-06,0.0,57.33
1963-03-07,0.0,107.22
1963-03-08,0.01,135.27
1963-03-09,0.31,149.78
1963-03-10,1.61,146.94
1963-03-11,0.78,132.74
1963-03-12,8.95,121.44
1963-03-13,2.16,107.97
1963-03-14,4.44,107.34
1963-03-15,2.29,115.7
1963-03-16,2.85,105.08
1963-03-17,0.02,102.12
1963-03-18,11.16,106.28
1963-03-19,2.6,129.54
1963-03-20,0.01,138.7
1963-03-21,0.02,113.72
1963-03-22,0.03,87.8
1963-03-23,0.02,66.64
1963-03-24,0.1,50.84
1963-03-25,0.62,51.03
1963-03-26,4.05,50.45
1963-03-27,0.66,50.55
1963-03-28,0.44,50.3
1963-03-29,3.86,45.27
1963-03-30,11.59,43.15
1963-03-31,0.67,55.54
1963-04-01,0.0,91.21
1963-04-02,0.0,68.77
1963-04-03,5.32,57.16
1963-04-04,2.59,60.08
1963-04-05,0.01,82.58
1963-04-06,0.0,67.01
1963-04-07,0.0,47.78
1963-04-08,0.0,38.38
1963-04-09,0.86,35.55
1963-04-10,0.7,33.85
1963-04-11,0.0,32.28
1963-04-12,0.0,30.92
1963-04-13,0.0,28.27
1963-04-14,0.06,27.76
1963-04-15,2.9,31.38
1963-04-16,1.17,30.9
1963-04-17,0.91,23.52
1963-04-18,0.28,24.31
1963-04-19,0.03,23.05
1963-04-20,0.54,21.21
1963-04-21,4.8,20.47
1963-04-22,0.35,24.0
1963-04-23,0.0,21.58
1963-04-24,0.0,18.92
1963-04-25,0.0,17.56
1963-04-26,0.0,16.64
1963-04-27,0.08,17.13
1963-04-28,6.24,18.2
1963-04-29,13.73,19.35
1963-04-30,0.34,23.53
1963-05-01,6.37,31.6
1963-05-02,0.25,36.78
1963-05-03,2.12,30.95
1963-05-04,0.0,25.77
1963-05-05,0.13,23.13
1963-05-06,0.0,21.29
1963-05-07,0.0,20.18
1963-05-08,0.12,17.83
1963-05-09,10.26,17.21
1963-05-10,1.86,20.84
1963-05-11,0.22,21.34
1963-05-12,0.0,20.31
1963-05-13,5.3,19.19
1963-05-14,4.65,19.11
1963-05-15,6.01,22.5
1963-05-16,1.75,24.33
1963-05-17,1.15,28.35
1963-05-18,0.18,24.28
1963-05-19,2.69,22.76
1963-05-20,0.11,21.79
1963-05-21,0.45,20.26
1963-05-22,2.16,20.15
1963-05-23,1.03,21.02
1963-05-24,1.81,18.86
1963-05-25,0.03,17.94
1963-05-26,0.17,17.27
1963-05-27,0.66,16.85
1963-05-28,1.29,16.0
1963-05-29,0.0,15.84
1963-05-30,0.0,15.55
1963-05-31,0.0,15.24
1963-06-01,0.0,13.66
1963-06-02,0.0,12.11
1963-06-03,0.0,11.68
1963-06-04,0.0,11.73
1963-06-05,5.18,12.67
1963-06-06,0.31,13.24
1963-06-07,5.79,14.66
1963-06-08,0.11,15.48
1963-06-09,0.0,12.44
1963-06-10,0.56,12.37
1963-06-11,0.24,13.8
1963-06-12,0.0,12.56
1963-06-13,4.87,13.44
1963-06-14,18.53,15.1
1963-06-15,0.86,17.16
1963-06-16,1.13,14.88
1963-06-17,1.99,13.41
1963-06-18,17.08,14.76
1963-06-19,3.03,18.37
1963-06-20,9.13,19.01
1963-06-21,2.29,21.36
1963-06-22,0.77,19.62
1963-06-23,0.0,17.77
1963-06-24,0.04,16.24
1963-06-25,8.47,15.65
1963-06-26,0.03,18.7
1963-06-27,4.4,15.79
1963-06-28,6.76,19.01
1963-06-29,0.12,20.28
1963-06-30,0.21,18.82
1963-07-01,4.04,17.11
1963-07-02,2.58,15.4
1963-07-03,3.22,14.29
1963-07-04,1.74,14.29
1963-07-05,4.85,14.77
1963-07-06,0.6,17.38
1963-07-07,0.01,18.6
1963-07-08,0.37,16.84
1963-07-09,0.04,14.95
1963-07-10,0.33,14.27
1963-07-11,1.86,14.19
1963-07-12,0.1,15.02
1963-07-13,3.88,15.35
1963-07-14,0.0,12.24
1963-07-15,0.0,10.74
1963-07-16,0.0,11.45
1963-07-17,0.0,12.0
1963-07-18,0.0,12.12
1963-07-19,0.0,11.89
1963-07-20,0.0,11.02
1963-07-21,0.0,10.19
1963-07-22,0.36,11.27
1963-07-23,9.59,11.34
1963-07-24,0.06,12.94
1963-07-25,9.78,13.43
1963-07-26,0.04,18.45
1963-07-27,0.0,13.64
1963-07-28,0.0,10.73
1963-07-29,0.0,11.25
1963-07-30,0.0,10.61
1963-07-31,3.19,11.07
1963-08-01,0.0,11.05
1963-08-02,0.7,11.08
1963-08-03,0.65,11.69
1963-08-04,8.63,10.88
1963-08-05,0.0,10.95
1963-08-06,1.66,12.43
1963-08-07,4.34,12.1
1963-08-08,1.23,11.46
1963-08-09,0.79,11.37
1963-08-10,3.05,11.49
1963-08-11,1.06,11.82
1963-08-12,0.49,12.16
1963-08-13,0.67,11.37
1963-08-14,2.54,11.26
1963-08-15,1.65,11.05
1963-08-16,1.0,10.86
1963-08-17,4.61,11.67
1963-08-18,6.43,12.95
1963-08-19,9.63,13.36
1963-08-20,5.84,15.09
1963-08-21,3.08,15.31
1963-08-22,4.64,12.49
1963-08-23,0.2,12.83
1963-08-24,1.94,13.03
1963-08-25,1.02,12.02
1963-08-26,17.09,12.22
1963-08-27,0.64,13.09
1963-08-28,1.2,13.56
1963-08-29,0.14,15.7
1963-08-30,0.0,12.69
1963-08-31,0.83,12.0
1963-09-01,7.91,12.05
1963-09-02,0.53,12.75
1963-09-03,1.64,12.75
1963-09-04,1.01,13.44
1963-09-05,4.98,13.86
1963-09-06,2.74,13.82
1963-09-07,0.0,14.81
1963-09-08,0.01,13.2
1963-09-09,0.06,12.68
1963-09-10,0.0,12.79
1963-09-11,1.43,12.59
1963-09-12,0.63,12.91
1963-09-13,0.01,12.77
1963-09-14,0.0,11.94
1963-09-15,0.0,10.34
1963-09-16,0.0,12.5
1963-09-17,4.34,13.29
1963-09-18,0.23,14.06
1963-09-19,0.01,12.17
1963-09-20,0.0,11.64
1963-09-21,0.0,11.79
1963-09-22,0.01,10.62
1963-09-23,0.11,11.72
1963-09-24,6.38,11.83
1963-09-25,4.24,17.83
1963-09-26,13.31,16.52
1963-09-27,5.9,22.5
1963-09-28,3.98,20.93
1963-09-29,5.23,21.19
1963-09-30,14.23,22.98
1963-10-01,1.48,29.79
1963-10-02,0.84,32.43
1963-10-03,2.83,26.02
1963-10-04,3.08,23.66
1963-10-05,11.37,24.76
1963-10-06,3.9,29.07
1963-10-07,0.02,31.96
1963-10-08,1.99,27.07
1963-10-09,2.09,24.0
1963-10-10,1.17,22.65
1963-10-11,0.03,21.75
1963-10-12,0.0,20.36
1963-10-13,1.51,18.91
1963-10-14,0.86,18.43
1963-10-15,0.0,18.21
1963-10-16,0.0,17.84
1963-10-17,6.13,17.24
1963-10-18,0.06,17.84
1963-10-19,0.0,19.12
1963-10-20,0.14,16.73
1963-10-21,0.58,15.83
1963-10-22,1.35,14.84
1963-10-23,0.66,15.37
1963-10-24,0.69,15.69
1963-10-25,0.0,16.12
1963-10-26,0.05,16.07
1963-10-27,0.01,14.97
1963-10-28,0.0,15.09
1963-10-29,0.01,15.48
1963-10-30,0.0,14.79
1963-10-31,0.26,14.93
1963-11-01,0.05,14.67
1963-11-02,0.0,13.3
1963-11-03,0.05,13.09
1963-11-04,0.89,13.8
1963-11-05,0.0,13.72
1963-11-06,1.71,14.56
1963-11-07,3.39,15.62
1963-11-08,7.69,17.1
1963-11-09,1.92,21.47
1963-11-10,8.73,20.19
1963-11-11,12.3,22.94
1963-11-12,1.29,31.73
1963-11-13,6.25,45.83
1963-11-14,0.01,40.34
1963-11-15,6.9,35.89
1963-11-16,5.28,44.25
1963-11-17,4.87,50.9
1963-11-18,9.3,58.84
1963-11-19,14.45,75.55
1963-11-20,0.58,117.77
1963-11-21,2.96,127.13
1963-11-22,1.48,92.44
1963-11-23,0.29,62.36
1963-11-24,0.0,49.63
1963-11-25,0.68,39.68
1963-11-26,0.03,33.46
1963-11-27,0.12,29.01
1963-11-28,0.01,28.06
1963-11-29,0.0,27.34
1963-11-30,0.0,27.68
1963-12-01,0.0,25.29
1963-12-02,0.0,23.46
1963-12-03,0.0,22.16
1963-12-04,0.0,21.6
1963-12-05,0.0,21.48
1963-12-06,0.0,20.43
1963-12-07,0.0,20.42
1963-12-08,0.0,19.35
1963-12-09,0.0,19.0
1963-12-10,0.01,17.99
1963-12-11,0.01,17.98
1963-12-12,0.3,16.91
1963-12-13,1.03,17.01
1963-12-14,0.24,17.38
1963-12-15,0.16,16.2
1963-12-16,1.23,15.84
1963-12-17,1.81,16.93
1963-12-18,0.75,17.73
1963-12-19,0.11,17.41
1963-12-20,0.01,16.58
1963-12-21,0.0,16.37
1963-12-22,0.0,15.19
1963-12-23,0.0,14.35
1963-12-24,0.0,13.84
1963-12-25,0.39,13.6
1963-12-26,7.63,13.6
1963-12-27,0.02,29.95
1963-12-28,0.03,33.33
1963-12-29,0.68,23.65
1963-12-30,0.01,22.43
1963-12-31,0.13,21.9
1964-01-01,0.05,21.74
1964-01-02,0.0,20.28
1964-01-03,0.0,19.8
1964-01-04,0.01,19.48
1964-01-05,1.22,18.11
1964-01-06,1.16,18.27
1964-01-07,1.36,19.38
1964-01-08,5.23,17.01
1964-01-09,1.11,18.5
1964-01-10,0.83,26.89
1964-01-11,0.0,26.36
1964-01-12,0.03,21.83
1964-01-13,0.45,19.94
1964-01-14,1.52,19.19
1964-01-15,0.0,19.3
1964-01-16,0.0,17.68
1964-01-17,0.0,15.41
1964-01-18,0.0,14.82
1964-01-19,0.01,13.72
1964-01-20,0.01,13.79
1964-01-21,0.19,14.4
1964-01-22,0.24,13.95
1964-01-23,0.06,13.81
1964-01-24,0.69,13.95
1964-01-25,0.15,14.06
1964-01-26,0.35,14.04
1964-01-27,0.36,14.69
1964-01-28,0.23,14.79
1964-01-29,0.03,15.1
1964-01-30,2.97,16.72
1964-01-31,4.53,20.1
1964-02-01,0.38,23.8
1964-02-02,0.82,28.08
1964-02-03,4.23,29.65
1964-02-04,1.11,33.16
1964-02-05,0.68,40.36
1964-02-06,1.37,39.07
1964-02-07,5.98,25.88
1964-02-08,2.3,20.97
1964-02-09,3.11,26.91
1964-02-10,2.85,43.8
1964-02-11,6.36,48.92
1964-02-12,0.69,59.59
1964-02-13,0.01,56.41
1964-02-14,0.0,45.36
1964-02-15,0.0,37.74
1964-02-16,0.71,30.79
1964-02-17,5.18,31.47
1964-02-18,1.23,35.41
1964-02-19,0.0,31.41
1964-02-20,0.0,24.76
1964-02-21,0.0,23.43
1964-02-22,0.05,24.08
1964-02-23,2.34,21.78
1964-02-24,0.04,22.48
1964-02-25,0.0,24.64
1964-02-26,0.12,26.81
1964-02-27,6.64,27.94
1964-02-28,0.47,26.49
1964-02-29,0.02,35.01
1964-03-01,0.0,31.44
1964-03-02,0.0,30.42
1964-03-03,0.0,26.03
1964-03-04,0.03,23.54
1964-03-05,0.25,21.45
1964-03-06,0.08,19.03
1964-03-07,0.0,18.09
1964-03-08,0.0,17.74
1964-03-09,0.0,18.44
1964-03-10,0.0,17.3
1964-03-11,0.0,17.07
1964-03-12,0.0,16.78
1964-03-13,0.0,16.11
1964-03-14,0.0,15.62
1964-03-15,0.0,15.33
1964-03-16,0.0,14.49
1964-03-17,0.21,14.1
1964-03-18,0.0,14.24
1964-03-19,4.24,14.92
1964-03-20,0.7,17.6
1964-03-21,0.38,18.26
1964-03-22,2.52,17.18
1964-03-23,0.95,17.86
1964-03-24,7.69,18.15
1964-03-25,6.15,24.69
1964-03-26,0.02,37.48
1964-03-27,0.0,28.34
1964-03-28,3.74,21.38
1964-03-29,5.37,22.93
1964-03-30,0.65,33.38
1964-03-31,0.15,30.46
1964-04-01,0.6,28.58
1964-04-02,0.06,25.91
1964-04-03,1.64,25.01
1964-04-04,0.1,22.79
1964-04-05,0.04,21.64
1964-04-06,0.02,22.4
1964-04-07,2.22,21.24
1964-04-08,1.4,20.25
1964-04-09,0.0,20.14
1964-04-10,0.37,19.48
1964-04-11,0.15,19.49
1964-04-12,6.24,17.42
1964-04-13,3.02,21.04
1964-04-14,3.23,22.93
1964-04-15,0.0,23.66
1964-04-16,0.0,22.09
1964-04-17,0.0,19.32
1964-04-18,0.0,17.87
1964-04-19,0.49,15.89
1964-04-20,0.01,16.22
1964-04-21,0.34,15.94
1964-04-22,0.57,15.84
1964-04-23,7.44,15.98
1964-04-24,2.25,19.43
1964-04-25,0.07,19.09
1964-04-26,0.0,16.97
1964-04-27,0.01,15.92
1964-04-28,6.67,16.67
1964-04-29,3.32,18.77
1964-04-30,3.82,19.67
1964-05-01,4.99,19.34
1964-05-02,5.93,20.33
1964-05-03,4.28,22.58
1964-05-04,2.03,26.35
1964-05-05,0.23,32.74
1964-05-06,0.01,23.15
1964-05-07,0.19,19.47
1964-05-08,0.0,20.53
1964-05-09,0.0,17.7
1964-05-10,0.0,16.59
1964-05-11,0.0,15.68
1964-05-12,0.0,14.8
1964-05-13,2.13,15.06
1964-05-14,1.22,14.24
1964-05-15,0.0,14.47
1964-05-16,0.0,13.34
1964-05-17,0.0,12.56
1964-05-18,6.08,12.2
1964-05-19,7.97,15.02
1964-05-20,2.37,15.48
1964-05-21,0.02,14.69
1964-05-22,0.0,14.68
1964-05-23,0.0,14.12
1964-05-24,0.0,13.07
1964-05-25,0.0,13.04
1964-05-26,2.36,13.21
1964-05-27,8.88,14.12
1964-05-28,2.69,17.7
1964-05-29,0.0,14.93
1964-05-30,0.0,15.69
1964-05-31,1.3,14.38
1964-06-01,2.36,14.23
1964-06-02,2.49,13.59
1964-06-03,0.61,13.94
1964-06-04,0.0,13.15
1964-06-05,0.02,13.16
1964-06-06,0.0,12.8
1964-06-07,8.53,12.2
1964-06-08,0.7,16.25
1964-06-09,0.0,13.69
1964-06-10,0.0,13.32
1964-06-11,0.0,12.99
1964-06-12,0.0,13.08
1964-06-13,1.28,12.6
1964-06-14,0.32,12.62
1964-06-15,0.21,13.01
1964-06-16,0.0,13.18
1964-06-17,0.0,12.09
1964-06-18,1.22,13.33
1964-06-19,0.62,12.52
1964-06-20,3.34,12.55
1964-06-21,0.29,12.29
1964-06-22,0.66,12.58
1964-06-23,0.27,13.35
1964-06-24,0.0,13.02
1964-06-25,0.0,12.91
1964-06-26,0.04,12.56
1964-06-27,0.0,10.55
1964-06-28,0.13,9.44
1964-06-29,9.49,11.07
1964-06-30,0.12,13.3
1964-07-01,0.01,11.2
1964-07-02,0.0,11.02
1964-07-03,1.16,10.59
1964-07-04,0.19,9.41
1964-07-05,1.23,9.47
1964-07-06,0.0,12.22
1964-07-07,0.0,10.78
1964-07-08,2.62,10.38
1964-07-09,4.93,9.13
1964-07-10,3.85,10.64
1964-07-11,1.72,9.68
1964-07-12,4.88,8.83
1964-07-13,1.46,11.67
1964-07-14,0.01,11.88
1964-07-15,0.06,10.61
1964-07-16,0.0,9.14
1964-07-17,0.0,9.8
1964-07-18,0.18,9.45
1964-07-19,0.03,8.62
1964-07-20,0.0,8.1
1964-07-21,10.27,10.54
1964-07-22,1.83,13.2
1964-07-23,0.76,10.58
1964-07-24,0.15,11.04
1964-07-25,0.0,9.94
1964-07-26,0.0,10.53
1964-07-27,0.0,9.34
1964-07-28,0.0,10.01
1964-07-29,0.0,8.25
1964-07-30,0.01,8.38
1964-07-31,4.35,7.95
1964-08-01,7.13,9.34
1964-08-02,1.29,9.24
1964-08-03,0.15,9.64
1964-08-04,0.0,10.49
1964-08-05,0.0,10.06
1964-08-06,0.02,8.39
1964-08-07,5.68,8.65
1964-08-08,2.56,9.41
1964-08-09,2.76,9.83
1964-08-10,0.2,10.82
1964-08-11,23.63,12.4
1964-08-12,14.01,16.31
1964-08-13,0.02,18.72
1964-08-14,0.0,15.64
1964-08-15,0.0,13.24
1964-08-16,0.0,12.04
1964-08-17,0.11,11.75
1964-08-18,1.53,11.53
1964-08-19,5.75,12.41
1964-08-20,1.21,11.83
1964-08-21,0.01,10.56
1964-08-22,0.0,10.8
1964-08-23,0.0,8.45
1964-08-24,0.04,10.54
1964-08-25,0.0,10.28
1964-08-26,0.0,10.35
1964-08-27,0.0,9.88
1964-08-28,0.02,10.34
1964-08-29,0.03,10.27
1964-08-30,0.01,7.24
1964-08-31,0.0,9.17
1964-09-01,0.0,9.8
1964-09-02,0.0,9.35
1964-09-03,0.0,9.37
1964-09-04,1.84,8.63
1964-09-05,0.73,9.75
1964-09-06,7.26,9.46
1964-09-07,1.24,13.91
1964-09-08,0.44,12.48
1964-09-09,0.04,10.95
1964-09-10,0.0,9.9
1964-09-11,0.01,9.2
1964-09-12,0.0,10.07
1964-09-13,0.0,7.61
1964-09-14,0.0,9.25
1964-09-15,18.98,9.02
1964-09-16,4.24,17.56
1964-09-17,8.32,12.69
1964-09-18,1.98,12.58
1964-09-19,1.87,10.83
1964-09-20,5.28,9.99
1964-09-21,2.31,11.12
1964-09-22,0.01,10.77
1964-09-23,0.0,10.01
1964-09-24,0.0,10.37
1964-09-25,0.0,9.71
1964-09-26,1.62,9.5
1964-09-27,0.03,8.97
1964-09-28,0.0,9.41
1964-09-29,0.0,9.93
1964-09-30,0.0,9.48
1964-10-01,0.0,9.57
1964-10-02,0.0,8.82
1964-10-03,0.0,9.43
1964-10-04,0.0,8.63
1964-10-05,0.0,8.51
1964-10-06,0.56,9.85
1964-10-07,8.0,9.57
1964-10-08,0.76,11.88
1964-10-09,3.42,10.63
1964-10-10,6.35,10.85
1964-10-11,1.01,11.25
1964-10-12,0.29,11.1
1964-10-13,0.01,11.4
1964-10-14,0.02,9.86
1964-10-15,1.89,10.0
1964-10-16,5.06,10.14
1964-10-17,8.41,10.49
1964-10-18,0.74,10.66
1964-10-19,0.01,10.32
1964-10-20,0.01,11.03
1964-10-21,2.41,11.55
1964-10-22,3.48,11.11
1964-10-23,5.0,11.79
1964-10-24,0.81,14.49
1964-10-25,0.0,11.37
1964-10-26,0.02,9.7
1964-10-27,0.35,10.61
1964-10-28,0.03,10.72
1964-10-29,0.06,9.47
1964-10-30,0.09,9.39
1964-10-31,0.12,9.82
1964-11-01,0.62,9.11
1964-11-02,3.56,9.53
1964-11-03,0.04,10.53
1964-11-04,0.0,9.98
1964-11-05,0.0,9.14
1964-11-06,0.0,9.11
1964-11-07,0.0,9.14
1964-11-08,0.0,8.72
1964-11-09,0.0,8.7
1964-11-10,0.0,9.59
1964-11-11,0.03,9.99
1964-11-12,7.09,9.38
1964-11-13,4.95,10.87
1964-11-14,21.16,11.35
1964-11-15,9.79,23.63
1964-11-16,4.94,23.76
1964-11-17,2.42,27.1
1964-11-18,0.28,23.15
1964-11-19,1.96,19.92
1964-11-20,0.46,17.2
1964-11-21,0.39,17.65
1964-11-22,0.07,16.22
1964-11-23,0.14,16.67
1964-11-24,6.81,17.68
1964-11-25,2.64,21.34
1964-11-26,0.04,21.28
1964-11-27,5.85,24.03
1964-11-28,0.01,24.9
1964-11-29,0.01,21.56
1964-11-30,0.0,20.1
1964-12-01,0.31,18.41
1964-12-02,3.24,16.68
1964-12-03,7.31,17.2
1964-12-04,4.92,23.98
1964-12-05,3.3,27.08
1964-12-06,3.11,29.33
1964-12-07,0.01,36.14
1964-12-08,0.02,35.08
1964-12-09,0.0,28.18
1964-12-10,0.0,23.16
1964-12-11,0.19,21.6
1964-12-12,1.52,20.89
1964-12-13,8.43,21.18
1964-12-14,1.21,35.63
1964-12-15,2.82,35.27
1964-12-16,0.55,34.0
1964-12-17,0.35,33.59
1964-12-18,2.1,27.27
1964-12-19,0.04,24.22
1964-12-20,0.0,23.12
1964-12-21,0.0,21.99
1964-12-22,0.0,18.56
1964-12-23,0.0,16.92
1964-12-24,0.31,17.8
1964-12-25,6.65,17.8
1964-12-26,0.16,17.26
1964-12-27,0.01,16.76
1964-12-28,1.62,16.62
1964-12-29,0.86,15.57
1964-12-30,10.03,16.86
1964-12-31,12.69,47.22
1965-01-01,0.46,111.6
1965-01-02,1.49,105.93
1965-01-03,0.3,61.69
1965-01-04,0.02,43.94
1965-01-05,4.96,35.01
1965-01-06,7.44,31.78
1965-01-07,8.33,47.93
1965-01-08,7.39,89.81
1965-01-09,11.57,107.9
1965-01-10,4.35,128.36
1965-01-11,0.02,135.77
1965-01-12,0.04,108.98
1965-01-13,1.9,72.51
1965-01-14,0.48,62.96
1965-01-15,1.84,58.12
1965-01-16,10.36,58.23
1965-01-17,8.52,83.51
1965-01-18,3.12,124.51
1965-01-19,1.43,112.11
1965-01-20,0.01,84.4
1965-01-21,0.0,66.75
1965-01-22,2.1,62.39
1965-01-23,0.36,52.01
1965-01-24,2.85,48.58
1965-01-25,9.28,52.29
1965-01-26,2.11,66.97
1965-01-27,0.05,78.81
1965-01-28,0.0,62.73
1965-01-29,4.78,50.14
1965-01-30,0.29,47.79
1965-01-31,0.01,49.4
1965-02-01,0.93,49.14
1965-02-02,0.3,39.11
1965-02-03,2.61,30.57
1965-02-04,2.11,36.82
1965-02-05,1.15,46.44
1965-02-06,0.32,50.92
1965-02-07,0.05,44.92
1965-02-08,0.05,44.18
1965-02-09,0.35,38.22
1965-02-10,2.54,32.63
1965-02-11,0.48,31.92
1965-02-12,2.51,31.93
1965-02-13,5.67,33.32
1965-02-14,4.48,40.44
1965-02-15,4.06,52.3
1965-02-16,0.54,52.16
1965-02-17,0.21,44.68
1965-02-18,0.04,38.01
1965-02-19,0.01,36.08
1965-02-20,0.0,28.68
1965-02-21,0.0,27.89
1965-02-22,0.09,29.47
1965-02-23,0.65,26.75
1965-02-24,0.56,27.99
1965-02-25,1.7,26.7
1965-02-26,1.91,26.5
1965-02-27,1.26,26.0
1965-02-28,1.24,28.81
1965-03-01,1.68,29.74
1965-03-02,2.02,29.08
1965-03-03,0.04,26.62
1965-03-04,0.0,24.72
1965-03-05,0.0,23.4
1965-03-06,0.0,22.46
1965-03-07,0.01,21.13
1965-03-08,0.61,20.5
1965-03-09,0.09,20.51
1965-03-10,0.0,20.33
1965-03-11,0.0,20.25
1965-03-12,0.0,20.48
1965-03-13,0.02,21.11
1965-03-14,1.83,21.17
1965-03-15,1.94,23.36
1965-03-16,0.39,25.82
1965-03-17,0.07,31.29
1965-03-18,5.09,29.53
1965-03-19,1.51,30.24
1965-03-20,5.98,32.04
1965-03-21,3.94,34.28
1965-03-22,0.52,52.1
1965-03-23,6.52,49.84
1965-03-24,1.1,54.44
1965-03-25,9.82,57.73
1965-03-26,4.09,60.92
1965-03-27,7.55,89.94
1965-03-28,0.02,94.48
1965-03-29,0.0,87.79
1965-03-30,0.0,72.39
1965-03-31,0.0,57.68
1965-04-01,0.0,46.69
1965-04-02,0.0,43.26
1965-04-03,0.0,38.88
1965-04-04,0.23,34.93
1965-04-05,0.01,30.94
1965-04-06,3.02,31.05
1965-04-07,6.99,33.48
1965-04-08,1.6,37.88
1965-04-09,0.01,41.61
1965-04-10,2.81,38.52
1965-04-11,0.61,33.82
1965-04-12,4.79,30.71
1965-04-13,2.84,34.39
1965-04-14,0.84,35.11
1965-04-15,9.98,34.31
1965-04-16,1.29,37.57
1965-04-17,14.94,50.44
1965-04-18,5.0,82.85
1965-04-19,7.35,120.0
1965-04-20,1.79,106.91
1965-04-21,4.98,89.54
1965-04-22,5.01,87.19
1965-04-23,2.72,90.18
1965-04-24,5.95,99.7
1965-04-25,1.55,93.94
1965-04-26,6.1,91.78
1965-04-27,2.07,94.31
1965-04-28,12.06,96.57
1965-04-29,2.99,95.89
1965-04-30,0.82,118.09
1965-05-01,0.0,108.15
1965-05-02,0.36,92.96
1965-05-03,4.49,75.36
1965-05-04,8.94,76.45
1965-05-05,6.28,92.51
1965-05-06,6.66,114.86
1965-05-07,11.01,101.37
1965-05-08,7.46,122.2
1965-05-09,8.17,149.42
1965-05-10,3.04,182.04
1965-05-11,0.0,166.51
1965-05-12,0.0,125.9
1965-05-13,0.01,99.46
1965-05-14,0.0,80.96
1965-05-15,1.44,70.97
1965-05-16,0.45,60.4
1965-05-17,6.34,57.3
1965-05-18,3.15,57.05
1965-05-19,0.19,52.78
1965-05-20,1.27,46.76
1965-05-21,0.0,39.44
1965-05-22,0.0,37.21
1965-05-23,1.13,33.59
1965-05-24,1.29,32.27
1965-05-25,2.29,29.42
1965-05-26,2.92,29.76
1965-05-27,0.99,31.1
1965-05-28,0.01,29.55
1965-05-29,0.23,27.86
1965-05-30,0.74,25.68
1965-05-31,1.16,25.58
1965-06-01,0.0,24.2
1965-06-02,0.0,22.58
1965-06-03,0.0,22.28
1965-06-04,0.03,20.59
1965-06-05,3.35,19.68
1965-06-06,6.52,22.32
1965-06-07,2.03,34.35
1965-06-08,10.55,29.83
1965-06-09,12.13,29.11
1965-06-10,0.16,37.95
1965-06-11,0.02,36.42
1965-06-12,5.85,28.18
1965-06-13,4.22,26.71
1965-06-14,0.01,34.68
1965-06-15,1.47,36.16
1965-06-16,18.7,29.39
1965-06-17,10.07,58.13
1965-06-18,6.12,84.77
1965-06-19,0.01,75.87
1965-06-20,0.0,59.23
1965-06-21,4.6,41.09
1965-06-22,3.31,36.5
1965-06-23,0.01,34.94
1965-06-24,0.0,32.61
1965-06-25,0.0,27.05
1965-06-26,0.0,23.18
1965-06-27,0.0,22.01
1965-06-28,0.0,21.29
1965-06-29,0.0,20.1
1965-06-30,4.3,18.56
1965-07-01,0.0,17.88
1965-07-02,0.08,17.51
1965-07-03,0.64,16.8
1965-07-04,0.44,16.21
1965-07-05,4.51,16.68
1965-07-06,2.18,16.37
1965-07-07,7.91,16.28
1965-07-08,4.35,18.22
1965-07-09,6.15,21.1
1965-07-10,2.65,22.07
1965-07-11,8.95,21.76
1965-07-12,15.17,24.45
1965-07-13,7.12,38.13
1965-07-14,14.79,45.9
1965-07-15,26.23,79.19
1965-07-16,46.99,108.13
1965-07-17,2.82,201.93
1965-07-18,0.52,254.16
1965-07-19,2.45,222.92
1965-07-20,20.09,321.67
1965-07-21,3.73,356.97
1965-07-22,4.88,338.28
1965-07-23,5.2,301.7
1965-07-24,1.94,252.94
1965-07-25,1.71,202.8
1965-07-26,1.79,154.57
1965-07-27,3.54,120.17
1965-07-28,1.18,95.96
1965-07-29,5.25,82.18
1965-07-30,10.01,82.22
1965-07-31,0.75,86.1
1965-08-01,0.16,83.91
1965-08-02,2.63,72.47
1965-08-03,7.48,69.53
1965-08-04,0.16,66.6
1965-08-05,0.0,59.69
1965-08-06,7.36,50.45
1965-08-07,12.13,50.18
1965-08-08,3.24,74.61
1965-08-09,0.15,95.45
1965-08-10,0.0,87.34
1965-08-11,0.0,62.56
1965-08-12,0.0,46.28
1965-08-13,0.0,40.41
1965-08-14,0.0,37.84
1965-08-15,0.0,32.26
1965-08-16,1.25,34.75
1965-08-17,3.31,41.56
1965-08-18,0.51,37.74
1965-08-19,0.62,31.8
1965-08-20,4.67,28.28
1965-08-21,0.46,31.43
1965-08-22,3.35,29.81
1965-08-23,1.63,27.88
1965-08-24,2.95,27.23
1965-08-25,4.5,27.23
1965-08-26,1.71,27.5
1965-08-27,0.97,27.89
1965-08-28,2.21,25.18
1965-08-29,0.95,23.77
1965-08-30,0.46,25.44
1965-08-31,3.33,24.63
1965-09-01,0.03,23.9
1965-09-02,15.32,23.0
1965-09-03,6.14,58.04
1965-09-04,1.07,85.72
1965-09-05,2.83,60.31
1965-09-06,2.14,45.18
1965-09-07,1.65,41.3
1965-09-08,1.11,34.43
1965-09-09,0.01,33.4
1965-09-10,0.01,32.65
1965-09-11,1.22,29.63
1965-09-12,2.05,27.25
1965-09-13,0.15,26.32
1965-09-14,0.0,23.23
1965-09-15,0.0,23.02
1965-09-16,0.0,23.76
1965-09-17,0.35,22.26
1965-09-18,0.46,21.48
1965-09-19,0.36,20.52
1965-09-20,0.0,19.68
1965-09-21,0.0,19.08
1965-09-22,0.0,18.67
1965-09-23,0.0,18.39
1965-09-24,0.0,18.33
1965-09-25,0.0,17.21
1965-09-26,1.15,16.23
1965-09-27,0.82,16.64
1965-09-28,0.55,17.66
1965-09-29,1.67,16.58
1965-09-30,1.76,15.77
1965-10-01,3.31,19.03
1965-10-02,2.2,18.0
1965-10-03,0.01,16.69
1965-10-04,0.0,16.82
1965-10-05,0.01,16.57
1965-10-06,0.0,15.82
1965-10-07,0.14,15.08
1965-10-08,0.02,14.54
1965-10-09,0.0,14.44
1965-10-10,0.0,14.55
1965-10-11,0.02,14.8
1965-10-12,0.0,14.84
1965-10-13,0.0,13.51
1965-10-14,0.0,14.32
1965-10-15,10.96,15.7
1965-10-16,0.25,19.32
1965-10-17,0.0,16.17
1965-10-18,0.01,16.06
1965-10-19,0.0,15.46
1965-10-20,0.0,14.47
1965-10-21,0.0,14.21
1965-10-22,0.0,14.09
1965-10-23,0.0,13.67
1965-10-24,0.02,13.58
1965-10-25,0.0,13.6
1965-10-26,0.0,13.6
1965-10-27,0.01,13.67
1965-10-28,9.44,14.06
1965-10-29,1.86,16.5
1965-10-30,0.9,18.84
1965-10-31,3.66,17.33
1965-11-01,4.53,16.88
1965-11-02,2.22,17.5
1965-11-03,0.09,17.15
1965-11-04,0.0,16.69
1965-11-05,0.04,16.49
1965-11-06,0.0,16.32
1965-11-07,0.64,16.14
1965-11-08,0.02,16.09
1965-11-09,0.02,15.74
1965-11-10,1.06,14.97
1965-11-11,1.39,14.8
1965-11-12,0.0,15.29
1965-11-13,0.31,13.45
1965-11-14,0.77,12.2
1965-11-15,0.05,13.2
1965-11-16,0.0,13.1
1965-11-17,9.18,12.74
1965-11-18,1.23,15.22
1965-11-19,0.49,15.5
1965-11-20,9.09,15.44
1965-11-21,2.79,15.94
1965-11-22,0.04,17.66
1965-11-23,1.73,17.84
1965-11-24,12.09,24.53
1965-11-25,5.4,51.85
1965-11-26,1.31,66.57
1965-11-27,12.96,73.16
1965-11-28,5.08,89.98
1965-11-29,8.75,118.85
1965-11-30,12.08,130.56
1965-12-01,3.09,161.02
1965-12-02,3.56,183.93
1965-12-03,1.15,145.24
1965-12-04,2.67,113.56
1965-12-05,10.63,94.4
1965-12-06,1.12,136.84
1965-12-07,2.12,135.75
1965-12-08,2.01,95.66
1965-12-09,21.67,87.78
1965-12-10,9.97,199.85
1965-12-11,1.49,314.88
1965-12-12,2.28,253.76
1965-12-13,25.18,186.73
1965-12-14,0.16,234.61
1965-12-15,0.02,271.45
1965-12-16,5.78,215.95
1965-12-17,11.97,168.15
1965-12-18,5.16,173.82
1965-12-19,14.72,231.86
1965-12-20,0.46,300.85
1965-12-21,3.5,276.77
1965-12-22,0.72,221.62
1965-12-23,6.85,192.9
1965-12-24,5.92,183.86
1965-12-25,2.39,201.21
1965-12-26,0.12,198.75
1965-12-27,0.61,157.93
1965-12-28,1.34,107.06
1965-12-29,1.29,89.78
1965-12-30,6.34,89.21
1965-12-31,7.93,104.81
1966-01-01,8.9,136.6
1966-01-02,18.91,199.99
1966-01-03,1.38,252.06
1966-01-04,0.52,254.61
1966-01-05,0.02,198.0
1966-01-06,0.0,159.66
1966-01-07,0.0,120.67
1966-01-08,0.0,94.1
1966-01-09,0.03,81.57
1966-01-10,0.04,71.65
1966-01-11,0.01,60.72
1966-01-12,0.6,54.47
1966-01-13,0.99,50.51
1966-01-14,1.35,46.04
1966-01-15,1.25,43.23
1966-01-16,0.04,40.37
1966-01-17,0.12,39.12
1966-01-18,0.01,38.83
1966-01-19,0.01,34.59
1966-01-20,0.95,32.27
1966-01-21,4.99,32.45
1966-01-22,1.44,42.48
1966-01-23,0.65,49.51
1966-01-24,0.17,46.35
1966-01-25,0.0,34.35
1966-01-26,0.52,31.74
1966-01-27,2.34,34.35
1966-01-28,5.28,50.93
1966-01-29,0.07,79.68
1966-01-30,2.19,91.2
1966-01-31,7.02,95.79
1966-02-01,0.73,112.14
1966-02-02,0.37,117.32
1966-02-03,0.07,93.43
1966-02-04,2.09,76.03
1966-02-05,2.05,72.05
1966-02-06,11.1,75.16
1966-02-07,10.08,115.89
1966-02-08,19.92,146.38
1966-02-09,4.48,202.26
1966-02-10,8.61,253.93
1966-02-11,0.07,221.46
1966-02-12,4.11,198.54
1966-02-13,0.02,165.22
1966-02-14,0.66,136.65
1966-02-15,0.06,114.4
1966-02-16,0.0,96.54
1966-02-17,0.42,86.3
1966-02-18,0.06,76.32
1966-02-19,0.97,65.99
1966-02-20,0.36,77.72
1966-02-21,0.46,77.51
1966-02-22,0.07,68.74
1966-02-23,0.37,61.22
1966-02-24,2.85,51.76
1966-02-25,2.22,49.81
1966-02-26,3.3,56.94
1966-02-27,0.09,61.75
1966-02-28,1.27,54.78
1966-03-01,0.66,47.49
1966-03-02,0.0,42.33
1966-03-03,0.0,37.83
1966-03-04,0.0,36.92
1966-03-05,0.0,35.43
1966-03-06,0.0,32.95
1966-03-07,0.0,34.64
1966-03-08,0.41,35.68
1966-03-09,2.41,34.5
1966-03-10,8.4,33.77
1966-03-11,6.91,43.1
1966-03-12,6.48,58.84
1966-03-13,0.64,92.99
1966-03-14,1.19,76.87
1966-03-15,4.55,59.27
1966-03-16,0.32,57.7
1966-03-17,1.53,53.97
1966-03-18,3.25,48.03
1966-03-19,0.01,50.55
1966-03-20,0.0,48.92
1966-03-21,0.76,45.42
1966-03-22,0.02,43.21
1966-03-23,5.52,37.58
1966-03-24,8.23,41.8
1966-03-25,4.12,63.24
1966-03-26,2.14,73.15
1966-03-27,19.6,81.24
1966-03-28,5.27,137.33
1966-03-29,4.31,201.24
1966-03-30,12.1,187.3
1966-03-31,0.79,178.29
1966-04-01,0.01,172.1
1966-04-02,0.87,144.2
1966-04-03,4.85,125.08
1966-04-04,0.41,116.89
1966-04-05,0.0,110.58
1966-04-06,4.17,89.16
1966-04-07,0.85,82.11
1966-04-08,4.77,82.11
1966-04-09,3.76,86.56
1966-04-10,0.08,89.67
1966-04-11,2.1,84.92
1966-04-12,4.65,70.54
1966-04-13,3.87,65.07
1966-04-14,3.83,68.47
1966-04-15,0.5,67.68
1966-04-16,4.71,68.27
1966-04-17,3.89,77.65
1966-04-18,7.88,86.15
1966-04-19,10.25,117.83
1966-04-20,1.89,164.5
1966-04-21,2.6,152.96
1966-04-22,0.01,106.92
1966-04-23,0.59,88.56
1966-04-24,3.97,79.9
1966-04-25,0.0,69.05
1966-04-26,0.0,59.56
1966-04-27,1.58,48.2
1966-04-28,0.83,46.28
1966-04-29,0.0,41.45
1966-04-30,0.0,36.1
1966-05-01,0.0,36.82
1966-05-02,0.0,38.82
1966-05-03,0.87,31.36
1966-05-04,7.68,29.34
1966-05-05,12.93,40.94
1966-05-06,0.07,54.98
1966-05-07,3.69,47.11
1966-05-08,0.06,33.63
1966-05-09,2.49,34.7
1966-05-10,3.64,33.78
1966-05-11,0.59,35.61
1966-05-12,0.0,33.38
1966-05-13,0.0,29.59
1966-05-14,0.0,25.6
1966-05-15,0.0,25.59
1966-05-16,0.0,24.73
1966-05-17,2.79,23.66
1966-05-18,3.65,26.81
1966-05-19,0.1,22.2
1966-05-20,0.0,22.51
1966-05-21,0.01,20.93
1966-05-22,8.36,20.47
1966-05-23,0.09,22.58
1966-05-24,0.72,20.48
1966-05-25,6.05,20.39
1966-05-26,9.87,21.82
1966-05-27,0.94,23.76
1966-05-28,1.19,21.2
1966-05-29,0.0,21.14
1966-05-30,0.0,20.16
1966-05-31,0.0,20.21
1966-06-01,0.0,18.65
1966-06-02,0.0,17.62
1966-06-03,0.0,17.24
1966-06-04,0.0,17.18
1966-06-05,3.87,17.04
1966-06-06,0.95,22.12
1966-06-07,0.01,18.93
1966-06-08,0.0,17.29
1966-06-09,0.0,14.97
1966-06-10,0.0,15.09
1966-06-11,0.0,14.87
1966-06-12,10.0,14.27
1966-06-13,0.07,14.32
1966-06-14,13.0,17.0
1966-06-15,3.11,19.49
1966-06-16,2.61,19.04
1966-06-17,7.72,19.42
1966-06-18,12.55,20.79
1966-06-19,0.03,34.21
1966-06-20,2.48,29.28
1966-06-21,1.24,20.58
1966-06-22,0.41,17.19
1966-06-23,1.16,16.75
1966-06-24,3.53,16.47
1966-06-25,6.87,17.84
1966-06-26,6.98,18.46
1966-06-27,22.6,22.95
1966-06-28,19.42,36.78
1966-06-29,6.35,64.16
1966-06-30,0.02,66.46
1966-07-01,0.0,64.09
1966-07-02,0.0,45.66
1966-07-03,5.05,35.19
1966-07-04,3.79,31.06
1966-07-05,12.67,31.63
1966-07-06,0.96,47.63
1966-07-07,2.01,50.99
1966-07-08,1.22,33.09
1966-07-09,1.33,27.9
1966-07-10,6.44,26.94
1966-07-11,3.34,30.16
1966-07-12,0.41,29.25
1966-07-13,0.04,26.61
1966-07-14,4.94,23.33
1966-07-15,4.77,23.64
1966-07-16,9.73,23.32
1966-07-17,0.56,28.96
1966-07-18,22.42,32.43
1966-07-19,15.66,62.37
1966-07-20,3.52,150.66
1966-07-21,2.56,180.33
1966-07-22,0.72,146.47
1966-07-23,0.06,92.35
1966-07-24,2.61,62.61
1966-07-25,0.92,56.39
1966-07-26,0.44,44.06
1966-07-27,1.55,36.3
1966-07-28,0.09,32.25
1966-07-29,4.17,31.18
1966-07-30,2.8,31.78
1966-07-31,2.24,30.23
1966-08-01,6.94,34.22
1966-08-02,0.81,38.31
1966-08-03,2.66,35.03
1966-08-04,5.19,34.98
1966-08-05,1.8,37.51
1966-08-06,1.78,34.67
1966-08-07,2.7,30.71
1966-08-08,0.01,29.61
1966-08-09,0.03,26.98
1966-08-10,0.01,23.9
1966-08-11,0.0,23.69
1966-08-12,0.0,22.88
1966-08-13,6.66,21.8
1966-08-14,0.0,28.78
1966-08-15,0.02,26.1
1966-08-16,0.0,21.76
1966-08-17,0.0,20.48
1966-08-18,0.0,19.0
1966-08-19,0.0,18.18
1966-08-20,0.0,15.85
1966-08-21,0.0,14.77
1966-08-22,29.73,17.06
1966-08-23,1.97,37.6
1966-08-24,0.49,46.72
1966-08-25,3.11,29.04
1966-08-26,3.85,25.26
1966-08-27,0.06,23.96
1966-08-28,0.0,22.58
1966-08-29,0.03,21.22
1966-08-30,1.39,19.41
1966-08-31,0.63,20.68
1966-09-01,1.95,24.17
1966-09-02,2.24,20.89
1966-09-03,0.2,19.55
1966-09-04,4.3,17.71
1966-09-05,0.25,18.38
1966-09-06,0.14,17.41
1966-09-07,0.0,17.08
1966-09-08,0.0,16.59
1966-09-09,0.0,16.35
1966-09-10,0.0,15.74
1966-09-11,0.0,14.92
1966-09-12,2.55,14.52
1966-09-13,4.08,15.41
1966-09-14,0.47,16.5
1966-09-15,7.11,15.81
1966-09-16,0.01,16.42
1966-09-17,0.0,15.85
1966-09-18,0.0,14.72
1966-09-19,0.0,14.99
1966-09-20,0.0,15.88
1966-09-21,0.0,15.02
1966-09-22,0.0,15.04
1966-09-23,0.09,14.2
1966-09-24,0.08,14.32
1966-09-25,0.0,13.3
1966-09-26,0.0,13.98
1966-09-27,0.0,14.23
1966-09-28,0.0,14.24
1966-09-29,0.0,14.14
1966-09-30,0.0,14.38
1966-10-01,2.1,14.47
1966-10-02,3.97,14.64
1966-10-03,0.11,15.06
1966-10-04,0.21,14.66
1966-10-05,4.51,14.45
1966-10-06,0.33,17.56
1966-10-07,0.03,16.18
1966-10-08,0.01,15.76
1966-10-09,2.98,15.14
1966-10-10,5.37,15.68
1966-10-11,0.03,18.57
1966-10-12,1.32,19.55
1966-10-13,0.0,18.69
1966-10-14,0.0,16.44
1966-10-15,0.23,16.33
1966-10-16,0.8,14.89
1966-10-17,0.7,15.52
1966-10-18,0.11,15.55
1966-10-19,2.0,15.46
1966-10-20,1.81,15.56
1966-10-21,6.2,15.08
1966-10-22,7.05,15.92
1966-10-23,21.46,22.83
1966-10-24,1.53,50.69
1966-10-25,4.71,46.51
1966-10-26,0.05,29.28
1966-10-27,0.14,25.62
1966-10-28,0.0,23.27
1966-10-29,0.0,21.04
1966-10-30,0.0,19.72
1966-10-31,0.0,18.04
1966-11-01,0.0,16.98
1966-11-02,0.0,17.08
1966-11-03,0.66,17.28
1966-11-04,3.91,17.27
1966-11-05,0.51,17.48
1966-11-06,0.0,17.21
1966-11-07,0.0,16.87
1966-11-08,0.0,18.76
1966-11-09,7.84,19.24
1966-11-10,0.89,20.44
1966-11-11,0.01,20.87
1966-11-12,0.03,20.2
1966-11-13,0.0,19.37
1966-11-14,4.1,22.22
1966-11-15,16.67,22.05
1966-11-16,9.18,57.96
1966-11-17,0.89,92.02
1966-11-18,4.56,71.41
1966-11-19,5.25,53.66
1966-11-20,3.85,71.33
1966-11-21,8.94,81.91
1966-11-22,1.69,97.99
1966-11-23,0.04,100.89
1966-11-24,0.02,68.65
1966-11-25,1.77,54.6
1966-11-26,2.67,47.12
1966-11-27,3.53,49.24
1966-11-28,7.73,57.56
1966-11-29,0.87,78.45
1966-11-30,13.75,84.86
1966-12-01,2.87,129.88
1966-12-02,1.07,133.98
1966-12-03,7.91,99.68
1966-12-04,2.09,87.41
1966-12-05,0.15,114.41
1966-12-06,0.01,84.6
1966-12-07,0.01,66.77
1966-12-08,6.93,53.94
1966-12-09,21.38,74.29
1966-12-10,8.33,151.9
1966-12-11,2.36,245.32
1966-12-12,9.86,243.75
1966-12-13,6.28,222.55
1966-12-14,0.89,214.59
1966-12-15,0.07,175.44
1966-12-16,3.19,128.68
1966-12-17,0.82,113.26
1966-12-18,5.21,106.28
1966-12-19,21.21,122.74
1966-12-20,4.49,174.9
1966-12-21,2.88,256.46
1966-12-22,7.53,238.32
1966-12-23,3.77,221.46
1966-12-24,14.8,207.89
1966-12-25,0.95,238.72
1966-12-26,0.0,232.86
1966-12-27,0.85,188.13
1966-12-28,1.16,146.81
1966-12-29,11.94,127.59
1966-12-30,2.49,161.03
1966-12-31,7.86,182.77
1967-01-01,1.51,196.13
1967-01-02,2.95,180.97
1967-01-03,3.91,144.39
1967-01-04,4.0,134.54
1967-01-05,0.42,130.12
1967-01-06,0.15,113.37
1967-01-07,0.03,97.25
1967-01-08,0.77,86.68
1967-01-09,0.66,75.62
1967-01-10,1.41,62.87
1967-01-11,3.38,59.2
1967-01-12,1.62,66.92
1967-01-13,1.22,70.46
1967-01-14,1.31,79.44
1967-01-15,0.83,88.79
1967-01-16,0.06,86.24
1967-01-17,0.0,81.39
1967-01-18,0.02,74.01
1967-01-19,0.01,69.41
1967-01-20,0.14,63.85
1967-01-21,0.28,57.92
1967-01-22,1.44,56.04
1967-01-23,2.03,54.41
1967-01-24,0.24,55.1
1967-01-25,1.78,52.28
1967-01-26,5.53,53.5
1967-01-27,1.95,73.59
1967-01-28,5.72,72.12
1967-01-29,0.04,74.38
1967-01-30,0.0,85.3
1967-01-31,0.24,66.87
1967-02-01,8.49,59.45
1967-02-02,1.37,72.8
1967-02-03,0.91,80.89
1967-02-04,0.02,73.94
1967-02-05,0.0,63.44
1967-02-06,0.05,55.13
1967-02-07,0.78,51.04
1967-02-08,2.84,48.1
1967-02-09,0.49,46.68
1967-02-10,0.4,45.1
1967-02-11,0.0,42.35
1967-02-12,0.0,40.41
1967-02-13,0.0,39.12
1967-02-14,0.0,34.98
1967-02-15,0.0,31.93
1967-02-16,0.03,30.8
1967-02-17,0.0,30.29
1967-02-18,2.16,29.66
1967-02-19,5.98,29.58
1967-02-20,11.56,43.26
1967-02-21,2.79,84.5
1967-02-22,2.25,95.13
1967-02-23,2.31,74.3
1967-02-24,0.0,70.41
1967-02-25,1.88,53.26
1967-02-26,1.26,50.88
1967-02-27,8.8,51.65
1967-02-28,14.24,81.04
1967-03-01,1.79,177.44
1967-03-02,4.36,152.24
1967-03-03,0.08,107.04
1967-03-04,0.0,86.24
1967-03-05,0.82,72.72
1967-03-06,0.0,63.57
1967-03-07,0.02,56.7
1967-03-08,0.02,52.23
1967-03-09,0.23,47.93
1967-03-10,3.08,42.84
1967-03-11,3.66,41.06
1967-03-12,5.44,45.32
1967-03-13,2.47,46.36
1967-03-14,0.11,51.04
1967-03-15,0.98,44.1
1967-03-16,0.73,39.85
1967-03-17,8.92,35.83
1967-03-18,4.95,40.16
1967-03-19,4.01,68.58
1967-03-20,2.0,70.27
1967-03-21,0.61,62.7
1967-03-22,0.69,60.08
1967-03-23,1.52,54.18
1967-03-24,0.11,49.08
1967-03-25,0.0,48.14
1967-03-26,3.13,48.77
1967-03-27,3.8,48.82
1967-03-28,2.61,51.64
1967-03-29,1.2,46.94
1967-03-30,4.95,42.97
1967-03-31,0.29,33.31
1967-04-01,1.11,33.58
1967-04-02,4.04,40.54
1967-04-03,6.29,43.44
1967-04-04,4.28,50.36
1967-04-05,4.25,59.89
1967-04-06,6.56,69.36
1967-04-07,5.34,95.58
1967-04-08,0.03,106.0
1967-04-09,0.48,89.33
1967-04-10,2.05,71.79
1967-04-11,0.15,62.87
1967-04-12,1.01,56.4
1967-04-13,0.0,47.16
1967-04-14,11.83,41.46
1967-04-15,0.0,46.72
1967-04-16,0.0,62.71
1967-04-17,0.02,55.49
1967-04-18,0.01,45.27
1967-04-19,0.03,37.72
1967-04-20,4.29,31.88
1967-04-21,4.44,33.72
1967-04-22,2.63,38.71
1967-04-23,1.34,40.1
1967-04-24,0.03,38.16
1967-04-25,0.0,32.41
1967-04-26,0.0,28.97
1967-04-27,0.01,27.29
1967-04-28,0.16,26.58
1967-04-29,0.12,24.51
1967-04-30,0.17,24.2
1967-05-01,6.6,24.27
1967-05-02,1.51,31.07
1967-05-03,0.15,26.88
1967-05-04,0.0,24.39
1967-05-05,0.0,22.73
1967-05-06,2.1,20.92
1967-05-07,1.37,22.25
1967-05-08,0.72,22.2
1967-05-09,0.0,20.45
1967-05-10,0.0,19.45
1967-05-11,0.27,19.12
1967-05-12,2.82,19.0
1967-05-13,0.1,20.12
1967-05-14,3.48,19.78
1967-05-15,2.15,19.37
1967-05-16,11.41,21.45
1967-05-17,2.4,28.82
1967-05-18,3.27,27.51
1967-05-19,1.23,23.27
1967-05-20,0.01,20.85
1967-05-21,0.0,19.87
1967-05-22,7.53,19.28
1967-05-23,6.17,21.67
1967-05-24,8.16,22.08
1967-05-25,19.12,24.07
1967-05-26,0.77,48.35
1967-05-27,0.0,56.82
1967-05-28,6.05,34.44
1967-05-29,14.32,30.97
1967-05-30,16.39,61.0
1967-05-31,4.24,70.98
1967-06-01,0.03,95.53
1967-06-02,0.68,95.37
1967-06-03,0.52,68.7
1967-06-04,2.77,61.78
1967-06-05,0.0,52.58
1967-06-06,0.0,40.78
1967-06-07,0.73,35.1
1967-06-08,0.83,32.82
1967-06-09,0.0,31.19
1967-06-10,1.05,30.12
1967-06-11,14.68,30.08
1967-06-12,0.0,36.13
1967-06-13,1.11,38.17
1967-06-14,5.76,32.0
1967-06-15,8.83,29.93
1967-06-16,0.02,29.67
1967-06-17,0.0,30.21
1967-06-18,0.01,31.44
1967-06-19,3.44,27.47
1967-06-20,0.57,41.3
1967-06-21,0.2,30.19
1967-06-22,0.07,24.83
1967-06-23,14.15,22.45
1967-06-24,3.84,27.0
1967-06-25,1.33,33.93
1967-06-26,5.84,32.16
1967-06-27,8.96,27.08
1967-06-28,0.28,37.76
1967-06-29,0.02,32.6
1967-06-30,0.0,23.87
1967-07-01,0.0,21.02
1967-07-02,12.21,19.32
1967-07-03,7.17,23.68
1967-07-04,0.0,30.05
1967-07-05,0.0,27.43
1967-07-06,0.0,22.6
1967-07-07,0.18,19.83
1967-07-08,6.2,18.82
1967-07-09,0.14,20.53
1967-07-10,0.0,19.1
1967-07-11,0.0,17.54
1967-07-12,0.0,17.29
1967-07-13,2.73,16.26
1967-07-14,1.97,15.47
1967-07-15,4.2,15.95
1967-07-16,3.77,16.53
1967-07-17,0.0,16.79
1967-07-18,0.09,16.2
1967-07-19,19.84,16.08
1967-07-20,0.2,19.86
1967-07-21,0.06,24.57
1967-07-22,0.68,20.71
1967-07-23,0.39,16.23
1967-07-24,0.0,15.76
1967-07-25,0.0,15.83
1967-07-26,0.0,14.97
1967-07-27,0.0,14.45
1967-07-28,9.78,14.29
1967-07-29,0.42,16.5
1967-07-30,0.03,14.78
1967-07-31,7.89,13.94
1967-08-01,2.41,14.67
1967-08-02,0.28,17.98
1967-08-03,2.54,16.04
1967-08-04,0.0,15.21
1967-08-05,1.09,14.14
1967-08-06,0.0,13.28
1967-08-07,0.0,13.35
1967-08-08,0.1,13.49
1967-08-09,4.97,13.88
1967-08-10,11.85,15.21
1967-08-11,3.71,26.22
1967-08-12,7.91,21.49
1967-08-13,2.75,20.67
1967-08-14,2.95,19.72
1967-08-15,10.05,17.96
1967-08-16,8.47,31.51
1967-08-17,2.34,35.73
1967-08-18,0.09,28.9
1967-08-19,4.97,22.53
1967-08-20,0.0,25.32
1967-08-21,0.0,24.31
1967-08-22,0.49,20.18
1967-08-23,0.71,17.62
1967-08-24,0.02,15.49
1967-08-25,0.0,15.64
1967-08-26,0.01,15.47
1967-08-27,0.0,14.22
1967-08-28,0.0,13.82
1967-08-29,0.27,13.4
1967-08-30,0.0,13.59
1967-08-31,0.0,13.41
1967-09-01,2.74,13.33
1967-09-02,0.5,14.36
1967-09-03,6.14,15.06
1967-09-04,0.42,15.98
1967-09-05,2.09,15.5
1967-09-06,2.62,15.27
1967-09-07,0.13,14.66
1967-09-08,1.82,14.72
1967-09-09,0.68,14.52
1967-09-10,0.41,14.38
1967-09-11,0.07,14.27
1967-09-12,1.15,13.69
1967-09-13,2.15,14.15
1967-09-14,3.51,14.73
1967-09-15,0.41,15.65
1967-09-16,0.8,14.12
1967-09-17,0.01,12.74
1967-09-18,1.87,13.73
1967-09-19,3.17,15.29
1967-09-20,3.07,15.31
1967-09-21,15.41,17.26
1967-09-22,0.29,22.64
1967-09-23,0.1,19.19
1967-09-24,0.03,16.87
1967-09-25,0.0,15.42
1967-09-26,0.03,14.26
1967-09-27,0.0,14.06
1967-09-28,0.0,13.79
1967-09-29,0.11,14.03
1967-09-30,1.66,13.89
1967-10-01,0.0,13.64
1967-10-02,1.95,14.15
1967-10-03,1.64,15.07
1967-10-04,5.8,15.21
1967-10-05,7.38,17.83
1967-10-06,0.68,20.08
1967-10-07,0.35,16.41
1967-10-08,4.85,15.19
1967-10-09,0.32,19.74
1967-10-10,0.05,19.12
1967-10-11,0.0,17.14
1967-10-12,0.0,15.48
1967-10-13,2.83,15.03
1967-10-14,2.68,15.57
1967-10-15,14.1,16.06
1967-10-16,4.52,24.39
1967-10-17,4.45,29.42
1967-10-18,0.17,26.51
1967-10-19,0.01,22.55
1967-10-20,0.0,19.81
1967-10-21,0.33,18.5
1967-10-22,0.03,16.87
1967-10-23,0.0,15.7
1967-10-24,0.45,14.8
1967-10-25,0.31,15.61
1967-10-26,0.52,15.58
1967-10-27,3.55,16.95
1967-10-28,5.31,19.78
1967-10-29,0.47,21.57
1967-10-30,0.83,22.41
1967-10-31,1.74,18.85
1967-11-01,1.9,16.25
1967-11-02,0.65,18.96
1967-11-03,0.18,25.58
1967-11-04,0.2,25.26
1967-11-05,2.66,23.05
1967-11-06,0.04,23.01
1967-11-07,0.0,20.28
1967-11-08,0.0,18.03
1967-11-09,2.43,17.9
1967-11-10,1.41,18.41
1967-11-11,4.75,20.65
1967-11-12,0.01,22.83
1967-11-13,0.01,21.08
1967-11-14,7.36,19.53
1967-11-15,8.34,31.3
1967-11-16,0.09,40.68
1967-11-17,0.0,33.33
1967-11-18,0.09,26.29
1967-11-19,0.0,24.2
1967-11-20,0.01,22.92
1967-11-21,0.0,21.5
1967-11-22,0.1,20.07
1967-11-23,0.03,20.32
1967-11-24,0.01,20.36
1967-11-25,0.76,20.02
1967-11-26,7.94,19.78
1967-11-27,7.57,24.24
1967-11-28,17.93,40.48
1967-11-29,4.09,79.72
1967-11-30,0.09,98.0
1967-12-01,0.26,70.59
1967-12-02,0.02,49.0
1967-12-03,0.42,40.16
1967-12-04,0.43,34.01
1967-12-05,18.2,33.0
1967-12-06,5.46,69.12
1967-12-07,3.22,111.26
1967-12-08,1.62,88.73
1967-12-09,0.0,66.04
1967-12-10,0.24,50.12
1967-12-11,0.01,39.79
1967-12-12,1.38,35.39
1967-12-13,4.22,34.0
1967-12-14,1.69,41.56
1967-12-15,6.06,53.68
1967-12-16,2.17,64.85
1967-12-17,0.95,91.31
1967-12-18,3.56,87.17
1967-12-19,2.19,69.2
1967-12-20,0.26,60.81
1967-12-21,3.21,48.39
1967-12-22,13.4,53.5
1967-12-23,22.37,114.92
1967-12-24,2.26,237.01
1967-12-25,0.63,271.1
1967-12-26,0.72,212.29
1967-12-27,4.69,154.98
1967-12-28,5.73,139.47
1967-12-29,1.03,148.71
1967-12-30,3.39,130.89
1967-12-31,3.41,117.42
1968-01-01,0.93,123.62
1968-01-02,1.74,115.69
1968-01-03,3.4,92.73
1968-01-04,0.85,83.83
1968-01-05,21.08,81.32
1968-01-06,0.57,145.52
1968-01-07,0.83,197.81
1968-01-08,0.65,166.88
1968-01-09,0.31,104.04
1968-01-10,3.79,77.4
1968-01-11,3.38,70.33
1968-01-12,0.03,64.93
1968-01-13,9.34,56.26
1968-01-14,19.16,66.47
1968-01-15,0.44,210.41
1968-01-16,0.51,286.87
1968-01-17,4.76,255.85
1968-01-18,2.01,209.01
1968-01-19,0.02,204.84
1968-01-20,0.01,193.74
1968-01-21,0.0,160.56
1968-01-22,0.01,120.51
1968-01-23,1.04,103.35
1968-01-24,2.82,92.28
1968-01-25,4.92,84.24
1968-01-26,5.2,83.48
1968-01-27,2.31,98.92
1968-01-28,1.75,109.76
1968-01-29,0.03,109.03
1968-01-30,0.55,97.74
1968-01-31,0.01,85.79
1968-02-01,2.15,76.82
1968-02-02,1.19,73.78
1968-02-03,0.99,70.88
1968-02-04,0.01,72.15
1968-02-05,0.38,71.97
1968-02-06,0.09,62.62
1968-02-07,0.07,56.8
1968-02-08,0.0,51.52
1968-02-09,8.48,47.53
1968-02-10,0.37,55.5
1968-02-11,0.02,65.61
1968-02-12,3.25,62.48
1968-02-13,0.23,56.5
1968-02-14,3.28,56.03
1968-02-15,0.81,58.13
1968-02-16,0.13,58.25
1968-02-17,0.48,54.62
1968-02-18,0.02,49.72
1968-02-19,0.2,48.03
1968-02-20,0.39,43.39
1968-02-21,5.97,41.12
1968-02-22,5.05,45.21
1968-02-23,1.03,51.69
1968-02-24,0.0,48.84
1968-02-25,0.0,42.57
1968-02-26,0.0,40.78
1968-02-27,0.0,35.68
1968-02-28,0.0,35.0
1968-02-29,0.0,35.28
1968-03-01,0.0,35.27
1968-03-02,0.0,34.74
1968-03-03,0.0,35.37
1968-03-04,2.38,32.4
1968-03-05,9.98,30.1
1968-03-06,7.29,43.15
1968-03-07,0.35,84.08
1968-03-08,0.64,84.64
1968-03-09,0.96,69.49
1968-03-10,8.72,65.86
1968-03-11,2.41,72.62
1968-03-12,0.03,82.37
1968-03-13,2.95,72.49
1968-03-14,1.61,67.05
1968-03-15,4.36,70.17
1968-03-16,2.23,79.54
1968-03-17,4.79,73.95
1968-03-18,2.5,80.42
1968-03-19,0.01,79.9
1968-03-20,0.27,71.38
1968-03-21,2.99,60.88
1968-03-22,3.44,60.22
1968-03-23,0.65,63.71
1968-03-24,0.0,63.4
1968-03-25,0.41,59.56
1968-03-26,0.29,48.1
1968-03-27,0.0,41.44
1968-03-28,0.0,38.55
1968-03-29,0.0,33.62
1968-03-30,0.67,32.76
1968-03-31,1.53,32.26
1968-04-01,0.0,36.69
1968-04-02,2.2,32.22
1968-04-03,0.38,29.29
1968-04-04,0.0,29.79
1968-04-05,0.91,27.8
1968-04-06,0.0,26.97
1968-04-07,0.01,26.8
1968-04-08,0.0,25.53
1968-04-09,0.0,24.17
1968-04-10,0.0,23.36
1968-04-11,0.0,22.39
1968-04-12,0.0,22.45
1968-04-13,0.0,22.8
1968-04-14,0.0,24.77
1968-04-15,0.0,25.24
1968-04-16,0.07,24.47
1968-04-17,0.0,22.07
1968-04-18,0.0,21.1
1968-04-19,0.0,19.8
1968-04-20,0.0,19.11
1968-04-21,0.0,18.71
1968-04-22,0.0,19.95
1968-04-23,1.56,18.22
1968-04-24,0.1,17.72
1968-04-25,0.06,17.01
1968-04-26,0.02,17.16
1968-04-27,0.01,17.27
1968-04-28,7.98,16.65
1968-04-29,2.58,22.48
1968-04-30,0.96,22.95
1968-05-01,3.1,19.05
1968-05-02,1.09,20.7
1968-05-03,1.33,19.18
1968-05-04,4.09,18.13
1968-05-05,3.98,20.42
1968-05-06,8.71,25.51
1968-05-07,2.78,32.96
1968-05-08,0.35,26.1
1968-05-09,1.01,22.81
1968-05-10,2.07,21.4
1968-05-11,3.89,21.28
1968-05-12,2.23,21.16
1968-05-13,4.5,23.07
1968-05-14,0.95,22.38
1968-05-15,4.1,22.48
1968-05-16,8.71,23.39
1968-05-17,1.79,27.34
1968-05-18,8.01,27.8
1968-05-19,3.63,32.72
1968-05-20,0.02,32.68
1968-05-21,0.0,29.54
1968-05-22,0.0,25.14
1968-05-23,0.62,20.69
1968-05-24,0.0,20.62
1968-05-25,0.04,19.18
1968-05-26,2.43,19.92
1968-05-27,0.2,22.46
1968-05-28,0.0,19.32
1968-05-29,0.0,17.34
1968-05-30,0.0,17.71
1968-05-31,0.0,17.31
1968-06-01,0.03,16.67
1968-06-02,2.7,16.01
1968-06-03,2.52,16.35
1968-06-04,10.6,17.94
1968-06-05,1.33,21.94
1968-06-06,2.66,21.08
1968-06-07,0.88,20.28
1968-06-08,6.93,17.67
1968-06-09,0.78,19.64
1968-06-10,0.0,19.42
1968-06-11,0.01,17.82
1968-06-12,0.13,17.47
1968-06-13,0.0,17.1
1968-06-14,0.61,17.13
1968-06-15,26.43,17.01
1968-06-16,1.37,112.98
1968-06-17,0.35,83.96
1968-06-18,5.67,50.03
1968-06-19,8.34,35.37
1968-06-20,2.06,34.2
1968-06-21,3.59,30.6
1968-06-22,0.0,27.35
1968-06-23,9.59,22.91
1968-06-24,0.63,23.05
1968-06-25,6.48,21.84
1968-06-26,0.93,21.97
1968-06-27,18.55,21.42
1968-06-28,4.78,61.64
1968-06-29,1.14,48.97
1968-06-30,0.0,31.44
1968-07-01,0.0,26.63
1968-07-02,0.0,22.61
1968-07-03,0.1,19.85
1968-07-04,0.0,19.3
1968-07-05,13.18,19.14
1968-07-06,1.57,25.09
1968-07-07,5.56,23.11
1968-07-08,0.95,22.1
1968-07-09,0.0,19.83
1968-07-10,7.22,18.77
1968-07-11,3.1,20.54
1968-07-12,0.0,20.12
1968-07-13,2.25,18.85
1968-07-14,4.78,19.23
1968-07-15,8.58,22.65
1968-07-16,2.67,23.86
1968-07-17,3.23,22.55
1968-07-18,0.95,23.26
1968-07-19,1.77,19.79
1968-07-20,3.83,19.3
1968-07-21,0.04,17.64
1968-07-22,15.14,17.74
1968-07-23,5.74,38.42
1968-07-24,0.11,36.88
1968-07-25,1.75,27.96
1968-07-26,2.38,24.14
1968-07-27,0.01,23.63
1968-07-28,0.0,20.51
1968-07-29,0.0,19.88
1968-07-30,0.0,19.08
1968-07-31,0.01,18.06
1968-08-01,5.16,17.93
1968-08-02,4.18,19.73
1968-08-03,9.15,20.01
1968-08-04,2.27,30.2
1968-08-05,0.11,34.01
1968-08-06,3.12,39.47
1968-08-07,0.1,27.94
1968-08-08,15.25,22.21
1968-08-09,2.67,27.23
1968-08-10,0.22,30.17
1968-08-11,0.05,25.88
1968-08-12,0.02,22.73
1968-08-13,5.87,20.25
1968-08-14,5.94,21.29
1968-08-15,4.38,23.23
1968-08-16,1.8,23.56
1968-08-17,6.0,24.5
1968-08-18,2.5,27.96
1968-08-19,0.94,25.8
1968-08-20,2.89,22.02
1968-08-21,0.0,21.9
1968-08-22,0.0,21.65
1968-08-23,0.0,20.2
1968-08-24,0.29,18.82
1968-08-25,0.21,17.85
1968-08-26,0.33,18.06
1968-08-27,0.16,17.6
1968-08-28,2.83,17.52
1968-08-29,0.23,19.89
1968-08-30,47.94,27.61
1968-08-31,28.81,137.67
1968-09-01,3.1,274.72
1968-09-02,4.12,293.52
1968-09-03,10.17,200.57
1968-09-04,0.92,179.37
1968-09-05,0.0,145.68
1968-09-06,0.13,90.19
1968-09-07,2.36,64.78
1968-09-08,0.0,55.0
1968-09-09,0.0,52.39
1968-09-10,0.0,45.69
1968-09-11,3.38,39.89
1968-09-12,0.57,41.91
1968-09-13,0.09,38.21
1968-09-14,3.55,34.37
1968-09-15,17.95,39.86
1968-09-16,1.03,87.45
1968-09-17,1.89,97.03
1968-09-18,1.68,72.26
1968-09-19,0.09,54.41
1968-09-20,4.16,44.9
1968-09-21,4.81,49.46
1968-09-22,3.87,63.18
1968-09-23,24.04,54.55
1968-09-24,5.34,137.41
1968-09-25,0.04,173.87
1968-09-26,4.46,121.0
1968-09-27,6.45,92.13
1968-09-28,1.49,81.2
1968-09-29,5.5,79.8
1968-09-30,8.92,84.76
1968-10-01,5.65,104.43
1968-10-02,18.28,114.07
1968-10-03,1.9,163.7
1968-10-04,2.53,191.54
1968-10-05,2.87,161.41
1968-10-06,1.53,137.79
1968-10-07,1.28,119.46
1968-10-08,7.66,100.3
1968-10-09,5.03,108.51
1968-10-10,5.03,128.58
1968-10-11,4.06,132.05
1968-10-12,13.29,124.94
1968-10-13,0.02,163.48
1968-10-14,0.49,195.36
1968-10-15,1.48,139.88
1968-10-16,2.18,101.85
1968-10-17,3.37,91.21
1968-10-18,0.04,89.66
1968-10-19,0.01,80.52
1968-10-20,0.0,70.55
1968-10-21,0.0,67.96
1968-10-22,0.0,53.84
1968-10-23,0.01,51.77
1968-10-24,0.0,53.36
1968-10-25,0.0,46.86
1968-10-26,0.06,40.38
1968-10-27,0.0,40.31
1968-10-28,3.5,42.64
1968-10-29,0.21,41.72
1968-10-30,0.0,42.2
1968-10-31,0.0,39.78
1968-11-01,0.74,36.2
1968-11-02,0.15,35.81
1968-11-03,7.69,35.7
1968-11-04,0.21,47.84
1968-11-05,2.24,46.3
1968-11-06,3.46,39.6
1968-11-07,1.37,41.28
1968-11-08,0.05,41.8
1968-11-09,0.28,39.73
1968-11-10,0.01,37.0
1968-11-11,0.0,34.13
1968-11-12,0.0,32.62
1968-11-13,0.0,31.45
1968-11-14,0.0,33.15
1968-11-15,0.0,28.07
1968-11-16,0.03,26.91
1968-11-17,0.03,27.65
1968-11-18,1.45,28.23
1968-11-19,1.51,28.73
1968-11-20,0.0,28.52
1968-11-21,0.0,27.97
1968-11-22,0.0,26.72
1968-11-23,10.57,26.81
1968-11-24,3.0,37.57
1968-11-25,0.01,54.95
1968-11-26,0.03,41.89
1968-11-27,0.0,33.74
1968-11-28,0.0,34.01
1968-11-29,0.15,32.96
1968-11-30,0.11,30.2
1968-12-01,0.0,28.65
1968-12-02,0.0,27.31
1968-12-03,0.0,24.49
1968-12-04,0.0,24.79
1968-12-05,0.0,24.77
1968-12-06,0.0,24.28
1968-12-07,0.0,24.0
1968-12-08,0.0,23.22
1968-12-09,0.0,23.04
1968-12-10,0.0,21.88
1968-12-11,0.0,21.68
1968-12-12,0.0,21.89
1968-12-13,0.0,22.51
1968-12-14,0.24,21.42
1968-12-15,0.0,21.24
1968-12-16,0.1,20.72
1968-12-17,0.27,21.28
1968-12-18,1.48,20.41
1968-12-19,0.06,20.16
1968-12-20,1.78,19.68
1968-12-21,2.23,21.18
1968-12-22,7.52,25.42
1968-12-23,5.32,39.84
1968-12-24,3.44,48.49
1968-12-25,1.52,54.71
1968-12-26,1.15,59.93
1968-12-27,1.55,45.39
1968-12-28,0.6,33.75
1968-12-29,0.11,32.36
1968-12-30,0.01,30.38
1968-12-31,4.03,26.22
1969-01-01,15.34,24.19
1969-01-02,2.73,45.9
1969-01-03,0.0,108.28
1969-01-04,0.0,105.54
1969-01-05,0.0,74.5
1969-01-06,0.0,61.43
1969-01-07,0.04,48.36
1969-01-08,0.78,40.28
1969-01-09,0.01,37.2
1969-01-10,0.01,34.45
1969-01-11,1.2,32.4
1969-01-12,1.51,33.45
1969-01-13,0.95,32.91
1969-01-14,0.2,40.05
1969-01-15,0.05,50.04
1969-01-16,0.15,45.82
1969-01-17,0.18,39.57
1969-01-18,1.64,36.12
1969-01-19,2.37,36.24
1969-01-20,0.01,38.77
1969-01-21,0.29,34.89
1969-01-22,10.63,31.71
1969-01-23,0.06,47.53
1969-01-24,2.47,68.18
1969-01-25,2.27,58.74
1969-01-26,0.04,59.22
1969-01-27,0.05,60.64
1969-01-28,3.94,49.35
1969-01-29,0.49,49.69
1969-01-30,0.4,52.17
1969-01-31,1.75,43.63
1969-02-01,2.63,39.73
1969-02-02,2.75,44.97
1969-02-03,0.5,46.86
1969-02-04,0.0,42.58
1969-02-05,0.0,36.72
1969-02-06,1.03,36.67
1969-02-07,3.93,35.25
1969-02-08,1.52,36.57
1969-02-09,2.91,37.58
1969-02-10,3.51,38.16
1969-02-11,0.87,36.31
1969-02-12,3.21,31.77
1969-02-13,0.04,29.61
1969-02-14,0.09,28.0
1969-02-15,14.09,27.1
1969-02-16,8.91,26.43
1969-02-17,5.83,26.63
1969-02-18,0.5,31.34
1969-02-19,6.1,30.26
1969-02-20,0.5,39.36
1969-02-21,0.16,65.93
1969-02-22,0.0,135.25
1969-02-23,0.0,168.28
1969-02-24,0.0,169.43
1969-02-25,0.42,155.87
1969-02-26,0.95,122.33
1969-02-27,0.2,90.79
1969-02-28,0.0,77.42
1969-03-01,0.0,74.47
1969-03-02,0.0,74.14
1969-03-03,0.0,72.21
1969-03-04,0.0,63.04
1969-03-05,0.0,52.8
1969-03-06,0.0,46.28
1969-03-07,0.0,42.08
1969-03-08,0.0,37.66
1969-03-09,0.0,38.5
1969-03-10,0.26,41.76
1969-03-11,5.1,35.61
1969-03-12,7.26,41.9
1969-03-13,11.12,59.6
1969-03-14,2.15,121.65
1969-03-15,2.09,110.59
1969-03-16,0.13,106.83
1969-03-17,2.41,82.32
1969-03-18,0.49,66.48
1969-03-19,0.0,58.08
1969-03-20,0.0,49.9
1969-03-21,0.0,43.08
1969-03-22,0.0,41.3
1969-03-23,1.96,46.47
1969-03-24,0.53,42.19
1969-03-25,0.13,39.66
1969-03-26,0.03,37.02
1969-03-27,0.14,34.94
1969-03-28,0.45,32.36
1969-03-29,0.3,30.79
1969-03-30,3.32,33.54
1969-03-31,17.28,34.91
1969-04-01,0.65,69.51
1969-04-02,0.09,91.08
1969-04-03,0.0,70.16
1969-04-04,0.0,61.6
1969-04-05,0.0,55.86
1969-04-06,0.0,52.42
1969-04-07,0.0,45.52
1969-04-08,0.0,43.3
1969-04-09,0.06,35.4
1969-04-10,1.06,28.72
1969-04-11,11.18,29.02
1969-04-12,8.8,46.7
1969-04-13,4.54,69.01
1969-04-14,3.97,64.91
1969-04-15,14.5,64.4
1969-04-16,4.64,123.88
1969-04-17,1.49,126.76
1969-04-18,4.35,105.56
1969-04-19,0.25,96.63
1969-04-20,0.02,93.58
1969-04-21,3.89,73.18
1969-04-22,3.17,69.05
1969-04-23,9.84,72.92
1969-04-24,4.8,87.59
1969-04-25,0.04,101.89
1969-04-26,1.52,92.46
1969-04-27,0.25,80.18
1969-04-28,1.25,69.12
1969-04-29,0.0,62.73
1969-04-30,0.2,58.22
1969-05-01,0.42,54.4
1969-05-02,0.01,43.65
1969-05-03,2.07,45.58
1969-05-04,15.04,44.68
1969-05-05,0.11,77.38
1969-05-06,1.35,93.22
1969-05-07,0.16,58.02
1969-05-08,3.04,45.18
1969-05-09,2.82,40.74
1969-05-10,4.26,44.09
1969-05-11,0.74,44.78
1969-05-12,0.0,47.37
1969-05-13,0.0,37.92
1969-05-14,0.56,32.4
1969-05-15,0.61,30.93
1969-05-16,4.25,34.57
1969-05-17,2.49,31.53
1969-05-18,5.93,31.82
1969-05-19,5.8,32.95
1969-05-20,2.47,33.88
1969-05-21,0.64,30.07
1969-05-22,0.0,28.45
1969-05-23,0.0,25.67
1969-05-24,0.0,24.11
1969-05-25,1.5,24.62
1969-05-26,3.27,31.23
1969-05-27,0.29,27.68
1969-05-28,19.31,23.66
1969-05-29,1.52,41.99
1969-05-30,6.12,45.81
1969-05-31,7.8,46.71
1969-06-01,2.16,45.35
1969-06-02,3.37,47.18
1969-06-03,11.9,49.32
1969-06-04,1.44,76.98
1969-06-05,0.25,62.88
1969-06-06,2.28,45.45
1969-06-07,0.0,38.99
1969-06-08,0.0,36.11
1969-06-09,0.11,32.97
1969-06-10,0.0,26.95
1969-06-11,0.0,25.25
1969-06-12,0.0,23.68
1969-06-13,2.82,22.53
1969-06-14,1.15,23.15
1969-06-15,0.3,23.85
1969-06-16,3.98,25.67
1969-06-17,0.01,23.17
1969-06-18,9.6,25.81
1969-06-19,0.18,29.87
1969-06-20,0.01,31.99
1969-06-21,1.72,29.73
1969-06-22,0.83,24.1
1969-06-23,2.44,22.24
1969-06-24,0.34,22.31
1969-06-25,0.33,21.94
1969-06-26,0.43,21.38
1969-06-27,8.96,21.3
1969-06-28,0.74,24.3
1969-06-29,5.26,21.53
1969-06-30,0.01,21.67
1969-07-01,0.0,21.44
1969-07-02,0.0,21.29
1969-07-03,0.21,21.64
1969-07-04,0.0,21.06
1969-07-05,0.0,20.9
1969-07-06,5.69,20.55
1969-07-07,0.62,22.86
1969-07-08,10.14,25.43
1969-07-09,3.13,25.76
1969-07-10,2.3,24.37
1969-07-11,10.37,25.36
1969-07-12,0.36,28.61
1969-07-13,0.33,22.22
1969-07-14,0.05,22.11
1969-07-15,0.0,21.5
1969-07-16,10.27,20.88
1969-07-17,0.31,31.92
1969-07-18,0.0,23.58
1969-07-19,0.0,22.74
1969-07-20,0.0,22.65
1969-07-21,0.0,22.23
1969-07-22,0.0,21.34
1969-07-23,0.0,21.49
1969-07-24,6.25,21.51
1969-07-25,0.07,21.48
1969-07-26,7.13,21.71
1969-07-27,1.28,22.52
1969-07-28,0.63,22.47
1969-07-29,9.0,21.88
1969-07-30,0.08,22.48
1969-07-31,0.85,22.06
1969-08-01,0.05,21.75
1969-08-02,1.39,20.96
1969-08-03,0.76,20.64
1969-08-04,0.0,20.53
1969-08-05,2.07,19.5
1969-08-06,0.11,21.23
1969-08-07,0.0,20.19
1969-08-08,0.0,20.13
1969-08-09,0.0,19.74
1969-08-10,0.0,18.61
1969-08-11,0.0,18.84
1969-08-12,2.13,19.16
1969-08-13,0.11,19.36
1969-08-14,4.82,19.42
1969-08-15,13.43,20.09
1969-08-16,2.54,22.42
1969-08-17,8.09,22.08
1969-08-18,3.5,22.29
1969-08-19,4.24,21.6
1969-08-20,8.59,22.27
1969-08-21,8.7,25.02
1969-08-22,9.73,25.94
1969-08-23,0.88,25.38
1969-08-24,5.41,22.9
1969-08-25,4.32,25.26
1969-08-26,9.93,25.14
1969-08-27,11.14,28.39
1969-08-28,14.57,40.2
1969-08-29,1.9,85.18
1969-08-30,0.05,83.85
1969-08-31,0.04,50.57
1969-09-01,0.26,36.53
1969-09-02,0.1,31.13
1969-09-03,0.26,25.87
1969-09-04,0.0,24.62
1969-09-05,0.0,23.63
1969-09-06,0.0,22.85
1969-09-07,0.0,21.26
1969-09-08,0.0,20.64
1969-09-09,2.5,21.33
1969-09-10,1.54,22.67
1969-09-11,0.0,22.66
1969-09-12,0.0,21.64
1969-09-13,0.0,20.77
1969-09-14,0.0,20.29
1969-09-15,0.33,20.69
1969-09-16,6.38,20.91
1969-09-17,0.28,21.2
1969-09-18,0.0,20.78
1969-09-19,0.0,19.71
1969-09-20,0.02,19.72
1969-09-21,1.71,19.21
1969-09-22,2.14,19.4
1969-09-23,0.02,20.11
1969-09-24,0.0,19.88
1969-09-25,0.01,19.8
1969-09-26,0.2,20.25
1969-09-27,2.63,20.84
1969-09-28,0.34,20.51
1969-09-29,1.54,20.07
1969-09-30,0.14,20.14
1969-10-01,0.37,20.38
1969-10-02,3.64,20.16
1969-10-03,0.55,20.28
1969-10-04,0.03,20.31
1969-10-05,0.0,19.56
1969-10-06,0.0,19.59
1969-10-07,0.0,19.76
1969-10-08,0.0,18.73
1969-10-09,0.0,19.22
1969-10-10,0.0,18.71
1969-10-11,0.0,18.89
1969-10-12,0.0,17.71
1969-10-13,0.0,17.91
1969-10-14,0.0,17.69
1969-10-15,0.0,18.42
1969-10-16,0.01,18.56
1969-10-17,0.0,17.65
1969-10-18,0.0,18.2
1969-10-19,0.0,17.57
1969-10-20,0.0,17.7
1969-10-21,0.05,17.18
1969-10-22,1.09,17.53
1969-10-23,4.81,17.48
1969-10-24,1.72,17.87
1969-10-25,1.01,19.06
1969-10-26,0.06,17.1
1969-10-27,0.01,17.12
1969-10-28,0.01,17.0
1969-10-29,3.37,16.53
1969-10-30,3.97,16.97
1969-10-31,1.31,18.17
1969-11-01,0.0,18.55
1969-11-02,0.0,18.8
1969-11-03,0.0,18.26
1969-11-04,9.74,17.36
1969-11-05,0.97,19.71
1969-11-06,0.0,18.27
1969-11-07,5.44,18.1
1969-11-08,5.18,20.05
1969-11-09,12.06,21.65
1969-11-10,0.13,26.49
1969-11-11,3.9,24.56
1969-11-12,6.01,24.5
1969-11-13,7.33,27.19
1969-11-14,0.2,32.3
1969-11-15,0.5,28.01
1969-11-16,1.29,23.53
1969-11-17,2.74,23.95
1969-11-18,3.81,23.53
1969-11-19,1.43,23.05
1969-11-20,0.7,25.53
1969-11-21,0.77,24.99
1969-11-22,0.37,23.73
1969-11-23,7.89,22.89
1969-11-24,1.67,25.42
1969-11-25,0.61,28.38
1969-11-26,0.06,27.74
1969-11-27,1.15,26.21
1969-11-28,5.02,25.46
1969-11-29,2.18,26.32
1969-11-30,0.04,27.55
1969-12-01,0.68,30.01
1969-12-02,2.69,28.78
1969-12-03,5.23,29.82
1969-12-04,0.0,37.09
1969-12-05,0.08,36.03
1969-12-06,0.05,29.37
1969-12-07,0.0,27.24
1969-12-08,1.84,24.88
1969-12-09,0.0,25.81
1969-12-10,0.0,24.58
1969-12-11,0.0,23.66
1969-12-12,0.0,23.03
1969-12-13,0.02,22.82
1969-12-14,0.7,22.55
1969-12-15,3.72,22.92
1969-12-16,1.31,24.52
1969-12-17,0.29,22.95
1969-12-18,2.84,22.29
1969-12-19,0.01,22.09
1969-12-20,0.0,21.91
1969-12-21,0.76,21.45
1969-12-22,0.49,21.48
1969-12-23,1.74,22.26
1969-12-24,0.19,22.01
1969-12-25,0.02,22.3
1969-12-26,0.03,24.5
1969-12-27,0.0,23.44
1969-12-28,0.0,22.25
1969-12-29,0.0,21.86
1969-12-30,0.54,22.0
1969-12-31,0.33,21.82
1970-01-01,0.42,21.18
1970-01-02,9.16,21.18
1970-01-03,7.32,24.45
1970-01-04,0.6,23.52
1970-01-05,2.91,22.47
1970-01-06,1.61,22.27
1970-01-07,0.29,23.68
1970-01-08,1.52,27.46
1970-01-09,1.71,23.44
1970-01-10,3.07,24.1
1970-01-11,0.14,33.43
1970-01-12,0.09,41.89
1970-01-13,0.04,34.81
1970-01-14,1.55,30.66
1970-01-15,0.7,29.72
1970-01-16,0.33,35.2
1970-01-17,0.03,36.17
1970-01-18,0.0,37.05
1970-01-19,0.0,33.91
1970-01-20,0.0,29.86
1970-01-21,0.0,25.73
1970-01-22,0.02,25.17
1970-01-23,0.42,24.88
1970-01-24,0.72,25.39
1970-01-25,2.68,26.3
1970-01-26,12.83,38.95
1970-01-27,11.76,78.2
1970-01-28,0.08,168.46
1970-01-29,0.0,144.37
1970-01-30,0.0,96.25
1970-01-31,0.04,65.51
1970-02-01,0.01,54.55
1970-02-02,21.91,51.36
1970-02-03,0.76,118.34
1970-02-04,1.14,147.1
1970-02-05,11.32,94.03
1970-02-06,0.13,99.82
1970-02-07,3.98,94.46
1970-02-08,10.95,92.98
1970-02-09,8.81,158.97
1970-02-10,4.97,203.01
1970-02-11,2.58,197.79
1970-02-12,9.93,159.63
1970-02-13,2.12,123.61
1970-02-14,0.0,92.63
1970-02-15,1.53,78.98
1970-02-16,2.72,70.84
1970-02-17,6.12,63.12
1970-02-18,2.36,61.5
1970-02-19,4.93,53.89
1970-02-20,5.0,75.37
1970-02-21,20.14,197.07
1970-02-22,13.48,277.58
1970-02-23,0.98,361.54
1970-02-24,2.46,344.9
1970-02-25,3.48,295.52
1970-02-26,0.74,268.95
1970-02-27,0.63,235.96
1970-02-28,0.33,203.14
1970-03-01,10.48,166.47
1970-03-02,5.14,154.42
1970-03-03,0.99,181.28
1970-03-04,0.45,152.07
1970-03-05,3.62,127.34
1970-03-06,1.55,103.74
1970-03-07,1.58,87.41
1970-03-08,4.98,87.81
1970-03-09,1.09,84.7
1970-03-10,1.2,74.81
1970-03-11,0.01,65.26
1970-03-12,0.0,68.69
1970-03-13,0.01,79.92
1970-03-14,0.0,81.62
1970-03-15,1.24,79.28
1970-03-16,0.85,72.63
1970-03-17,5.44,69.24
1970-03-18,8.03,84.42
1970-03-19,1.58,123.12
1970-03-20,3.1,133.18
1970-03-21,0.41,132.92
1970-03-22,0.02,125.67
1970-03-23,0.28,116.5
1970-03-24,11.4,105.83
1970-03-25,0.14,113.96
1970-03-26,0.87,122.9
1970-03-27,5.2,120.01
1970-03-28,4.22,115.43
1970-03-29,1.67,112.31
1970-03-30,5.24,114.12
1970-03-31,4.87,137.25
1970-04-01,5.14,151.0
1970-04-02,3.86,139.48
1970-04-03,2.8,120.96
1970-04-04,3.07,117.11
1970-04-05,2.84,123.08
1970-04-06,2.53,122.22
1970-04-07,2.07,114.16
1970-04-08,0.26,108.97
1970-04-09,0.08,99.82
1970-04-10,0.74,85.67
1970-04-11,3.92,75.28
1970-04-12,4.69,75.02
1970-04-13,0.9,86.88
1970-04-14,0.07,87.43
1970-04-15,3.79,75.88
1970-04-16,0.99,71.51
1970-04-17,0.03,73.14
1970-04-18,0.09,68.71
1970-04-19,1.22,64.8
1970-04-20,1.37,63.81
1970-04-21,5.09,59.84
1970-04-22,0.47,63.57
1970-04-23,3.07,64.03
1970-04-24,3.34,60.92
1970-04-25,9.24,63.14
1970-04-26,4.35,105.74
1970-04-27,2.18,112.81
1970-04-28,3.73,91.52
1970-04-29,9.83,83.68
1970-04-30,3.01,122.63
1970-05-01,0.13,116.76
1970-05-02,5.38,95.43
1970-05-03,1.78,87.08
1970-05-04,0.02,84.83
1970-05-05,0.0,76.12
1970-05-06,0.0,63.85
1970-05-07,0.01,57.54
1970-05-08,0.54,51.87
1970-05-09,0.05,45.55
1970-05-10,0.01,39.19
1970-05-11,0.24,43.93
1970-05-12,2.96,42.58
1970-05-13,0.21,37.16
1970-05-14,0.0,33.65
1970-05-15,13.7,30.9
1970-05-16,8.29,36.84
1970-05-17,5.56,75.67
1970-05-18,0.0,91.34
1970-05-19,2.16,64.97
1970-05-20,0.19,46.4
1970-05-21,3.65,37.0
1970-05-22,3.04,36.88
1970-05-23,0.15,37.68
1970-05-24,0.0,33.58
1970-05-25,5.08,28.89
1970-05-26,2.97,28.97
1970-05-27,0.26,31.74
1970-05-28,0.0,28.75
1970-05-29,8.9,28.02
1970-05-30,4.72,30.5
1970-05-31,1.5,31.92
1970-06-01,0.92,37.6
1970-06-02,0.0,30.85
1970-06-03,0.0,26.8
1970-06-04,0.0,25.03
1970-06-05,1.4,24.08
1970-06-06,0.0,24.9
1970-06-07,0.0,22.23
1970-06-08,0.0,25.83
1970-06-09,1.72,22.09
1970-06-10,4.65,22.41
1970-06-11,0.02,23.54
1970-06-12,0.0,21.19
1970-06-13,0.0,20.82
1970-06-14,0.0,20.42
1970-06-15,0.0,20.65
1970-06-16,3.51,20.5
1970-06-17,0.0,19.59
1970-06-18,0.0,20.03
1970-06-19,0.0,19.7
1970-06-20,0.1,19.45
1970-06-21,0.35,19.07
1970-06-22,6.79,18.92
1970-06-23,8.53,20.34
1970-06-24,0.84,21.94
1970-06-25,0.01,19.24
1970-06-26,0.2,18.69
1970-06-27,4.42,18.76
1970-06-28,16.19,20.49
1970-06-29,7.61,22.91
1970-06-30,3.55,22.85
1970-07-01,3.33,21.62
1970-07-02,10.98,20.64
1970-07-03,5.99,22.78
1970-07-04,0.81,20.69
1970-07-05,4.0,21.15
1970-07-06,0.29,25.69
1970-07-07,0.0,19.82
1970-07-08,4.48,18.99
1970-07-09,4.29,26.6
1970-07-10,0.13,22.25
1970-07-11,0.0,19.16
1970-07-12,0.0,17.94
1970-07-13,0.0,18.19
1970-07-14,26.32,18.8
1970-07-15,8.49,39.64
1970-07-16,0.21,32.02
1970-07-17,0.01,21.38
1970-07-18,0.13,18.9
1970-07-19,5.78,18.43
1970-07-20,6.61,24.29
1970-07-21,0.13,24.84
1970-07-22,0.0,19.74
1970-07-23,0.01,17.77
1970-07-24,7.55,17.34
1970-07-25,10.2,22.37
1970-07-26,6.06,27.47
1970-07-27,0.58,24.76
1970-07-28,11.79,20.03
1970-07-29,2.7,32.64
1970-07-30,0.03,42.67
1970-07-31,0.0,29.11
1970-08-01,0.0,22.8
1970-08-02,0.08,21.15
1970-08-03,1.59,18.66
1970-08-04,1.18,18.1
1970-08-05,0.38,17.49
1970-08-06,0.04,17.24
1970-08-07,10.88,17.45
1970-08-08,11.3,27.94
1970-08-09,0.38,23.98
1970-08-10,3.76,23.79
1970-08-11,0.66,19.9
1970-08-12,0.01,18.67
1970-08-13,0.03,17.47
1970-08-14,0.69,17.24
1970-08-15,0.49,17.13
1970-08-16,4.7,17.05
1970-08-17,0.0,17.92
1970-08-18,0.09,17.2
1970-08-19,2.43,17.18
1970-08-20,0.73,16.93
1970-08-21,1.02,16.87
1970-08-22,6.61,16.39
1970-08-23,2.96,17.04
1970-08-24,0.28,19.14
1970-08-25,0.01,17.41
1970-08-26,0.0,17.07
1970-08-27,0.0,16.94
1970-08-28,0.0,16.93
1970-08-29,0.0,17.09
1970-08-30,0.03,16.92
1970-08-31,0.09,16.96
1970-09-01,0.95,17.23
1970-09-02,0.19,17.11
1970-09-03,1.84,17.15
1970-09-04,1.04,17.64
1970-09-05,0.06,16.95
1970-09-06,0.01,17.16
1970-09-07,0.0,17.62
1970-09-08,4.12,17.56
1970-09-09,0.28,18.19
1970-09-10,6.48,17.42
1970-09-11,1.01,18.23
1970-09-12,2.24,17.1
1970-09-13,8.32,17.12
1970-09-14,5.67,19.92
1970-09-15,12.69,20.1
1970-09-16,17.51,21.93
1970-09-17,0.05,35.18
1970-09-18,0.0,30.69
1970-09-19,0.0,23.07
1970-09-20,0.03,21.04
1970-09-21,0.17,18.34
1970-09-22,0.01,17.76
1970-09-23,0.0,17.68
1970-09-24,0.0,17.37
1970-09-25,0.28,16.92
1970-09-26,0.01,16.85
1970-09-27,0.01,16.77
1970-09-28,0.0,16.56
1970-09-29,10.01,17.03
1970-09-30,5.05,18.89
1970-10-01,8.93,18.98
1970-10-02,13.28,20.06
1970-10-03,12.27,32.3
1970-10-04,5.11,56.4
1970-10-05,0.41,58.37
1970-10-06,7.03,49.22
1970-10-07,1.02,45.59
1970-10-08,0.67,46.06
1970-10-09,0.15,37.45
1970-10-10,0.02,30.67
1970-10-11,0.0,31.03
1970-10-12,0.0,30.93
1970-10-13,0.82,24.97
1970-10-14,0.0,23.89
1970-10-15,0.0,23.14
1970-10-16,0.0,21.95
1970-10-17,0.0,21.33
1970-10-18,0.01,21.36
1970-10-19,13.44,24.52
1970-10-20,7.06,30.93
1970-10-21,2.96,37.49
1970-10-22,1.46,41.44
1970-10-23,0.2,36.71
1970-10-24,5.38,31.58
1970-10-25,1.1,30.4
1970-10-26,6.86,37.43
1970-10-27,7.23,47.7
1970-10-28,15.58,54.28
1970-10-29,0.86,114.48
1970-10-30,1.81,140.95
1970-10-31,4.32,106.6
1970-11-01,6.82,88.73
1970-11-02,16.36,95.12
1970-11-03,6.95,157.43
1970-11-04,4.19,208.76
1970-11-05,5.06,179.74
1970-11-06,0.93,143.66
1970-11-07,0.01,121.05
1970-11-08,1.06,100.88
1970-11-09,5.47,90.24
1970-11-10,1.35,84.34
1970-11-11,2.67,76.68
1970-11-12,3.5,75.87
1970-11-13,0.06,72.26
1970-11-14,0.08,67.2
1970-11-15,2.02,60.87
1970-11-16,0.98,62.76
1970-11-17,2.05,55.66
1970-11-18,1.23,55.26
1970-11-19,0.3,62.43
1970-11-20,1.13,54.78
1970-11-21,0.11,47.86
1970-11-22,0.37,44.79
1970-11-23,0.0,45.73
1970-11-24,0.0,37.77
1970-11-25,0.0,36.88
1970-11-26,0.01,34.89
1970-11-27,0.01,32.45
1970-11-28,0.09,29.93
1970-11-29,0.46,30.95
1970-11-30,1.21,34.55
1970-12-01,5.32,30.94
1970-12-02,8.04,31.97
1970-12-03,5.43,48.55
1970-12-04,4.91,97.98
1970-12-05,1.53,88.08
1970-12-06,1.75,79.08
1970-12-07,0.84,73.24
1970-12-08,0.06,61.56
1970-12-09,0.13,48.46
1970-12-10,0.48,41.5
1970-12-11,0.01,38.7
1970-12-12,0.02,37.07
1970-12-13,0.19,35.36
1970-12-14,1.71,38.08
1970-12-15,0.31,34.26
1970-12-16,0.05,31.74
1970-12-17,0.98,30.47
1970-12-18,0.06,29.08
1970-12-19,0.6,28.72
1970-12-20,1.19,29.41
1970-12-21,5.01,35.33
1970-12-22,0.36,32.71
1970-12-23,0.25,30.44
1970-12-24,0.2,29.6
1970-12-25,0.27,35.64
1970-12-26,0.1,32.67
1970-12-27,0.16,33.33
1970-12-28,5.49,33.24
1970-12-29,0.35,29.53
1970-12-30,0.79,26.63
1970-12-31,0.06,25.41
1971-01-01,0.71,28.78
1971-01-02,3.8,26.36
1971-01-03,0.95,24.81
1971-01-04,0.04,24.78
1971-01-05,0.0,24.62
1971-01-06,0.0,24.79
1971-01-07,0.11,24.35
1971-01-08,0.29,25.2
1971-01-09,0.01,27.93
1971-01-10,0.0,34.26
1971-01-11,0.0,36.45
1971-01-12,0.0,30.95
1971-01-13,0.0,27.38
1971-01-14,0.09,25.36
1971-01-15,2.06,24.55
1971-01-16,0.57,24.72
1971-01-17,0.02,26.48
1971-01-18,0.27,32.24
1971-01-19,0.7,31.27
1971-01-20,0.76,34.95
1971-01-21,0.09,41.1
1971-01-22,2.89,40.42
1971-01-23,6.15,38.42
1971-01-24,0.64,57.71
1971-01-25,3.1,60.67
1971-01-26,5.79,57.16
1971-01-27,10.18,70.09
1971-01-28,4.51,88.1
1971-01-29,0.83,118.57
1971-01-30,0.11,100.53
1971-01-31,0.03,76.88
1971-02-01,0.03,63.35
1971-02-02,1.36,53.18
1971-02-03,3.28,41.94
1971-02-04,1.2,44.74
1971-02-05,0.18,52.06
1971-02-06,0.65,47.08
1971-02-07,1.91,44.32
1971-02-08,0.94,53.62
1971-02-09,0.03,47.14
1971-02-10,0.0,41.34
1971-02-11,0.0,38.6
1971-02-12,0.67,35.03
1971-02-13,1.87,36.44
1971-02-14,0.36,39.66
1971-02-15,0.27,40.71
1971-02-16,0.35,34.56
1971-02-17,1.69,30.11
1971-02-18,5.35,29.47
1971-02-19,0.49,37.79
1971-02-20,2.07,39.38
1971-02-21,6.12,37.27
1971-02-22,3.5,50.59
1971-02-23,0.05,61.23
1971-02-24,1.39,53.6
1971-02-25,1.7,43.45
1971-02-26,0.52,41.55
1971-02-27,0.31,40.01
1971-02-28,0.5,34.49
1971-03-01,0.35,39.16
1971-03-02,0.55,32.56
1971-03-03,0.09,31.46
1971-03-04,0.28,27.51
1971-03-05,1.49,25.6
1971-03-06,0.03,25.44
1971-03-07,0.0,25.04
1971-03-08,0.42,28.18
1971-03-09,2.65,24.52
1971-03-10,0.83,25.36
1971-03-11,0.93,25.79
1971-03-12,1.17,26.09
1971-03-13,0.02,28.06
1971-03-14,0.03,28.16
1971-03-15,0.0,34.81
1971-03-16,0.52,29.67
1971-03-17,3.19,27.56
1971-03-18,0.24,29.11
1971-03-19,0.55,29.87
1971-03-20,0.03,28.97
1971-03-21,0.01,27.4
1971-03-22,0.0,28.84
1971-03-23,0.25,24.04
1971-03-24,2.22,24.09
1971-03-25,5.57,25.46
1971-03-26,3.46,28.48
1971-03-27,0.34,31.54
1971-03-28,0.0,29.87
1971-03-29,0.01,31.03
1971-03-30,0.07,25.58
1971-03-31,0.03,25.13
1971-04-01,0.0,26.06
1971-04-02,0.01,24.68
1971-04-03,0.08,24.11
1971-04-04,4.11,23.45
1971-04-05,0.02,28.62
1971-04-06,0.0,25.07
1971-04-07,0.05,24.46
1971-04-08,0.0,23.97
1971-04-09,0.0,23.68
1971-04-10,0.0,23.58
1971-04-11,0.0,23.41
1971-04-12,0.0,22.96
1971-04-13,0.0,22.58
1971-04-14,0.0,22.64
1971-04-15,0.0,22.7
1971-04-16,0.65,21.16
1971-04-17,4.73,21.09
1971-04-18,0.0,21.55
1971-04-19,0.0,21.05
1971-04-20,0.0,20.59
1971-04-21,0.0,20.23
1971-04-22,0.02,20.67
1971-04-23,3.85,20.37
1971-04-24,28.46,21.63
1971-04-25,1.0,42.7
1971-04-26,12.77,55.32
1971-04-27,1.53,49.09
1971-04-28,0.03,68.08
1971-04-29,0.2,46.43
1971-04-30,0.0,34.49
1971-05-01,0.0,28.03
1971-05-02,0.0,32.6
1971-05-03,0.0,33.2
1971-05-04,0.0,23.73
1971-05-05,0.0,22.84
1971-05-06,0.0,22.35
1971-05-07,0.0,21.74
1971-05-08,0.01,20.9
1971-05-09,1.11,20.52
1971-05-10,0.05,20.19
1971-05-11,0.0,20.59
1971-05-12,1.17,20.65
1971-05-13,4.43,20.7
1971-05-14,5.49,23.18
1971-05-15,1.93,27.32
1971-05-16,2.94,21.9
1971-05-17,1.85,26.23
1971-05-18,0.5,23.5
1971-05-19,0.03,21.76
1971-05-20,0.29,20.54
1971-05-21,0.32,20.85
1971-05-22,0.53,21.09
1971-05-23,0.28,21.55
1971-05-24,0.0,21.04
1971-05-25,0.08,20.87
1971-05-26,2.64,20.88
1971-05-27,7.36,20.63
1971-05-28,2.2,21.66
1971-05-29,0.01,23.01
1971-05-30,0.02,23.7
1971-05-31,0.0,20.07
1971-06-01,5.19,20.21
1971-06-02,0.25,22.09
1971-06-03,0.81,20.74
1971-06-04,2.68,20.88
1971-06-05,1.13,20.71
1971-06-06,0.01,20.06
1971-06-07,0.24,20.31
1971-06-08,0.01,20.85
1971-06-09,6.69,20.26
1971-06-10,6.28,21.66
1971-06-11,4.85,24.31
1971-06-12,8.79,26.6
1971-06-13,1.34,21.99
1971-06-14,6.51,21.31
1971-06-15,18.26,23.91
1971-06-16,4.37,37.28
1971-06-17,4.26,27.47
1971-06-18,9.42,28.66
1971-06-19,7.05,28.03
1971-06-20,8.67,39.09
1971-06-21,0.47,50.43
1971-06-22,2.46,36.17
1971-06-23,0.02,31.92
1971-06-24,0.07,24.87
1971-06-25,4.51,22.92
1971-06-26,16.16,26.05
1971-06-27,5.15,42.42
1971-06-28,9.5,61.9
1971-06-29,1.93,65.07
1971-06-30,2.08,47.68
1971-07-01,0.0,34.42
1971-07-02,0.0,26.23
1971-07-03,0.0,26.91
1971-07-04,0.0,24.08
1971-07-05,0.0,23.63
1971-07-06,0.0,21.09
1971-07-07,0.0,20.52
1971-07-08,0.0,20.26
1971-07-09,0.0,19.96
1971-07-10,0.0,19.65
1971-07-11,0.0,19.79
1971-07-12,0.0,20.49
1971-07-13,0.0,19.74
1971-07-14,0.46,19.25
1971-07-15,0.0,19.25
1971-07-16,0.0,18.77
1971-07-17,0.02,18.51
1971-07-18,0.0,18.57
1971-07-19,0.01,18.61
1971-07-20,0.09,18.44
1971-07-21,3.66,18.65
1971-07-22,0.31,20.23
1971-07-23,0.44,18.89
1971-07-24,1.31,17.58
1971-07-25,4.88,17.38
1971-07-26,0.66,22.72
1971-07-27,13.13,20.36
1971-07-28,1.94,26.64
1971-07-29,1.68,19.98
1971-07-30,0.0,19.19
1971-07-31,0.52,18.28
1971-08-01,0.63,17.77
1971-08-02,1.66,17.81
1971-08-03,5.19,17.91
1971-08-04,0.02,23.13
1971-08-05,3.06,22.68
1971-08-06,4.9,18.44
1971-08-07,1.17,18.58
1971-08-08,0.01,18.29
1971-08-09,0.01,17.37
1971-08-10,0.82,17.33
1971-08-11,0.09,17.13
1971-08-12,0.17,16.99
1971-08-13,0.44,17.09
1971-08-14,7.77,17.06
1971-08-15,0.06,23.04
1971-08-16,0.01,19.05
1971-08-17,0.0,18.36
1971-08-18,0.05,17.62
1971-08-19,0.07,17.15
1971-08-20,5.82,16.61
1971-08-21,0.27,18.65
1971-08-22,2.96,16.92
1971-08-23,0.3,16.05
1971-08-24,0.0,16.14
1971-08-25,0.0,16.41
1971-08-26,1.47,16.29
1971-08-27,2.06,16.7
1971-08-28,0.03,17.25
1971-08-29,0.04,15.95
1971-08-30,3.51,15.55
1971-08-31,3.82,16.36
1971-09-01,1.09,17.11
1971-09-02,0.0,16.46
1971-09-03,0.0,15.85
1971-09-04,0.0,15.74
1971-09-05,0.0,15.36
1971-09-06,0.0,15.28
1971-09-07,0.0,14.57
1971-09-08,0.03,14.86
1971-09-09,0.27,15.02
1971-09-10,0.82,16.53
1971-09-11,0.09,14.63
1971-09-12,0.03,14.6
1971-09-13,0.07,15.01
1971-09-14,1.56,16.46
1971-09-15,0.0,15.17
1971-09-16,0.04,14.65
1971-09-17,0.0,15.23
1971-09-18,0.13,14.94
1971-09-19,0.25,14.19
1971-09-20,0.0,14.27
1971-09-21,0.0,13.79
1971-09-22,0.0,15.6
1971-09-23,8.54,14.78
1971-09-24,6.99,18.18
1971-09-25,6.22,17.21
1971-09-26,0.07,17.44
1971-09-27,6.0,16.63
1971-09-28,1.13,17.7
1971-09-29,0.03,16.41
1971-09-30,0.0,15.79
1971-10-01,0.0,14.36
1971-10-02,0.0,14.17
1971-10-03,0.0,13.95
1971-10-04,0.08,13.58
1971-10-05,0.0,14.0
1971-10-06,0.0,14.0
1971-10-07,0.0,14.2
1971-10-08,0.0,13.86
1971-10-09,0.0,13.84
1971-10-10,0.03,13.58
1971-10-11,0.38,13.5
1971-10-12,0.03,13.63
1971-10-13,9.65,13.52
1971-10-14,5.27,16.5
1971-10-15,0.01,17.74
1971-10-16,0.01,15.66
1971-10-17,0.93,13.74
1971-10-18,0.69,13.92
1971-10-19,2.09,13.88
1971-10-20,5.73,14.76
1971-10-21,1.25,15.92
1971-10-22,0.01,14.98
1971-10-23,0.01,13.82
1971-10-24,0.0,13.01
1971-10-25,0.1,12.64
1971-10-26,0.0,12.82
1971-10-27,0.0,12.67
1971-10-28,0.0,13.06
1971-10-29,0.0,13.34
1971-10-30,0.03,12.83
1971-10-31,0.03,12.93
1971-11-01,0.02,12.6
1971-11-02,0.01,12.45
1971-11-03,0.03,13.19
1971-11-04,0.0,13.29
1971-11-05,0.04,13.23
1971-11-06,1.17,13.14
1971-11-07,2.79,13.22
1971-11-08,3.59,13.51
1971-11-09,0.09,15.22
1971-11-10,0.01,13.66
1971-11-11,0.01,14.12
1971-11-12,0.29,13.71
1971-11-13,0.96,13.65
1971-11-14,0.78,13.44
1971-11-15,0.31,13.57
1971-11-16,4.02,13.44
1971-11-17,4.36,14.48
1971-11-18,23.08,17.92
1971-11-19,0.06,27.78
1971-11-20,0.35,17.92
1971-11-21,5.22,16.93
1971-11-22,9.44,18.28
1971-11-23,3.3,18.73
1971-11-24,0.5,17.78
1971-11-25,2.27,16.91
1971-11-26,1.08,17.35
1971-11-27,0.02,16.76
1971-11-28,9.74,16.7
1971-11-29,5.41,21.85
1971-11-30,0.16,22.88
1971-12-01,0.0,19.02
1971-12-02,0.02,18.04
1971-12-03,0.01,17.6
1971-12-04,0.03,16.98
1971-12-05,0.18,17.45
1971-12-06,0.03,16.85
1971-12-07,0.95,17.13
1971-12-08,0.32,16.86
1971-12-09,5.2,16.94
1971-12-10,2.08,18.4
1971-12-11,0.55,18.28
1971-12-12,1.01,17.27
1971-12-13,0.7,17.1
1971-12-14,0.03,17.24
1971-12-15,0.15,17.1
1971-12-16,0.02,17.13
1971-12-17,0.01,17.15
1971-12-18,0.2,16.81
1971-12-19,5.07,16.92
1971-12-20,3.79,18.0
1971-12-21,2.2,18.89
1971-12-22,6.7,18.92
1971-12-23,3.06,24.6
1971-12-24,0.0,37.74
1971-12-25,0.0,33.35
1971-12-26,0.04,27.63
1971-12-27,1.72,25.2
1971-12-28,1.41,22.5
1971-12-29,0.23,20.75
1971-12-30,1.18,19.57
1971-12-31,0.0,19.08
1972-01-01,0.0,18.7
1972-01-02,0.0,18.58
1972-01-03,0.02,18.36
1972-01-04,0.62,18.01
1972-01-05,0.0,18.65
1972-01-06,0.01,18.15
1972-01-07,0.0,17.92
1972-01-08,0.37,17.8
1972-01-09,0.01,17.55
1972-01-10,0.05,17.58
1972-01-11,1.4,17.55
1972-01-12,2.24,17.8
1972-01-13,0.0,18.73
1972-01-14,0.0,18.02
1972-01-15,0.0,18.01
1972-01-16,0.0,17.75
1972-01-17,0.0,17.59
1972-01-18,0.0,17.16
1972-01-19,1.72,17.14
1972-01-20,0.81,17.63
1972-01-21,0.16,17.25
1972-01-22,0.01,16.7
1972-01-23,0.0,16.64
1972-01-24,0.75,16.67
1972-01-25,2.25,16.92
1972-01-26,0.83,17.2
1972-01-27,0.19,17.09
1972-01-28,0.09,16.91
1972-01-29,0.47,16.61
1972-01-30,0.39,16.3
1972-01-31,0.0,16.75
1972-02-01,0.01,16.88
1972-02-02,0.0,16.39
1972-02-03,0.12,16.38
1972-02-04,1.63,16.4
1972-02-05,0.03,16.59
1972-02-06,0.46,16.2
1972-02-07,2.48,16.38
1972-02-08,0.47,17.5
1972-02-09,3.01,17.24
1972-02-10,0.36,19.78
1972-02-11,2.84,20.66
1972-02-12,1.21,23.47
1972-02-13,0.05,26.71
1972-02-14,0.17,20.48
1972-02-15,0.0,19.08
1972-02-16,0.04,19.2
1972-02-17,0.0,19.97
1972-02-18,0.0,20.08
1972-02-19,0.0,19.42
1972-02-20,0.09,18.84
1972-02-21,0.14,18.83
1972-02-22,0.06,18.86
1972-02-23,0.0,18.94
1972-02-24,0.0,18.65
1972-02-25,0.0,18.16
1972-02-26,0.03,16.9
1972-02-27,0.1,17.8
1972-02-28,0.0,17.92
1972-02-29,0.0,17.62
1972-03-01,0.0,17.76
1972-03-02,0.0,18.01
1972-03-03,0.85,17.74
1972-03-04,3.5,19.07
1972-03-05,0.03,19.4
1972-03-06,0.14,17.29
1972-03-07,0.05,19.72
1972-03-08,0.59,18.03
1972-03-09,0.01,17.41
1972-03-10,11.17,17.84
1972-03-11,0.01,23.03
1972-03-12,0.0,19.71
1972-03-13,0.0,17.68
1972-03-14,0.0,18.22
1972-03-15,0.0,20.04
1972-03-16,0.0,19.05
1972-03-17,0.0,17.68
1972-03-18,0.0,17.34
1972-03-19,0.0,16.86
1972-03-20,0.0,16.87
1972-03-21,0.0,17.02
1972-03-22,0.0,17.39
1972-03-23,0.0,17.08
1972-03-24,0.0,16.54
1972-03-25,0.06,16.51
1972-03-26,6.56,16.54
1972-03-27,13.66,19.74
1972-03-28,5.88,29.41
1972-03-29,1.18,27.95
1972-03-30,0.12,23.51
1972-03-31,7.24,22.16
1972-04-01,7.06,23.17
1972-04-02,3.24,33.91
1972-04-03,0.45,46.94
1972-04-04,2.67,46.93
1972-04-05,3.32,36.27
1972-04-06,4.58,34.02
1972-04-07,6.53,40.52
1972-04-08,0.52,58.75
1972-04-09,0.16,43.31
1972-04-10,5.24,33.76
1972-04-11,1.12,36.72
1972-04-12,0.28,28.72
1972-04-13,0.08,23.28
1972-04-14,2.52,27.55
1972-04-15,4.21,25.62
1972-04-16,0.08,28.62
1972-04-17,0.0,28.56
1972-04-18,2.45,25.35
1972-04-19,0.64,23.41
1972-04-20,0.03,22.93
1972-04-21,1.6,22.73
1972-04-22,1.13,21.84
1972-04-23,0.0,21.25
1972-04-24,0.0,20.73
1972-04-25,0.2,20.42
1972-04-26,2.33,20.24
1972-04-27,0.94,20.85
1972-04-28,0.59,20.31
1972-04-29,0.75,19.26
1972-04-30,0.01,19.48
1972-05-01,0.05,19.13
1972-05-02,0.01,21.28
1972-05-03,0.06,19.35
1972-05-04,0.53,18.61
1972-05-05,0.05,18.4
1972-05-06,0.33,17.87
1972-05-07,0.92,18.01
1972-05-08,4.3,18.33
1972-05-09,9.56,18.68
1972-05-10,7.83,20.35
1972-05-11,1.22,20.79
1972-05-12,12.03,19.26
1972-05-13,3.99,22.15
1972-05-14,2.88,24.96
1972-05-15,0.81,28.71
1972-05-16,10.32,21.93
1972-05-17,0.26,27.05
1972-05-18,0.1,27.08
1972-05-19,0.0,22.72
1972-05-20,0.0,20.0
1972-05-21,0.01,18.6
1972-05-22,0.0,26.04
1972-05-23,2.58,21.92
1972-05-24,2.88,21.69
1972-05-25,0.58,19.64
1972-05-26,1.85,18.66
1972-05-27,15.99,19.11
1972-05-28,6.26,27.34
1972-05-29,0.28,27.41
1972-05-30,2.54,19.97
1972-05-31,3.82,22.26
1972-06-01,1.62,22.4
1972-06-02,0.15,21.28
1972-06-03,0.0,20.01
1972-06-04,0.0,18.87
1972-06-05,5.83,18.34
1972-06-06,11.93,22.41
1972-06-07,10.98,25.63
1972-06-08,1.03,24.78
1972-06-09,2.07,25.56
1972-06-10,0.48,21.02
1972-06-11,1.72,19.47
1972-06-12,0.57,18.87
1972-06-13,0.76,18.56
1972-06-14,1.02,18.75
1972-06-15,7.37,18.76
1972-06-16,1.11,19.12
1972-06-17,0.06,18.55
1972-06-18,0.87,18.01
1972-06-19,3.03,18.07
1972-06-20,0.03,18.54
1972-06-21,0.17,17.89
1972-06-22,12.26,17.86
1972-06-23,1.44,21.78
1972-06-24,0.08,18.84
1972-06-25,0.0,17.29
1972-06-26,0.0,17.61
1972-06-27,2.65,17.6
1972-06-28,2.48,19.43
1972-06-29,12.59,18.43
1972-06-30,30.31,23.04
1972-07-01,11.21,84.36
1972-07-02,4.84,124.29
1972-07-03,3.92,104.71
1972-07-04,0.13,81.77
1972-07-05,0.04,59.48
1972-07-06,1.65,40.74
1972-07-07,0.17,33.4
1972-07-08,2.58,30.19
1972-07-09,15.18,29.3
1972-07-10,0.58,51.81
1972-07-11,0.0,43.39
1972-07-12,0.0,32.53
1972-07-13,0.0,24.36
1972-07-14,0.0,22.06
1972-07-15,0.02,19.89
1972-07-16,0.0,18.66
1972-07-17,0.14,18.83
1972-07-18,0.53,18.7
1972-07-19,0.0,18.12
1972-07-20,0.0,17.42
1972-07-21,0.0,17.43
1972-07-22,23.64,16.91
1972-07-23,1.8,22.64
1972-07-24,7.0,38.3
1972-07-25,0.25,29.87
1972-07-26,0.64,25.51
1972-07-27,7.74,20.87
1972-07-28,0.25,23.4
1972-07-29,0.63,21.89
1972-07-30,0.88,21.23
1972-07-31,3.64,20.26
1972-08-01,2.81,20.2
1972-08-02,8.06,21.14
1972-08-03,7.58,29.08
1972-08-04,0.1,27.31
1972-08-05,0.1,20.64
1972-08-06,0.0,18.84
1972-08-07,2.55,17.67
1972-08-08,6.0,17.68
1972-08-09,0.98,24.43
1972-08-10,1.6,22.55
1972-08-11,0.95,19.24
1972-08-12,3.72,18.04
1972-08-13,8.31,18.09
1972-08-14,17.56,19.7
1972-08-15,0.64,26.2
1972-08-16,0.17,25.92
1972-08-17,20.63,25.06
1972-08-18,5.11,30.66
1972-08-19,2.76,49.18
1972-08-20,2.15,56.32
1972-08-21,0.49,44.36
1972-08-22,7.18,35.7
1972-08-23,0.07,28.95
1972-08-24,0.04,37.18
1972-08-25,1.11,32.42
1972-08-26,0.02,26.84
1972-08-27,0.0,23.78
1972-08-28,0.0,29.03
1972-08-29,0.0,21.73
1972-08-30,0.01,18.92
1972-08-31,0.0,18.27
1972-09-01,0.0,17.97
1972-09-02,0.02,16.88
1972-09-03,0.0,17.1
1972-09-04,0.0,17.49
1972-09-05,0.0,17.25
1972-09-06,0.0,17.25
1972-09-07,5.06,17.69
1972-09-08,0.35,18.39
1972-09-09,3.18,16.65
1972-09-10,20.29,18.97
1972-09-11,0.7,33.3
1972-09-12,4.78,25.28
1972-09-13,2.8,26.26
1972-09-14,0.31,25.11
1972-09-15,0.32,22.5
1972-09-16,9.56,21.97
1972-09-17,6.12,24.96
1972-09-18,4.81,34.81
1972-09-19,0.0,48.2
1972-09-20,0.0,42.62
1972-09-21,0.0,31.57
1972-09-22,0.05,24.75
1972-09-23,0.04,22.39
1972-09-24,0.27,21.5
1972-09-25,0.34,19.72
1972-09-26,3.16,18.48
1972-09-27,0.76,18.76
1972-09-28,0.16,18.64
1972-09-29,0.0,18.27
1972-09-30,0.0,17.57
1972-10-01,0.0,17.41
1972-10-02,0.0,17.42
1972-10-03,0.0,17.22
1972-10-04,0.0,17.02
1972-10-05,0.0,17.12
1972-10-06,0.0,17.39
1972-10-07,0.0,17.32
1972-10-08,0.0,17.29
1972-10-09,0.01,17.52
1972-10-10,0.01,17.67
1972-10-11,0.0,17.84
1972-10-12,0.0,17.55
1972-10-13,0.0,17.46
1972-10-14,0.0,16.84
1972-10-15,0.0,16.82
1972-10-16,0.0,17.03
1972-10-17,0.0,17.3
1972-10-18,0.0,17.36
1972-10-19,1.26,17.22
1972-10-20,3.09,17.77
1972-10-21,2.22,17.8
1972-10-22,5.76,17.8
1972-10-23,1.77,20.48
1972-10-24,0.04,20.94
1972-10-25,0.0,21.68
1972-10-26,0.77,22.03
1972-10-27,0.8,19.84
1972-10-28,0.86,18.06
1972-10-29,0.0,17.75
1972-10-30,0.0,17.67
1972-10-31,0.0,18.24
1972-11-01,0.0,22.13
1972-11-02,0.03,26.26
1972-11-03,0.19,21.55
1972-11-04,1.15,20.56
1972-11-05,2.27,19.99
1972-11-06,1.08,19.71
1972-11-07,0.95,20.52
1972-11-08,1.15,20.82
1972-11-09,0.05,20.43
1972-11-10,10.06,18.95
1972-11-11,3.58,23.41
1972-11-12,10.2,22.24
1972-11-13,5.17,39.6
1972-11-14,1.33,46.7
1972-11-15,3.2,36.43
1972-11-16,0.52,34.07
1972-11-17,4.74,28.75
1972-11-18,0.67,33.84
1972-11-19,3.3,28.76
1972-11-20,3.46,33.58
1972-11-21,4.15,41.35
1972-11-22,2.57,44.39
1972-11-23,4.3,41.21
1972-11-24,0.88,44.54
1972-11-25,0.04,39.29
1972-11-26,0.01,34.85
1972-11-27,0.0,38.06
1972-11-28,0.19,30.63
1972-11-29,0.02,26.0
1972-11-30,0.28,26.18
1972-12-01,0.0,25.97
1972-12-02,0.09,25.11
1972-12-03,2.45,24.59
1972-12-04,0.01,24.65
1972-12-05,0.17,23.27
1972-12-06,0.6,23.47
1972-12-07,6.51,26.18
1972-12-08,0.01,32.95
1972-12-09,2.7,34.05
1972-12-10,3.17,29.0
1972-12-11,0.05,26.03
1972-12-12,0.03,29.7
1972-12-13,2.13,26.85
1972-12-14,0.46,30.39
1972-12-15,0.0,26.36
1972-12-16,0.01,26.34
1972-12-17,0.0,25.63
1972-12-18,0.01,24.79
1972-12-19,0.01,24.46
1972-12-20,0.01,23.21
1972-12-21,0.0,22.3
1972-12-22,0.0,22.18
1972-12-23,0.0,21.62
1972-12-24,0.0,21.17
1972-12-25,0.0,20.4
1972-12-26,0.0,22.81
1972-12-27,0.0,23.55
1972-12-28,0.0,20.75
1972-12-29,0.0,20.35
1972-12-30,0.0,19.66
1972-12-31,0.0,19.67
1973-01-01,0.0,19.65
1973-01-02,0.01,19.84
1973-01-03,0.67,19.79
1973-01-04,0.2,19.84
1973-01-05,0.64,19.82
1973-01-06,0.33,19.24
1973-01-07,0.51,19.29
1973-01-08,2.34,20.09
1973-01-09,3.03,20.42
1973-01-10,0.19,20.1
1973-01-11,0.01,20.04
1973-01-12,0.01,19.8
1973-01-13,0.07,19.2
1973-01-14,1.49,19.23
1973-01-15,0.23,19.75
1973-01-16,0.01,19.61
1973-01-17,0.0,19.45
1973-01-18,0.0,19.59
1973-01-19,0.34,19.59
1973-01-20,0.67,19.4
1973-01-21,1.36,19.67
1973-01-22,0.02,19.98
1973-01-23,0.02,19.51
1973-01-24,0.0,19.3
1973-01-25,0.06,20.59
1973-01-26,4.74,20.39
1973-01-27,6.28,21.89
1973-01-28,1.51,30.04
1973-01-29,1.99,38.8
1973-01-30,4.06,28.9
1973-01-31,3.85,30.76
1973-02-01,0.06,37.39
1973-02-02,0.01,33.95
1973-02-03,0.01,32.42
1973-02-04,0.01,29.31
1973-02-05,0.53,34.64
1973-02-06,1.65,26.64
1973-02-07,5.22,23.15
1973-02-08,2.9,30.17
1973-02-09,2.6,45.7
1973-02-10,7.36,47.96
1973-02-11,1.04,53.98
1973-02-12,11.97,71.58
1973-02-13,0.7,127.26
1973-02-14,0.06,103.14
1973-02-15,0.0,58.2
1973-02-16,0.02,44.08
1973-02-17,5.26,36.23
1973-02-18,5.57,40.14
1973-02-19,0.13,58.91
1973-02-20,1.13,55.39
1973-02-21,3.68,51.22
1973-02-22,7.45,52.31
1973-02-23,7.1,59.95
1973-02-24,6.99,101.48
1973-02-25,0.75,96.86
1973-02-26,1.23,89.95
1973-02-27,0.18,70.05
1973-02-28,0.19,58.55
1973-03-01,1.4,52.27
1973-03-02,3.29,48.94
1973-03-03,8.19,57.74
1973-03-04,0.58,69.41
1973-03-05,0.39,95.04
1973-03-06,1.55,92.27
1973-03-07,1.63,80.33
1973-03-08,0.99,67.03
1973-03-09,0.02,59.46
1973-03-10,0.0,56.94
1973-03-11,0.47,54.71
1973-03-12,0.47,53.15
1973-03-13,0.0,46.21
1973-03-14,0.0,41.01
1973-03-15,0.0,37.7
1973-03-16,0.01,34.92
1973-03-17,2.25,31.75
1973-03-18,1.14,35.51
1973-03-19,0.09,42.81
1973-03-20,0.0,36.16
1973-03-21,0.0,29.41
1973-03-22,0.0,26.29
1973-03-23,0.0,27.68
1973-03-24,0.0,28.91
1973-03-25,0.26,27.55
1973-03-26,1.7,27.13
1973-03-27,9.59,29.19
1973-03-28,0.09,36.65
1973-03-29,0.0,33.74
1973-03-30,0.03,26.58
1973-03-31,0.0,24.12
1973-04-01,9.91,24.12
1973-04-02,17.74,34.24
1973-04-03,1.25,108.96
1973-04-04,1.13,105.88
1973-04-05,9.33,68.25
1973-04-06,3.24,81.26
1973-04-07,3.36,85.65
1973-04-08,0.87,80.4
1973-04-09,0.98,74.24
1973-04-10,0.76,63.35
1973-04-11,4.28,52.53
1973-04-12,6.84,51.71
1973-04-13,2.72,58.69
1973-04-14,1.59,56.25
1973-04-15,3.91,56.39
1973-04-16,1.83,61.79
1973-04-17,2.88,54.7
1973-04-18,1.88,53.64
1973-04-19,6.38,52.41
1973-04-20,1.65,60.24
1973-04-21,0.25,75.56
1973-04-22,0.02,72.02
1973-04-23,0.0,62.78
1973-04-24,0.06,52.34
1973-04-25,0.04,38.41
1973-04-26,0.0,32.4
1973-04-27,0.08,30.5
1973-04-28,3.44,31.17
1973-04-29,3.03,30.87
1973-04-30,0.85,40.94
1973-05-01,7.82,39.33
1973-05-02,5.31,60.84
1973-05-03,0.11,44.36
1973-05-04,1.07,33.34
1973-05-05,0.8,30.94
1973-05-06,0.04,28.8
1973-05-07,4.82,30.51
1973-05-08,3.46,29.15
1973-05-09,0.64,27.1
1973-05-10,1.24,25.98
1973-05-11,1.33,25.46
1973-05-12,0.0,23.96
1973-05-13,0.05,22.34
1973-05-14,7.4,22.42
1973-05-15,0.18,28.56
1973-05-16,0.0,23.14
1973-05-17,0.0,21.76
1973-05-18,0.0,20.96
1973-05-19,0.05,19.89
1973-05-20,0.07,19.84
1973-05-21,2.81,20.24
1973-05-22,0.17,24.16
1973-05-23,1.48,20.55
1973-05-24,1.49,20.59
1973-05-25,0.05,20.1
1973-05-26,0.0,19.36
1973-05-27,0.0,18.97
1973-05-28,0.01,19.57
1973-05-29,1.28,19.24
1973-05-30,4.56,19.78
1973-05-31,7.99,19.53
1973-06-01,8.47,22.12
1973-06-02,0.37,23.37
1973-06-03,0.16,23.07
1973-06-04,0.0,19.91
1973-06-05,0.0,19.62
1973-06-06,0.0,19.03
1973-06-07,0.32,18.66
1973-06-08,0.09,18.92
1973-06-09,0.58,18.16
1973-06-10,1.24,17.88
1973-06-11,0.06,17.9
1973-06-12,0.0,18.55
1973-06-13,0.07,18.66
1973-06-14,0.0,18.3
1973-06-15,0.0,18.21
1973-06-16,0.0,18.1
1973-06-17,3.65,17.64
1973-06-18,0.0,18.33
1973-06-19,0.0,18.36
1973-06-20,0.0,18.29
1973-06-21,0.0,17.58
1973-06-22,0.11,17.62
1973-06-23,1.51,17.04
1973-06-24,3.28,16.7
1973-06-25,0.1,17.02
1973-06-26,0.0,17.32
1973-06-27,0.07,16.81
1973-06-28,4.17,16.75
1973-06-29,0.28,17.64
1973-06-30,0.0,15.83
1973-07-01,0.0,14.98
1973-07-02,0.0,14.86
1973-07-03,0.0,15.65
1973-07-04,0.0,15.21
1973-07-05,0.04,15.27
1973-07-06,2.25,14.88
1973-07-07,0.01,16.77
1973-07-08,0.0,15.34
1973-07-09,0.0,14.71
1973-07-10,0.01,14.69
1973-07-11,9.08,14.75
1973-07-12,2.07,16.4
1973-07-13,0.01,16.47
1973-07-14,0.08,15.06
1973-07-15,5.65,14.86
1973-07-16,9.32,16.81
1973-07-17,0.55,19.51
1973-07-18,1.72,17.01
1973-07-19,2.41,16.46
1973-07-20,2.69,16.97
1973-07-21,1.33,15.56
1973-07-22,1.62,15.21
1973-07-23,1.85,15.89
1973-07-24,0.99,17.09
1973-07-25,4.4,15.07
1973-07-26,6.62,15.28
1973-07-27,0.61,16.7
1973-07-28,3.68,16.44
1973-07-29,0.12,17.62
1973-07-30,0.01,15.98
1973-07-31,0.0,15.53
1973-08-01,0.06,15.25
1973-08-02,6.87,15.06
1973-08-03,7.87,15.2
1973-08-04,4.14,16.68
1973-08-05,0.32,17.21
1973-08-06,5.29,16.08
1973-08-07,2.03,18.89
1973-08-08,0.73,16.77
1973-08-09,0.0,16.33
1973-08-10,0.04,16.1
1973-08-11,0.0,15.56
1973-08-12,0.0,15.01
1973-08-13,0.0,14.57
1973-08-14,0.0,14.99
1973-08-15,0.0,15.0
1973-08-16,0.0,15.23
1973-08-17,0.0,15.53
1973-08-18,0.45,15.44
1973-08-19,0.28,15.18
1973-08-20,0.15,16.15
1973-08-21,0.0,15.61
1973-08-22,0.0,15.33
1973-08-23,0.0,14.92
1973-08-24,0.0,14.68
1973-08-25,0.0,15.22
1973-08-26,0.0,14.77
1973-08-27,0.0,15.24
1973-08-28,0.02,15.4
1973-08-29,3.52,15.29
1973-08-30,4.15,15.7
1973-08-31,0.16,17.29
1973-09-01,0.12,15.4
1973-09-02,0.96,14.95
1973-09-03,0.0,15.19
1973-09-04,0.0,15.2
1973-09-05,1.05,15.17
1973-09-06,0.0,15.45
1973-09-07,0.0,15.56
1973-09-08,0.52,15.54
1973-09-09,0.96,15.16
1973-09-10,0.01,15.46
1973-09-11,0.0,15.51
1973-09-12,0.0,15.44
1973-09-13,0.0,15.79
1973-09-14,0.0,15.64
1973-09-15,0.0,15.27
1973-09-16,2.32,15.05
1973-09-17,0.19,16.08
1973-09-18,0.1,16.2
1973-09-19,3.18,16.44
1973-09-20,2.61,17.32
1973-09-21,8.31,16.44
1973-09-22,1.71,18.4
1973-09-23,0.94,16.46
1973-09-24,2.89,15.68
1973-09-25,0.99,16.16
1973-09-26,0.72,15.75
1973-09-27,0.96,15.68
1973-09-28,3.33,15.45
1973-09-29,3.3,16.86
1973-09-30,1.38,16.36
1973-10-01,0.02,15.63
1973-10-02,0.0,15.08
1973-10-03,0.0,15.06
1973-10-04,0.0,15.08
1973-10-05,0.0,15.17
1973-10-06,0.04,15.28
1973-10-07,3.27,15.14
1973-10-08,0.01,17.3
1973-10-09,8.89,16.12
1973-10-10,7.51,17.73
1973-10-11,4.63,18.91
1973-10-12,0.01,17.73
1973-10-13,0.01,15.41
1973-10-14,0.77,14.54
1973-10-15,6.58,15.15
1973-10-16,11.83,17.66
1973-10-17,0.83,19.2
1973-10-18,2.4,17.31
1973-10-19,11.19,16.92
1973-10-20,15.23,19.9
1973-10-21,3.85,23.95
1973-10-22,4.41,20.88
1973-10-23,5.42,19.24
1973-10-24,0.01,18.44
1973-10-25,0.01,17.42
1973-10-26,0.0,17.17
1973-10-27,0.0,16.76
1973-10-28,0.0,16.53
1973-10-29,0.12,16.56
1973-10-30,0.66,16.22
1973-10-31,0.01,16.0
1973-11-01,0.0,15.2
1973-11-02,0.0,15.55
1973-11-03,0.0,15.44
1973-11-04,0.88,15.46
1973-11-05,7.58,16.14
1973-11-06,1.36,17.71
1973-11-07,0.88,15.61
1973-11-08,0.15,16.19
1973-11-09,0.18,15.67
1973-11-10,3.77,15.44
1973-11-11,0.72,16.2
1973-11-12,10.41,16.11
1973-11-13,7.43,19.29
1973-11-14,3.07,21.61
1973-11-15,1.49,18.63
1973-11-16,2.98,17.63
1973-11-17,0.04,17.33
1973-11-18,0.01,16.02
1973-11-19,1.23,16.61
1973-11-20,0.04,16.92
1973-11-21,0.0,16.35
1973-11-22,0.02,16.91
1973-11-23,1.17,16.71
1973-11-24,1.64,16.58
1973-11-25,2.73,16.66
1973-11-26,3.59,17.5
1973-11-27,2.85,17.11
1973-11-28,3.74,17.24
1973-11-29,3.1,17.09
1973-11-30,1.58,17.12
1973-12-01,0.72,16.67
1973-12-02,0.21,16.2
1973-12-03,8.76,17.01
1973-12-04,2.41,19.97
1973-12-05,2.05,21.29
1973-12-06,4.59,24.94
1973-12-07,10.0,28.68
1973-12-08,2.38,35.8
1973-12-09,0.06,54.01
1973-12-10,0.0,47.42
1973-12-11,4.83,27.4
1973-12-12,8.08,27.37
1973-12-13,9.08,37.06
1973-12-14,6.61,86.81
1973-12-15,2.46,86.9
1973-12-16,5.76,69.83
1973-12-17,2.8,115.69
1973-12-18,0.42,75.58
1973-12-19,0.0,57.84
1973-12-20,0.0,46.19
1973-12-21,2.61,45.45
1973-12-22,1.59,43.32
1973-12-23,1.89,47.01
1973-12-24,0.18,51.8
1973-12-25,0.11,57.19
1973-12-26,0.51,51.22
1973-12-27,0.96,41.46
1973-12-28,0.48,32.47
1973-12-29,0.01,35.46
1973-12-30,0.36,33.06
1973-12-31,0.02,35.52
1974-01-01,0.0,39.35
1974-01-02,0.02,36.95
1974-01-03,0.0,26.1
1974-01-04,0.11,24.67
1974-01-05,1.93,22.1
1974-01-06,4.45,24.14
1974-01-07,6.88,35.96
1974-01-08,0.31,42.45
1974-01-09,0.74,42.1
1974-01-10,0.65,37.13
1974-01-11,2.5,32.6
1974-01-12,0.03,34.92
1974-01-13,3.04,34.94
1974-01-14,1.31,42.98
1974-01-15,1.02,42.42
1974-01-16,10.35,39.73
1974-01-17,11.34,62.83
1974-01-18,7.18,100.26
1974-01-19,0.93,114.16
1974-01-20,0.0,97.22
1974-01-21,0.03,86.13
1974-01-22,3.06,66.95
1974-01-23,3.1,59.68
1974-01-24,1.77,52.02
1974-01-25,0.0,62.11
1974-01-26,0.04,56.14
1974-01-27,0.45,49.67
1974-01-28,5.04,48.43
1974-01-29,1.73,50.83
1974-01-30,0.02,66.43
1974-01-31,0.37,51.35
1974-02-01,0.02,42.67
1974-02-02,0.0,41.16
1974-02-03,0.0,33.89
1974-02-04,0.04,37.53
1974-02-05,3.74,33.72
1974-02-06,14.77,31.13
1974-02-07,2.89,66.65
1974-02-08,6.25,87.08
1974-02-09,6.76,84.72
1974-02-10,0.02,126.56
1974-02-11,0.52,117.59
1974-02-12,0.49,89.76
1974-02-13,0.03,73.87
1974-02-14,0.09,60.84
1974-02-15,0.04,43.66
1974-02-16,0.0,39.18
1974-02-17,0.0,39.58
1974-02-18,0.01,43.11
1974-02-19,0.17,33.8
1974-02-20,0.0,29.62
1974-02-21,1.93,27.87
1974-02-22,6.44,27.34
1974-02-23,0.8,27.78
1974-02-24,0.01,34.15
1974-02-25,0.0,40.82
1974-02-26,0.0,29.44
1974-02-27,0.0,24.91
1974-02-28,0.01,24.08
1974-03-01,0.67,24.2
1974-03-02,2.5,24.85
1974-03-03,0.01,25.56
1974-03-04,1.3,24.77
1974-03-05,1.98,25.05
1974-03-06,0.09,27.25
1974-03-07,0.03,24.64
1974-03-08,0.11,23.44
1974-03-09,0.01,23.37
1974-03-10,0.0,22.97
1974-03-11,0.11,26.52
1974-03-12,7.25,23.13
1974-03-13,0.02,27.58
1974-03-14,0.83,26.39
1974-03-15,3.97,25.64
1974-03-16,4.43,28.02
1974-03-17,6.36,34.88
1974-03-18,8.44,46.7
1974-03-19,1.32,90.28
1974-03-20,7.45,56.55
1974-03-21,0.03,57.49
1974-03-22,0.0,74.55
1974-03-23,0.0,51.62
1974-03-24,0.0,40.05
1974-03-25,0.0,37.77
1974-03-26,0.0,26.15
1974-03-27,0.0,26.55
1974-03-28,0.33,25.99
1974-03-29,6.57,24.29
1974-03-30,0.07,36.8
1974-03-31,0.0,26.67
1974-04-01,1.82,25.55
1974-04-02,0.0,25.84
1974-04-03,0.0,23.91
1974-04-04,0.0,22.12
1974-04-05,0.0,21.52
1974-04-06,0.0,20.76
1974-04-07,0.0,20.41
1974-04-08,0.0,20.22
1974-04-09,0.0,19.0
1974-04-10,0.0,19.23
1974-04-11,0.01,19.94
1974-04-12,0.0,18.96
1974-04-13,0.0,18.09
1974-04-14,0.12,17.24
1974-04-15,0.08,17.36
1974-04-16,0.0,17.92
1974-04-17,0.02,18.03
1974-04-18,0.0,17.89
1974-04-19,0.0,18.0
1974-04-20,0.0,17.29
1974-04-21,0.0,17.68
1974-04-22,0.01,17.47
1974-04-23,4.72,17.15
1974-04-24,2.5,17.58
1974-04-25,0.24,18.06
1974-04-26,0.02,17.4
1974-04-27,0.01,16.25
1974-04-28,0.38,16.37
1974-04-29,4.72,17.31
1974-04-30,8.94,17.67
1974-05-01,0.17,18.54
1974-05-02,0.92,20.55
1974-05-03,0.02,18.34
1974-05-04,0.58,17.32
1974-05-05,9.41,17.12
1974-05-06,4.23,20.78
1974-05-07,0.26,20.16
1974-05-08,0.0,17.67
1974-05-09,0.01,16.89
1974-05-10,0.88,17.01
1974-05-11,0.07,16.43
1974-05-12,0.0,16.16
1974-05-13,9.36,16.73
1974-05-14,15.1,20.88
1974-05-15,0.2,22.51
1974-05-16,0.0,20.3
1974-05-17,0.0,18.44
1974-05-18,0.0,17.18
1974-05-19,0.05,16.4
1974-05-20,0.01,17.31
1974-05-21,16.08,17.13
1974-05-22,8.28,19.68
1974-05-23,2.31,20.83
1974-05-24,0.54,23.17
1974-05-25,0.0,17.9
1974-05-26,0.0,17.21
1974-05-27,0.0,17.36
1974-05-28,2.05,17.27
1974-05-29,0.37,16.84
1974-05-30,1.0,16.78
1974-05-31,5.28,17.98
1974-06-01,0.47,18.9
1974-06-02,0.06,16.22
1974-06-03,7.82,16.47
1974-06-04,0.01,20.21
1974-06-05,1.81,16.97
1974-06-06,1.69,17.14
1974-06-07,2.29,17.24
1974-06-08,15.17,16.25
1974-06-09,1.85,20.36
1974-06-10,4.29,18.0
1974-06-11,5.99,17.12
1974-06-12,3.67,17.2
1974-06-13,0.06,16.72
1974-06-14,0.01,16.96
1974-06-15,1.75,16.04
1974-06-16,0.01,15.8
1974-06-17,7.89,16.58
1974-06-18,0.03,20.44
1974-06-19,0.09,18.62
1974-06-20,0.1,17.62
1974-06-21,0.0,17.37
1974-06-22,0.1,16.97
1974-06-23,0.57,17.08
1974-06-24,0.0,17.59
1974-06-25,0.0,17.78
1974-06-26,5.23,17.67
1974-06-27,20.07,21.74
1974-06-28,0.62,29.13
1974-06-29,4.56,19.08
1974-06-30,11.48,18.33
1974-07-01,5.34,23.44
1974-07-02,10.59,22.7
1974-07-03,8.85,22.06
1974-07-04,12.16,29.01
1974-07-05,0.76,33.27
1974-07-06,3.16,35.88
1974-07-07,0.04,32.09
1974-07-08,0.23,25.51
1974-07-09,3.18,19.88
1974-07-10,1.24,19.3
1974-07-11,0.76,18.48
1974-07-12,0.0,18.22
1974-07-13,1.34,17.59
1974-07-14,2.14,17.46
1974-07-15,1.2,18.15
1974-07-16,4.48,17.66
1974-07-17,5.96,18.77
1974-07-18,0.97,19.37
1974-07-19,2.76,18.06
1974-07-20,4.57,17.9
1974-07-21,0.0,17.9
1974-07-22,0.04,17.53
1974-07-23,5.93,18.83
1974-07-24,7.09,20.45
1974-07-25,7.25,21.83
1974-07-26,1.55,22.52
1974-07-27,0.03,19.32
1974-07-28,0.0,18.25
1974-07-29,0.03,18.1
1974-07-30,0.18,18.03
1974-07-31,0.0,17.88
1974-08-01,0.61,17.83
1974-08-02,0.03,18.21
1974-08-03,6.45,17.25
1974-08-04,4.0,18.34
1974-08-05,4.51,23.47
1974-08-06,0.05,25.08
1974-08-07,0.01,19.37
1974-08-08,2.0,17.67
1974-08-09,4.38,18.46
1974-08-10,6.24,18.3
1974-08-11,6.44,18.36
1974-08-12,6.68,20.16
1974-08-13,0.12,21.66
1974-08-14,0.0,25.96
1974-08-15,0.0,19.7
1974-08-16,2.4,17.88
1974-08-17,0.0,18.35
1974-08-18,0.0,17.66
1974-08-19,0.03,17.72
1974-08-20,0.01,17.31
1974-08-21,0.0,17.28
1974-08-22,0.0,17.67
1974-08-23,0.0,17.42
1974-08-24,0.0,17.28
1974-08-25,0.0,17.13
1974-08-26,4.25,17.29
1974-08-27,0.45,17.43
1974-08-28,0.0,17.35
1974-08-29,0.0,17.14
1974-08-30,0.3,17.25
1974-08-31,9.22,17.13
1974-09-01,0.55,18.83
1974-09-02,1.66,17.86
1974-09-03,0.04,17.53
1974-09-04,4.3,17.22
1974-09-05,1.31,18.17
1974-09-06,1.44,18.45
1974-09-07,2.41,17.55
1974-09-08,0.37,17.02
1974-09-09,10.75,16.9
1974-09-10,0.0,20.13
1974-09-11,0.0,17.69
1974-09-12,0.31,17.16
1974-09-13,0.02,17.0
1974-09-14,0.01,16.25
1974-09-15,4.67,16.31
1974-09-16,0.07,17.42
1974-09-17,6.28,17.87
1974-09-18,3.54,21.52
1974-09-19,0.01,19.98
1974-09-20,0.0,17.44
1974-09-21,0.71,16.72
1974-09-22,0.59,16.42
1974-09-23,1.27,15.52
1974-09-24,6.48,16.49
1974-09-25,12.57,19.04
1974-09-26,2.77,24.6
1974-09-27,4.25,22.46
1974-09-28,0.27,27.72
1974-09-29,0.93,22.35
1974-09-30,0.06,20.59
1974-10-01,1.36,19.95
1974-10-02,0.5,17.93
1974-10-03,0.43,18.44
1974-10-04,1.05,17.21
1974-10-05,2.44,17.35
1974-10-06,0.84,17.59
1974-10-07,3.46,18.52
1974-10-08,2.63,19.32
1974-10-09,5.94,21.34
1974-10-10,1.31,20.32
1974-10-11,2.57,19.52
1974-10-12,9.05,20.84
1974-10-13,9.94,25.8
1974-10-14,0.67,31.71
1974-10-15,0.19,28.1
1974-10-16,0.22,24.39
1974-10-17,0.06,22.05
1974-10-18,5.24,20.28
1974-10-19,3.12,23.02
1974-10-20,0.34,30.19
1974-10-21,0.78,26.42
1974-10-22,28.44,22.28
1974-10-23,2.35,82.86
1974-10-24,0.96,89.75
1974-10-25,8.38,57.43
1974-10-26,3.26,49.74
1974-10-27,14.8,69.04
1974-10-28,12.42,133.93
1974-10-29,2.26,176.65
1974-10-30,0.91,125.72
1974-10-31,0.94,88.63
1974-11-01,1.33,71.34
1974-11-02,0.91,60.04
1974-11-03,1.44,51.12
1974-11-04,0.15,50.06
1974-11-05,0.03,36.72
1974-11-06,0.01,30.41
1974-11-07,0.0,26.04
1974-11-08,1.85,26.0
1974-11-09,2.45,26.27
1974-11-10,2.01,33.75
1974-11-11,1.39,35.74
1974-11-12,2.91,31.27
1974-11-13,0.01,29.93
1974-11-14,0.28,28.88
1974-11-15,2.58,26.02
1974-11-16,4.39,28.65
1974-11-17,0.73,37.98
1974-11-18,1.21,36.27
1974-11-19,1.97,25.97
1974-11-20,1.63,27.71
1974-11-21,1.22,29.55
1974-11-22,12.33,28.9
1974-11-23,2.56,70.83
1974-11-24,5.79,68.74
1974-11-25,4.34,89.54
1974-11-26,1.19,100.49
1974-11-27,8.08,66.44
1974-11-28,9.06,78.7
1974-11-29,3.63,142.01
1974-11-30,5.39,111.35
1974-12-01,1.98,91.17
1974-12-02,4.09,86.86
1974-12-03,3.7,80.64
1974-12-04,4.79,98.58
1974-12-05,6.08,104.78
1974-12-06,7.09,105.1
1974-12-07,12.21,97.42
1974-12-08,6.98,140.8
1974-12-09,1.26,189.56
1974-12-10,3.83,173.58
1974-12-11,7.36,159.27
1974-12-12,7.39,183.98
1974-12-13,0.68,186.24
1974-12-14,3.08,167.92
1974-12-15,2.48,147.7
1974-12-16,8.79,140.22
1974-12-17,7.28,156.98
1974-12-18,4.46,176.36
1974-12-19,0.91,183.78
1974-12-20,0.11,164.95
1974-12-21,0.02,131.93
1974-12-22,0.01,116.72
1974-12-23,0.04,96.63
1974-12-24,2.85,76.74
1974-12-25,17.39,86.4
1974-12-26,7.69,131.79
1974-12-27,6.91,210.32
1974-12-28,1.66,217.5
1974-12-29,8.44,188.92
1974-12-30,1.05,185.73
1974-12-31,2.9,159.56
1975-01-01,1.72,149.44
1975-01-02,0.01,132.04
1975-01-03,0.2,111.07
1975-01-04,0.11,97.69
1975-01-05,2.29,89.24
1975-01-06,17.74,84.87
1975-01-07,4.86,135.29
1975-01-08,0.26,211.35
1975-01-09,0.18,172.91
1975-01-10,0.0,128.52
1975-01-11,0.01,109.1
1975-01-12,0.0,97.64
1975-01-13,0.0,88.96
1975-01-14,0.0,66.51
1975-01-15,0.0,59.2
1975-01-16,1.05,54.98
1975-01-17,2.34,52.33
1975-01-18,0.41,53.13
1975-01-19,0.12,56.75
1975-01-20,0.32,54.22
1975-01-21,0.65,44.03
1975-01-22,5.38,38.82
1975-01-23,2.83,58.19
1975-01-24,0.02,60.59
1975-01-25,4.73,52.22
1975-01-26,0.46,60.43
1975-01-27,4.65,58.41
1975-01-28,5.69,59.9
1975-01-29,0.56,79.68
1975-01-30,2.57,74.42
1975-01-31,5.11,61.29
1975-02-01,0.75,67.1
1975-02-02,0.1,79.75
1975-02-03,0.01,67.68
1975-02-04,0.0,53.69
1975-02-05,0.02,43.37
1975-02-06,0.0,40.7
1975-02-07,0.0,41.2
1975-02-08,0.0,38.8
1975-02-09,0.0,39.14
1975-02-10,0.0,38.86
1975-02-11,0.37,30.2
1975-02-12,0.63,29.62
1975-02-13,1.63,30.75
1975-02-14,2.23,33.41
1975-02-15,0.03,34.46
1975-02-16,0.0,29.26
1975-02-17,1.59,32.32
1975-02-18,10.16,27.63
1975-02-19,0.38,38.87
1975-02-20,0.0,54.6
1975-02-21,0.0,39.43
1975-02-22,0.0,32.12
1975-02-23,0.0,33.56
1975-02-24,0.0,35.45
1975-02-25,0.0,27.37
1975-02-26,0.0,26.08
1975-02-27,0.0,25.74
1975-02-28,0.0,25.85
1975-03-01,0.0,24.75
1975-03-02,2.88,24.88
1975-03-03,0.23,30.67
1975-03-04,3.48,26.13
1975-03-05,0.88,27.44
1975-03-06,0.63,27.48
1975-03-07,8.34,25.7
1975-03-08,0.03,46.1
1975-03-09,0.03,51.48
1975-03-10,0.46,37.12
1975-03-11,0.42,29.37
1975-03-12,0.82,28.41
1975-03-13,0.09,26.14
1975-03-14,7.22,25.9
1975-03-15,2.7,26.69
1975-03-16,0.69,34.57
1975-03-17,0.74,40.93
1975-03-18,0.17,27.91
1975-03-19,4.45,26.0
1975-03-20,6.2,30.94
1975-03-21,0.0,42.97
1975-03-22,0.0,37.91
1975-03-23,0.0,36.91
1975-03-24,4.57,37.97
1975-03-25,5.72,31.04
1975-03-26,7.77,34.69
1975-03-27,11.56,58.49
1975-03-28,5.44,103.91
1975-03-29,1.44,148.67
1975-03-30,1.05,118.4
1975-03-31,0.24,93.33
1975-04-01,1.02,72.84
1975-04-02,5.42,55.88
1975-04-03,12.43,61.37
1975-04-04,1.29,72.22
1975-04-05,0.2,137.96
1975-04-06,6.03,113.13
1975-04-07,0.69,85.34
1975-04-08,0.84,81.04
1975-04-09,1.07,70.11
1975-04-10,0.69,59.44
1975-04-11,1.04,53.82
1975-04-12,2.57,49.81
1975-04-13,1.29,54.56
1975-04-14,6.74,53.28
1975-04-15,6.86,58.95
1975-04-16,1.57,75.5
1975-04-17,0.03,79.82
1975-04-18,0.03,68.41
1975-04-19,3.61,56.91
1975-04-20,0.01,59.22
1975-04-21,0.0,55.91
1975-04-22,0.0,41.34
1975-04-23,0.0,36.49
1975-04-24,0.0,33.61
1975-04-25,0.03,32.59
1975-04-26,0.11,30.86
1975-04-27,0.47,34.46
1975-04-28,0.02,34.61
1975-04-29,2.37,27.21
1975-04-30,3.34,27.86
1975-05-01,0.0,34.46
1975-05-02,10.25,31.89
1975-05-03,2.03,33.78
1975-05-04,0.97,34.21
1975-05-05,0.12,32.15
1975-05-06,0.55,24.98
1975-05-07,6.0,24.34
1975-05-08,12.04,28.01
1975-05-09,2.84,42.22
1975-05-10,2.13,37.38
1975-05-11,3.28,37.76
1975-05-12,0.01,49.27
1975-05-13,0.15,27.28
1975-05-14,0.68,24.12
1975-05-15,2.03,25.0
1975-05-16,2.42,24.29
1975-05-17,3.18,27.88
1975-05-18,1.81,39.96
1975-05-19,0.09,40.44
1975-05-20,0.13,29.57
1975-05-21,0.04,22.45
1975-05-22,0.01,19.82
1975-05-23,0.06,19.92
1975-05-24,0.0,20.03
1975-05-25,0.0,20.92
1975-05-26,0.0,20.49
1975-05-27,0.0,20.36
1975-05-28,0.0,20.18
1975-05-29,0.0,19.9
1975-05-30,0.0,20.35
1975-05-31,0.14,19.83
1975-06-01,0.33,19.59
1975-06-02,2.87,20.34
1975-06-03,5.14,21.9
1975-06-04,1.44,23.05
1975-06-05,0.0,21.03
1975-06-06,0.0,20.23
1975-06-07,0.0,19.54
1975-06-08,0.0,17.12
1975-06-09,0.0,18.11
1975-06-10,1.5,19.38
1975-06-11,0.0,19.94
1975-06-12,0.0,19.58
1975-06-13,0.0,19.37
1975-06-14,2.51,18.57
1975-06-15,4.31,19.31
1975-06-16,0.59,21.21
1975-06-17,5.98,18.8
1975-06-18,6.41,20.64
1975-06-19,0.01,23.27
1975-06-20,0.12,19.82
1975-06-21,6.22,18.9
1975-06-22,20.35,19.61
1975-06-23,5.78,27.81
1975-06-24,5.94,25.22
1975-06-25,0.0,22.65
1975-06-26,0.0,20.77
1975-06-27,0.0,19.08
1975-06-28,0.0,17.65
1975-06-29,2.39,17.79
1975-06-30,3.18,18.66
1975-07-01,0.0,18.32
1975-07-02,0.0,17.68
1975-07-03,0.0,17.51
1975-07-04,3.76,17.59
1975-07-05,0.0,19.21
1975-07-06,0.0,16.6
1975-07-07,0.0,17.16
1975-07-08,6.67,17.23
1975-07-09,8.38,20.81
1975-07-10,4.28,21.48
1975-07-11,11.4,18.18
1975-07-12,0.3,18.1
1975-07-13,0.17,17.5
1975-07-14,10.2,16.69
1975-07-15,0.0,17.18
1975-07-16,0.24,17.2
1975-07-17,9.26,18.34
1975-07-18,7.44,19.88
1975-07-19,4.91,17.93
1975-07-20,6.76,24.44
1975-07-21,3.59,28.91
1975-07-22,0.44,18.34
1975-07-23,2.47,16.6
1975-07-24,0.92,16.89
1975-07-25,2.69,16.07
1975-07-26,0.05,15.63
1975-07-27,0.0,14.97
1975-07-28,0.0,15.34
1975-07-29,0.0,14.9
1975-07-30,0.0,15.15
1975-07-31,0.0,15.19
1975-08-01,0.44,15.34
1975-08-02,0.0,14.39
1975-08-03,0.0,14.11
1975-08-04,0.0,14.64
1975-08-05,0.0,15.1
1975-08-06,0.0,14.75
1975-08-07,0.0,14.5
1975-08-08,0.0,14.47
1975-08-09,0.0,14.13
1975-08-10,0.0,13.88
1975-08-11,1.0,14.11
1975-08-12,0.42,16.91
1975-08-13,0.0,18.63
1975-08-14,0.61,14.02
1975-08-15,0.97,13.87
1975-08-16,7.58,13.78
1975-08-17,0.85,14.42
1975-08-18,0.0,13.92
1975-08-19,3.25,13.77
1975-08-20,1.19,14.39
1975-08-21,8.0,14.38
1975-08-22,7.51,18.19
1975-08-23,0.01,16.94
1975-08-24,0.4,13.44
1975-08-25,1.11,13.21
1975-08-26,0.0,15.02
1975-08-27,0.0,13.15
1975-08-28,0.0,12.89
1975-08-29,0.0,12.73
1975-08-30,1.39,12.59
1975-08-31,5.14,12.55
1975-09-01,0.45,16.89
1975-09-02,0.42,13.94
1975-09-03,6.62,13.16
1975-09-04,0.0,15.63
1975-09-05,3.48,13.08
1975-09-06,0.01,13.03
1975-09-07,1.66,11.78
1975-09-08,0.0,12.48
1975-09-09,0.23,12.77
1975-09-10,5.33,12.91
1975-09-11,1.82,13.01
1975-09-12,5.46,13.09
1975-09-13,6.06,13.75
1975-09-14,0.96,13.83
1975-09-15,0.0,12.74
1975-09-16,0.04,12.1
1975-09-17,0.13,12.28
1975-09-18,8.32,12.04
1975-09-19,0.38,13.85
1975-09-20,0.02,12.97
1975-09-21,0.06,12.16
1975-09-22,0.0,12.24
1975-09-23,0.59,12.39
1975-09-24,0.41,12.92
1975-09-25,7.84,12.87
1975-09-26,6.79,15.53
1975-09-27,3.88,16.28
1975-09-28,6.71,13.98
1975-09-29,0.05,14.31
1975-09-30,4.38,13.43
1975-10-01,0.01,14.11
1975-10-02,4.29,13.21
1975-10-03,0.81,14.03
1975-10-04,7.08,13.42
1975-10-05,5.11,13.89
1975-10-06,0.18,14.43
1975-10-07,0.05,13.01
1975-10-08,0.26,12.92
1975-10-09,0.22,12.94
1975-10-10,0.14,12.98
1975-10-11,0.0,12.68
1975-10-12,1.53,12.71
1975-10-13,2.15,12.76
1975-10-14,2.57,13.25
1975-10-15,0.17,13.23
1975-10-16,0.27,12.97
1975-10-17,0.56,13.15
1975-10-18,0.12,12.6
1975-10-19,0.1,12.37
1975-10-20,0.56,12.5
1975-10-21,0.35,12.72
1975-10-22,0.01,12.79
1975-10-23,0.0,12.68
1975-10-24,0.0,12.61
1975-10-25,0.07,12.26
1975-10-26,0.04,12.31
1975-10-27,0.17,12.51
1975-10-28,0.05,12.65
1975-10-29,0.0,12.61
1975-10-30,0.0,12.53
1975-10-31,0.46,12.56
1975-11-01,4.89,12.34
1975-11-02,0.27,13.74
1975-11-03,1.09,12.84
1975-11-04,0.14,12.56
1975-11-05,0.11,12.62
1975-11-06,2.48,12.64
1975-11-07,0.16,12.87
1975-11-08,0.01,12.75
1975-11-09,0.14,12.09
1975-11-10,0.0,12.22
1975-11-11,0.0,12.63
1975-11-12,3.71,12.64
1975-11-13,0.27,12.45
1975-11-14,0.48,12.48
1975-11-15,1.74,12.34
1975-11-16,6.88,12.94
1975-11-17,0.22,14.38
1975-11-18,0.28,12.94
1975-11-19,10.94,12.6
1975-11-20,2.23,15.97
1975-11-21,3.13,13.71
1975-11-22,0.0,13.4
1975-11-23,0.0,13.04
1975-11-24,0.0,12.99
1975-11-25,0.65,12.81
1975-11-26,3.33,13.04
1975-11-27,1.8,13.42
1975-11-28,6.57,13.67
1975-11-29,2.93,14.79
1975-11-30,0.24,14.82
1975-12-01,0.63,14.86
1975-12-02,2.67,14.22
1975-12-03,0.2,14.02
1975-12-04,1.17,13.14
1975-12-05,2.53,12.98
1975-12-06,0.43,13.21
1975-12-07,1.56,12.91
1975-12-08,0.09,12.94
1975-12-09,0.05,12.74
1975-12-10,0.71,12.69
1975-12-11,0.03,13.72
1975-12-12,1.53,13.79
1975-12-13,0.8,13.94
1975-12-14,0.03,13.73
1975-12-15,0.01,13.8
1975-12-16,0.24,13.84
1975-12-17,0.03,13.95
1975-12-18,0.02,13.9
1975-12-19,0.48,14.21
1975-12-20,0.73,14.07
1975-12-21,0.04,14.33
1975-12-22,0.01,15.18
1975-12-23,0.13,13.75
1975-12-24,6.0,14.26
1975-12-25,3.19,16.07
1975-12-26,0.42,17.15
1975-12-27,0.01,17.52
1975-12-28,0.0,14.51
1975-12-29,0.0,14.44
1975-12-30,0.89,14.73
1975-12-31,11.18,14.71
1976-01-01,16.9,19.3
1976-01-02,6.26,34.05
1976-01-03,5.71,45.48
1976-01-04,0.77,59.95
1976-01-05,21.78,50.01
1976-01-06,2.08,85.89
1976-01-07,0.33,110.06
1976-01-08,0.12,86.33
1976-01-09,6.85,64.75
1976-01-10,13.15,58.5
1976-01-11,6.92,88.8
1976-01-12,4.67,117.21
1976-01-13,5.24,116.22
1976-01-14,11.28,122.74
1976-01-15,6.73,135.57
1976-01-16,1.48,146.26
1976-01-17,0.52,148.02
1976-01-18,0.76,132.07
1976-01-19,3.26,116.48
1976-01-20,10.67,103.03
1976-01-21,7.34,134.96
1976-01-22,5.93,138.56
1976-01-23,4.25,161.38
1976-01-24,2.26,146.74
1976-01-25,0.13,128.08
1976-01-26,3.14,120.57
1976-01-27,0.98,99.47
1976-01-28,0.01,78.65
1976-01-29,0.0,67.34
1976-01-30,0.0,56.53
1976-01-31,0.0,50.36
1976-02-01,0.0,47.67
1976-02-02,0.0,44.69
1976-02-03,0.0,43.2
1976-02-04,0.0,41.83
1976-02-05,0.0,39.33
1976-02-06,0.0,37.41
1976-02-07,0.0,34.32
1976-02-08,0.01,32.87
1976-02-09,0.88,32.3
1976-02-10,3.13,34.6
1976-02-11,4.82,58.72
1976-02-12,4.19,66.62
1976-02-13,2.1,72.69
1976-02-14,0.35,84.95
1976-02-15,0.22,64.91
1976-02-16,0.0,50.13
1976-02-17,0.0,41.23
1976-02-18,0.0,41.26
1976-02-19,0.02,39.64
1976-02-20,0.14,36.81
1976-02-21,0.0,35.01
1976-02-22,0.0,33.34
1976-02-23,0.01,32.97
1976-02-24,1.28,31.8
1976-02-25,0.03,30.5
1976-02-26,0.0,30.37
1976-02-27,0.0,30.24
1976-02-28,0.14,28.54
1976-02-29,1.74,26.55
1976-03-01,0.0,26.42
1976-03-02,0.0,25.58
1976-03-03,0.0,23.66
1976-03-04,0.0,22.63
1976-03-05,0.0,21.9
1976-03-06,0.1,18.69
1976-03-07,0.03,18.0
1976-03-08,0.3,17.68
1976-03-09,0.11,17.74
1976-03-10,0.0,17.24
1976-03-11,0.0,17.54
1976-03-12,0.65,17.21
1976-03-13,0.02,17.03
1976-03-14,0.0,16.76
1976-03-15,2.16,16.48
1976-03-16,1.36,17.44
1976-03-17,2.08,17.2
1976-03-18,1.32,17.47
1976-03-19,0.04,17.23
1976-03-20,0.0,18.02
1976-03-21,0.0,20.32
1976-03-22,0.0,18.19
1976-03-23,0.01,17.22
1976-03-24,2.8,16.8
1976-03-25,6.78,18.8
1976-03-26,7.36,24.87
1976-03-27,1.43,28.04
1976-03-28,0.01,24.0
1976-03-29,0.85,26.64
1976-03-30,0.79,23.54
1976-03-31,0.43,19.63
1976-04-01,0.0,18.7
1976-04-02,2.88,21.34
1976-04-03,0.37,20.45
1976-04-04,3.97,19.56
1976-04-05,0.18,23.43
1976-04-06,1.38,22.51
1976-04-07,4.31,34.25
1976-04-08,0.35,21.04
1976-04-09,0.0,19.18
1976-04-10,0.0,15.61
1976-04-11,0.0,15.74
1976-04-12,0.0,15.53
1976-04-13,0.0,16.0
1976-04-14,0.8,15.7
1976-04-15,0.01,16.0
1976-04-16,0.01,14.85
1976-04-17,0.0,15.0
1976-04-18,0.0,15.07
1976-04-19,0.0,14.53
1976-04-20,0.0,14.69
1976-04-21,0.17,14.93
1976-04-22,0.13,14.95
1976-04-23,0.01,14.88
1976-04-24,0.52,14.64
1976-04-25,0.01,14.41
1976-04-26,0.04,14.35
1976-04-27,0.49,14.86
1976-04-28,0.0,15.58
1976-04-29,0.09,15.17
1976-04-30,0.22,15.15
1976-05-01,0.0,14.45
1976-05-02,0.03,14.78
1976-05-03,4.25,15.11
1976-05-04,0.92,16.75
1976-05-05,0.0,15.69
1976-05-06,0.0,15.0
1976-05-07,0.0,14.65
1976-05-08,0.0,14.65
1976-05-09,0.0,14.93
1976-05-10,0.32,14.74
1976-05-11,0.49,15.0
1976-05-12,4.48,15.06
1976-05-13,6.34,17.11
1976-05-14,0.0,16.11
1976-05-15,0.0,14.54
1976-05-16,0.0,14.34
1976-05-17,0.0,14.31
1976-05-18,0.45,14.88
1976-05-19,3.63,14.95
1976-05-20,3.19,15.08
1976-05-21,3.54,16.03
1976-05-22,0.12,16.7
1976-05-23,0.0,14.88
1976-05-24,0.27,14.31
1976-05-25,1.43,14.85
1976-05-26,7.24,15.21
1976-05-27,7.86,17.32
1976-05-28,0.02,16.95
1976-05-29,4.88,14.52
1976-05-30,3.19,16.11
1976-05-31,7.21,16.01
1976-06-01,11.58,17.45
1976-06-02,1.49,19.05
1976-06-03,3.16,17.86
1976-06-04,0.0,17.34
1976-06-05,0.0,16.71
1976-06-06,0.0,16.17
1976-06-07,0.0,15.67
1976-06-08,0.0,18.27
1976-06-09,1.12,19.18
1976-06-10,0.07,19.04
1976-06-11,0.01,19.07
1976-06-12,0.29,17.07
1976-06-13,0.02,16.36
1976-06-14,0.0,16.2
1976-06-15,0.83,16.86
1976-06-16,0.09,16.85
1976-06-17,0.0,16.22
1976-06-18,0.0,16.67
1976-06-19,7.56,16.39
1976-06-20,4.86,17.63
1976-06-21,0.0,20.75
1976-06-22,0.0,19.65
1976-06-23,0.0,19.25
1976-06-24,0.0,18.77
1976-06-25,0.0,18.4
1976-06-26,0.0,18.74
1976-06-27,0.0,17.99
1976-06-28,0.0,17.37
1976-06-29,0.0,18.02
1976-06-30,0.0,16.32
1976-07-01,0.0,15.48
1976-07-02,0.0,15.36
1976-07-03,0.0,14.9
1976-07-04,0.0,14.62
1976-07-05,0.0,14.17
1976-07-06,0.0,14.28
1976-07-07,0.0,15.56
1976-07-08,0.0,15.33
1976-07-09,0.0,15.22
1976-07-10,1.45,14.84
1976-07-11,0.0,14.57
1976-07-12,2.87,14.72
1976-07-13,6.12,15.95
1976-07-14,0.12,18.99
1976-07-15,0.0,15.74
1976-07-16,1.51,15.42
1976-07-17,4.27,15.64
1976-07-18,1.76,15.08
1976-07-19,0.0,13.85
1976-07-20,18.14,14.57
1976-07-21,14.39,17.73
1976-07-22,1.55,25.74
1976-07-23,0.03,20.76
1976-07-24,3.64,16.91
1976-07-25,4.47,16.8
1976-07-26,0.02,18.39
1976-07-27,0.0,16.58
1976-07-28,0.33,16.08
1976-07-29,0.01,15.37
1976-07-30,0.55,15.06
1976-07-31,8.98,15.22
1976-08-01,1.46,20.42
1976-08-02,6.62,17.1
1976-08-03,11.04,19.76
1976-08-04,0.19,21.28
1976-08-05,0.03,17.08
1976-08-06,0.03,16.37
1976-08-07,0.0,15.82
1976-08-08,0.0,15.2
1976-08-09,0.0,15.25
1976-08-10,0.04,15.3
1976-08-11,0.0,14.99
1976-08-12,0.63,14.75
1976-08-13,0.0,15.75
1976-08-14,0.01,15.95
1976-08-15,0.0,14.86
1976-08-16,0.01,14.89
1976-08-17,1.25,14.97
1976-08-18,0.32,14.62
1976-08-19,0.5,14.94
1976-08-20,0.0,14.09
1976-08-21,0.0,13.57
1976-08-22,0.0,12.47
1976-08-23,0.0,12.33
1976-08-24,0.0,13.07
1976-08-25,0.03,13.88
1976-08-26,2.03,13.69
1976-08-27,2.35,13.82
1976-08-28,1.59,14.09
1976-08-29,0.47,13.86
1976-08-30,2.82,13.52
1976-08-31,0.01,13.67
1976-09-01,4.69,13.3
1976-09-02,5.63,15.68
1976-09-03,1.51,16.81
1976-09-04,1.6,13.57
1976-09-05,0.07,12.66
1976-09-06,0.0,12.74
1976-09-07,0.0,13.06
1976-09-08,0.61,12.96
1976-09-09,3.72,13.26
1976-09-10,2.07,15.39
1976-09-11,0.2,14.22
1976-09-12,0.02,12.69
1976-09-13,0.14,12.48
1976-09-14,0.87,13.17
1976-09-15,2.7,13.69
1976-09-16,8.09,14.23
1976-09-17,0.27,14.25
1976-09-18,0.0,14.06
1976-09-19,0.0,12.71
1976-09-20,0.0,12.92
1976-09-21,0.0,13.01
1976-09-22,0.0,13.2
1976-09-23,1.1,12.91
1976-09-24,5.17,13.28
1976-09-25,0.01,13.72
1976-09-26,0.16,12.65
1976-09-27,3.01,12.31
1976-09-28,1.49,13.31
1976-09-29,4.86,13.66
1976-09-30,0.15,14.33
1976-10-01,2.91,14.23
1976-10-02,2.23,13.45
1976-10-03,0.03,13.81
1976-10-04,3.59,12.67
1976-10-05,0.56,13.14
1976-10-06,4.05,12.42
1976-10-07,2.91,12.96
1976-10-08,0.0,13.6
1976-10-09,0.0,12.4
1976-10-10,0.02,11.51
1976-10-11,0.0,11.24
1976-10-12,4.38,11.46
1976-10-13,15.42,12.89
1976-10-14,0.69,18.24
1976-10-15,0.0,14.18
1976-10-16,0.0,12.27
1976-10-17,3.86,11.5
1976-10-18,0.38,11.24
1976-10-19,2.01,12.14
1976-10-20,0.14,12.61
1976-10-21,0.29,11.74
1976-10-22,0.22,10.91
1976-10-23,0.01,10.55
1976-10-24,0.01,10.44
1976-10-25,0.0,10.38
1976-10-26,0.0,11.15
1976-10-27,0.0,10.64
1976-10-28,0.01,10.36
1976-10-29,0.02,10.18
1976-10-30,0.15,10.44
1976-10-31,0.27,10.39
1976-11-01,2.31,10.23
1976-11-02,2.47,11.39
1976-11-03,2.31,13.19
1976-11-04,0.03,13.36
1976-11-05,0.02,12.0
1976-11-06,1.41,11.89
1976-11-07,2.71,11.74
1976-11-08,0.98,12.42
1976-11-09,1.86,12.89
1976-11-10,0.89,13.99
1976-11-11,7.96,13.56
1976-11-12,0.08,16.32
1976-11-13,0.17,12.98
1976-11-14,3.52,11.93
1976-11-15,0.23,11.98
1976-11-16,0.32,12.22
1976-11-17,0.32,11.42
1976-11-18,0.19,12.32
1976-11-19,0.1,12.04
1976-11-20,0.0,11.8
1976-11-21,1.49,11.39
1976-11-22,1.28,12.37
1976-11-23,1.43,12.61
1976-11-24,11.56,12.94
1976-11-25,1.91,16.14
1976-11-26,0.17,14.55
1976-11-27,0.05,13.26
1976-11-28,2.17,13.34
1976-11-29,8.75,15.38
1976-11-30,12.69,20.88
1976-12-01,0.49,24.25
1976-12-02,2.71,16.18
1976-12-03,0.08,14.56
1976-12-04,0.01,14.02
1976-12-05,0.01,13.39
1976-12-06,4.64,14.14
1976-12-07,0.82,17.09
1976-12-08,3.39,14.95
1976-12-09,0.12,15.04
1976-12-10,2.71,14.24
1976-12-11,7.62,14.16
1976-12-12,0.49,16.8
1976-12-13,4.68,16.21
1976-12-14,0.57,14.98
1976-12-15,1.09,15.34
1976-12-16,0.5,14.4
1976-12-17,1.66,14.33
1976-12-18,0.4,14.72
1976-12-19,1.07,14.51
1976-12-20,0.01,14.67
1976-12-21,0.81,15.4
1976-12-22,0.01,15.56
1976-12-23,0.01,15.34
1976-12-24,0.83,15.13
1976-12-25,0.99,14.92
1976-12-26,0.15,14.4
1976-12-27,3.83,15.05
1976-12-28,0.45,15.33
1976-12-29,0.03,15.22
1976-12-30,0.0,14.4
1976-12-31,1.58,14.08
1977-01-01,0.51,15.82
1977-01-02,1.55,15.67
1977-01-03,3.94,15.64
1977-01-04,0.16,16.82
1977-01-05,0.07,15.52
1977-01-06,2.04,15.31
1977-01-07,2.7,15.95
1977-01-08,6.11,15.64
1977-01-09,5.61,18.96
1977-01-10,4.09,24.69
1977-01-11,0.07,33.38
1977-01-12,0.02,20.58
1977-01-13,0.43,16.87
1977-01-14,0.74,15.98
1977-01-15,2.77,15.67
1977-01-16,3.23,17.64
1977-01-17,0.95,17.89
1977-01-18,0.09,17.08
1977-01-19,1.35,16.07
1977-01-20,0.06,15.83
1977-01-21,1.46,15.35
1977-01-22,1.71,15.61
1977-01-23,2.64,16.26
1977-01-24,0.73,17.0
1977-01-25,3.59,18.32
1977-01-26,4.88,28.66
1977-01-27,3.73,32.5
1977-01-28,0.6,39.03
1977-01-29,0.08,39.51
1977-01-30,0.0,31.52
1977-01-31,0.0,29.42
1977-02-01,0.0,21.16
1977-02-02,0.0,19.8
1977-02-03,2.69,19.58
1977-02-04,3.66,21.26
1977-02-05,2.77,21.17
1977-02-06,7.37,25.99
1977-02-07,10.07,37.75
1977-02-08,2.91,72.72
1977-02-09,0.73,75.61
1977-02-10,8.4,57.08
1977-02-11,1.04,74.31
1977-02-12,6.2,67.1
1977-02-13,4.38,68.2
1977-02-14,0.26,90.09
1977-02-15,2.31,67.48
1977-02-16,0.64,58.19
1977-02-17,4.32,49.79
1977-02-18,2.8,46.31
1977-02-19,0.78,51.31
1977-02-20,6.7,53.77
1977-02-21,0.7,75.92
1977-02-22,0.33,58.05
1977-02-23,0.24,45.48
1977-02-24,0.85,39.93
1977-02-25,8.41,36.62
1977-02-26,0.53,39.51
1977-02-27,0.08,43.43
1977-02-28,0.0,44.82
1977-03-01,0.08,32.53
1977-03-02,1.23,30.62
1977-03-03,3.45,29.52
1977-03-04,2.94,29.96
1977-03-05,0.01,31.09
1977-03-06,0.0,31.34
1977-03-07,1.55,33.48
1977-03-08,0.01,26.47
1977-03-09,0.0,23.75
1977-03-10,0.01,22.05
1977-03-11,1.2,21.51
1977-03-12,0.1,22.31
1977-03-13,1.16,20.33
1977-03-14,6.78,21.97
1977-03-15,0.45,22.66
1977-03-16,0.82,22.38
1977-03-17,1.01,21.52
1977-03-18,1.03,21.51
1977-03-19,0.91,20.61
1977-03-20,0.05,20.55
1977-03-21,2.16,19.61
1977-03-22,0.17,20.33
1977-03-23,0.01,19.38
1977-03-24,0.02,18.72
1977-03-25,0.0,18.28
1977-03-26,1.82,17.25
1977-03-27,9.23,17.33
1977-03-28,2.36,23.14
1977-03-29,0.08,21.6
1977-03-30,0.0,19.36
1977-03-31,1.77,18.7
1977-04-01,5.33,19.89
1977-04-02,2.14,28.9
1977-04-03,14.17,30.02
1977-04-04,1.51,79.81
1977-04-05,0.53,58.56
1977-04-06,2.51,40.3
1977-04-07,2.72,35.67
1977-04-08,1.02,33.68
1977-04-09,1.0,36.46
1977-04-10,1.05,33.11
1977-04-11,1.67,36.81
1977-04-12,5.87,37.49
1977-04-13,13.79,29.72
1977-04-14,7.14,60.02
1977-04-15,4.14,89.05
1977-04-16,0.1,94.89
1977-04-17,0.0,81.55
1977-04-18,0.0,67.65
1977-04-19,0.0,47.64
1977-04-20,0.51,40.39
1977-04-21,0.45,29.26
1977-04-22,1.08,30.69
1977-04-23,7.89,30.83
1977-04-24,3.13,41.85
1977-04-25,0.34,47.24
1977-04-26,2.28,32.29
1977-04-27,0.7,26.84
1977-04-28,0.22,22.65
1977-04-29,0.03,23.08
1977-04-30,0.09,21.42
1977-05-01,0.23,19.51
1977-05-02,0.0,27.09
1977-05-03,0.0,18.28
1977-05-04,0.91,17.54
1977-05-05,8.5,17.47
1977-05-06,0.28,20.18
1977-05-07,2.2,17.35
1977-05-08,1.97,20.88
1977-05-09,0.02,28.4
1977-05-10,1.57,18.75
1977-05-11,4.03,18.26
1977-05-12,7.3,21.87
1977-05-13,5.23,25.89
1977-05-14,1.59,28.26
1977-05-15,2.43,23.82
1977-05-16,0.27,22.65
1977-05-17,0.0,20.85
1977-05-18,0.0,18.53
1977-05-19,4.25,17.8
1977-05-20,6.07,17.34
1977-05-21,1.34,18.18
1977-05-22,0.0,18.24
1977-05-23,0.0,16.43
1977-05-24,0.0,16.4
1977-05-25,0.0,16.37
1977-05-26,0.0,16.8
1977-05-27,0.0,16.62
1977-05-28,0.0,15.57
1977-05-29,0.0,15.32
1977-05-30,0.57,14.84
1977-05-31,0.0,15.3
1977-06-01,0.0,15.42
1977-06-02,0.04,16.21
1977-06-03,1.28,15.99
1977-06-04,1.59,15.71
1977-06-05,1.88,15.56
1977-06-06,6.98,16.32
1977-06-07,5.92,19.17
1977-06-08,0.17,22.3
1977-06-09,9.19,15.27
1977-06-10,6.22,17.69
1977-06-11,0.01,17.62
1977-06-12,0.0,15.11
1977-06-13,0.0,15.39
1977-06-14,7.05,15.69
1977-06-15,6.89,18.65
1977-06-16,1.45,16.93
1977-06-17,0.07,14.6
1977-06-18,0.72,16.14
1977-06-19,3.1,15.05
1977-06-20,0.13,15.66
1977-06-21,0.0,15.64
1977-06-22,0.0,15.06
1977-06-23,0.0,15.12
1977-06-24,0.12,15.17
1977-06-25,12.56,15.41
1977-06-26,2.05,16.86
1977-06-27,0.06,16.26
1977-06-28,0.73,15.45
1977-06-29,6.32,15.65
1977-06-30,0.64,17.52
1977-07-01,0.06,16.34
1977-07-02,0.08,15.9
1977-07-03,0.0,15.77
1977-07-04,0.0,16.41
1977-07-05,0.3,15.91
1977-07-06,0.01,16.43
1977-07-07,0.02,16.55
1977-07-08,0.41,16.02
1977-07-09,0.02,15.3
1977-07-10,0.0,13.92
1977-07-11,0.0,14.78
1977-07-12,0.01,15.22
1977-07-13,0.0,14.64
1977-07-14,1.55,13.92
1977-07-15,0.52,13.8
1977-07-16,0.01,13.86
1977-07-17,3.39,13.6
1977-07-18,14.29,15.86
1977-07-19,0.71,19.83
1977-07-20,3.25,15.37
1977-07-21,2.69,14.99
1977-07-22,0.01,14.47
1977-07-23,0.52,13.96
1977-07-24,6.04,13.16
1977-07-25,13.6,15.25
1977-07-26,7.93,20.35
1977-07-27,2.98,19.14
1977-07-28,0.2,16.91
1977-07-29,1.45,14.58
1977-07-30,0.78,15.5
1977-07-31,0.56,13.95
1977-08-01,0.51,14.52
1977-08-02,0.0,14.67
1977-08-03,0.0,14.92
1977-08-04,0.19,14.78
1977-08-05,0.07,14.69
1977-08-06,0.25,14.86
1977-08-07,4.32,13.76
1977-08-08,2.9,14.84
1977-08-09,1.07,15.25
1977-08-10,2.06,15.41
1977-08-11,5.0,15.74
1977-08-12,13.25,18.22
1977-08-13,1.13,21.97
1977-08-14,0.11,16.89
1977-08-15,0.25,16.11
1977-08-16,1.36,16.14
1977-08-17,6.25,17.24
1977-08-18,3.15,18.5
1977-08-19,8.0,16.38
1977-08-20,2.85,18.53
1977-08-21,19.15,18.21
1977-08-22,10.85,26.69
1977-08-23,0.41,43.81
1977-08-24,0.02,30.86
1977-08-25,0.24,24.68
1977-08-26,3.87,22.45
1977-08-27,4.45,21.4
1977-08-28,0.01,25.65
1977-08-29,0.02,21.96
1977-08-30,0.27,20.82
1977-08-31,0.0,18.64
1977-09-01,0.0,17.43
1977-09-02,0.11,16.95
1977-09-03,4.26,16.64
1977-09-04,0.0,18.36
1977-09-05,0.16,16.8
1977-09-06,2.73,16.52
1977-09-07,0.69,17.15
1977-09-08,3.48,16.9
1977-09-09,1.31,16.65
1977-09-10,0.71,17.0
1977-09-11,0.03,15.94
1977-09-12,0.34,16.18
1977-09-13,0.0,16.48
1977-09-14,0.14,16.21
1977-09-15,1.61,16.03
1977-09-16,0.26,16.11
1977-09-17,0.03,15.78
1977-09-18,0.03,15.26
1977-09-19,0.0,15.54
1977-09-20,6.07,15.76
1977-09-21,1.28,17.3
1977-09-22,0.01,17.07
1977-09-23,0.0,16.88
1977-09-24,0.31,16.47
1977-09-25,0.13,15.74
1977-09-26,0.04,15.34
1977-09-27,0.0,15.59
1977-09-28,0.3,15.25
1977-09-29,0.0,15.0
1977-09-30,7.57,14.81
1977-10-01,6.33,16.2
1977-10-02,6.97,18.59
1977-10-03,0.32,19.67
1977-10-04,2.93,17.04
1977-10-05,0.44,17.16
1977-10-06,0.04,16.84
1977-10-07,0.13,16.5
1977-10-08,0.03,15.87
1977-10-09,0.09,15.05
1977-10-10,1.26,14.95
1977-10-11,0.01,15.06
1977-10-12,0.0,14.89
1977-10-13,0.0,14.73
1977-10-14,0.0,14.53
1977-10-15,0.0,13.8
1977-10-16,0.01,13.59
1977-10-17,0.02,13.91
1977-10-18,0.0,14.5
1977-10-19,0.01,14.05
1977-10-20,0.2,13.75
1977-10-21,0.29,13.79
1977-10-22,0.25,13.86
1977-10-23,1.33,13.34
1977-10-24,0.05,13.63
1977-10-25,0.19,13.83
1977-10-26,0.02,13.36
1977-10-27,0.04,13.71
1977-10-28,1.9,14.08
1977-10-29,0.01,13.92
1977-10-30,0.0,13.33
1977-10-31,1.29,13.43
1977-11-01,0.07,14.42
1977-11-02,17.79,14.25
1977-11-03,0.31,21.75
1977-11-04,1.84,17.05
1977-11-05,0.02,15.23
1977-11-06,0.49,13.87
1977-11-07,0.02,13.69
1977-11-08,17.35,14.98
1977-11-09,21.06,26.01
1977-11-10,0.06,49.84
1977-11-11,2.48,49.78
1977-11-12,7.95,30.65
1977-11-13,2.39,31.01
1977-11-14,12.82,37.94
1977-11-15,2.52,62.52
1977-11-16,3.16,60.84
1977-11-17,3.33,51.25
1977-11-18,2.65,46.12
1977-11-19,0.25,38.97
1977-11-20,0.74,36.35
1977-11-21,2.8,37.37
1977-11-22,1.72,35.27
1977-11-23,7.85,28.88
1977-11-24,9.6,35.6
1977-11-25,3.8,66.32
1977-11-26,1.23,75.69
1977-11-27,0.28,64.94
1977-11-28,0.0,51.76
1977-11-29,0.22,42.54
1977-11-30,1.31,36.07
1977-12-01,0.05,31.35
1977-12-02,0.0,31.8
1977-12-03,0.02,25.62
1977-12-04,0.0,23.21
1977-12-05,0.01,32.67
1977-12-06,2.55,22.98
1977-12-07,0.64,22.96
1977-12-08,0.57,24.19
1977-12-09,0.75,21.86
1977-12-10,0.21,21.7
1977-12-11,8.84,24.91
1977-12-12,4.3,54.41
1977-12-13,0.23,43.43
1977-12-14,0.51,39.06
1977-12-15,0.5,35.16
1977-12-16,0.01,29.19
1977-12-17,0.01,26.58
1977-12-18,0.0,25.41
1977-12-19,0.0,31.75
1977-12-20,0.0,22.31
1977-12-21,0.0,21.66
1977-12-22,0.28,20.24
1977-12-23,0.9,19.46
1977-12-24,8.79,21.17
1977-12-25,1.5,35.67
1977-12-26,2.29,48.38
1977-12-27,0.79,41.11
1977-12-28,7.25,36.74
1977-12-29,6.09,40.85
1977-12-30,7.97,56.56
1977-12-31,1.68,97.64
1978-01-01,0.28,99.05
1978-01-02,1.23,81.85
1978-01-03,7.1,64.83
1978-01-04,0.54,83.5
1978-01-05,0.01,72.22
1978-01-06,0.02,56.71
1978-01-07,0.0,47.68
1978-01-08,0.0,44.0
1978-01-09,4.33,45.73
1978-01-10,0.72,45.42
1978-01-11,3.16,50.19
1978-01-12,0.39,52.19
1978-01-13,0.3,50.76
1978-01-14,0.16,39.5
1978-01-15,0.01,36.32
1978-01-16,0.01,41.37
1978-01-17,0.0,32.51
1978-01-18,0.05,30.15
1978-01-19,0.02,24.94
1978-01-20,0.0,23.7
1978-01-21,0.0,23.16
1978-01-22,0.14,21.32
1978-01-23,4.03,26.09
1978-01-24,3.97,26.52
1978-01-25,6.92,28.66
1978-01-26,1.1,39.99
1978-01-27,0.03,45.29
1978-01-28,0.09,41.48
1978-01-29,1.29,40.74
1978-01-30,4.04,40.85
1978-01-31,0.6,38.53
1978-02-01,5.02,31.18
1978-02-02,4.57,33.41
1978-02-03,0.96,50.89
1978-02-04,0.01,45.45
1978-02-05,1.5,41.4
1978-02-06,0.57,44.5
1978-02-07,2.1,42.64
1978-02-08,0.28,40.85
1978-02-09,0.04,35.65
1978-02-10,0.06,30.64
1978-02-11,3.88,28.17
1978-02-12,0.33,27.22
1978-02-13,3.93,27.33
1978-02-14,1.65,24.49
1978-02-15,0.01,24.02
1978-02-16,0.01,23.22
1978-02-17,0.0,22.27
1978-02-18,0.0,21.16
1978-02-19,0.01,21.1
1978-02-20,0.0,20.56
1978-02-21,0.79,20.66
1978-02-22,0.36,21.49
1978-02-23,0.83,30.12
1978-02-24,4.27,46.02
1978-02-25,0.09,64.92
1978-02-26,0.02,76.16
1978-02-27,0.12,56.89
1978-02-28,0.02,47.14
1978-03-01,1.07,39.15
1978-03-02,3.23,30.72
1978-03-03,0.34,28.06
1978-03-04,0.58,33.59
1978-03-05,0.47,33.81
1978-03-06,0.08,29.36
1978-03-07,0.06,24.46
1978-03-08,6.27,24.2
1978-03-09,0.07,25.42
1978-03-10,0.61,23.92
1978-03-11,0.7,23.88
1978-03-12,5.66,27.62
1978-03-13,1.36,36.22
1978-03-14,1.38,33.27
1978-03-15,8.34,27.39
1978-03-16,4.47,40.3
1978-03-17,1.91,73.75
1978-03-18,6.5,51.18
1978-03-19,9.76,45.36
1978-03-20,1.86,85.1
1978-03-21,3.74,108.2
1978-03-22,5.2,86.45
1978-03-23,4.14,77.33
1978-03-24,0.95,92.74
1978-03-25,11.73,89.01
1978-03-26,1.87,125.5
1978-03-27,3.48,141.16
1978-03-28,0.33,118.95
1978-03-29,1.26,91.18
1978-03-30,4.57,74.0
1978-03-31,2.34,70.47
1978-04-01,0.29,68.43
1978-04-02,0.18,69.65
1978-04-03,0.38,65.28
1978-04-04,0.05,49.52
1978-04-05,0.0,42.69
1978-04-06,0.0,37.78
1978-04-07,0.0,32.99
1978-04-08,0.0,31.99
1978-04-09,0.01,35.01
1978-04-10,0.84,37.87
1978-04-11,0.48,26.44
1978-04-12,0.66,25.42
1978-04-13,2.17,25.15
1978-04-14,3.43,27.68
1978-04-15,0.65,28.73
1978-04-16,0.82,25.94
1978-04-17,0.05,24.59
1978-04-18,0.0,24.32
1978-04-19,0.0,24.25
1978-04-20,2.45,23.6
1978-04-21,3.9,23.69
1978-04-22,0.77,23.78
1978-04-23,0.0,23.0
1978-04-24,0.0,22.41
1978-04-25,0.0,22.38
1978-04-26,0.09,21.87
1978-04-27,1.37,22.1
1978-04-28,0.87,22.95
1978-04-29,1.0,20.69
1978-04-30,0.13,21.04
1978-05-01,1.47,20.55
1978-05-02,0.87,20.81
1978-05-03,0.57,20.43
1978-05-04,0.02,20.17
1978-05-05,0.57,19.92
1978-05-06,16.45,20.98
1978-05-07,4.95,57.38
1978-05-08,0.16,46.23
1978-05-09,0.01,30.47
1978-05-10,0.11,23.55
1978-05-11,0.2,22.08
1978-05-12,10.41,23.88
1978-05-13,0.34,26.62
1978-05-14,1.15,20.72
1978-05-15,2.56,25.28
1978-05-16,3.52,26.95
1978-05-17,0.15,22.14
1978-05-18,0.12,21.09
1978-05-19,1.39,19.97
1978-05-20,14.81,20.33
1978-05-21,0.35,36.38
1978-05-22,13.07,36.39
1978-05-23,31.53,24.43
1978-05-24,6.66,94.43
1978-05-25,0.13,160.16
1978-05-26,0.0,186.71
1978-05-27,0.01,174.66
1978-05-28,0.01,144.18
1978-05-29,0.0,102.79
1978-05-30,0.0,68.88
1978-05-31,0.0,47.4
1978-06-01,0.05,33.54
1978-06-02,3.47,32.28
1978-06-03,4.11,35.65
1978-06-04,3.34,37.16
1978-06-05,3.17,36.76
1978-06-06,4.21,30.25
1978-06-07,9.46,26.79
1978-06-08,1.17,43.19
1978-06-09,0.46,41.75
1978-06-10,1.21,28.63
1978-06-11,0.43,26.8
1978-06-12,0.75,29.6
1978-06-13,0.03,20.02
1978-06-14,0.01,19.12
1978-06-15,0.22,18.85
1978-06-16,3.24,19.14
1978-06-17,0.01,18.97
1978-06-18,0.0,23.5
1978-06-19,0.0,20.15
1978-06-20,1.45,18.31
1978-06-21,2.36,18.58
1978-06-22,4.06,18.74
1978-06-23,3.26,19.59
1978-06-24,1.36,19.61
1978-06-25,5.35,18.82
1978-06-26,14.16,22.18
1978-06-27,1.77,27.47
1978-06-28,1.23,19.7
1978-06-29,9.2,19.08
1978-06-30,4.2,29.18
1978-07-01,0.08,35.78
1978-07-02,11.0,25.0
1978-07-03,7.56,36.05
1978-07-04,5.61,47.2
1978-07-05,6.19,44.5
1978-07-06,2.79,45.22
1978-07-07,9.14,35.79
1978-07-08,21.54,42.12
1978-07-09,9.01,110.43
1978-07-10,0.04,139.65
1978-07-11,0.0,94.38
1978-07-12,0.46,63.85
1978-07-13,0.0,48.3
1978-07-14,0.01,33.47
1978-07-15,0.01,29.69
1978-07-16,0.16,27.17
1978-07-17,0.03,30.05
1978-07-18,0.51,22.92
1978-07-19,1.74,21.82
1978-07-20,4.37,22.08
1978-07-21,0.54,23.26
1978-07-22,0.0,21.46
1978-07-23,0.01,19.92
1978-07-24,2.29,23.84
1978-07-25,0.07,24.1
1978-07-26,3.98,20.63
1978-07-27,0.0,19.49
1978-07-28,0.0,19.59
1978-07-29,0.0,19.2
1978-07-30,0.0,18.5
1978-07-31,0.22,18.77
1978-08-01,15.87,20.81
1978-08-02,0.66,27.33
1978-08-03,0.67,25.34
1978-08-04,0.02,24.61
1978-08-05,0.7,23.34
1978-08-06,8.16,23.14
1978-08-07,0.19,28.16
1978-08-08,1.8,21.84
1978-08-09,3.34,19.93
1978-08-10,0.93,19.67
1978-08-11,0.05,18.17
1978-08-12,0.28,17.57
1978-08-13,0.14,17.47
1978-08-14,0.01,18.0
1978-08-15,3.87,18.23
1978-08-16,1.08,18.52
1978-08-17,1.69,18.02
1978-08-18,0.01,17.82
1978-08-19,0.0,17.52
1978-08-20,0.0,17.41
1978-08-21,0.0,17.16
1978-08-22,0.0,17.5
1978-08-23,0.0,17.22
1978-08-24,0.0,17.01
1978-08-25,0.0,17.07
1978-08-26,0.56,16.6
1978-08-27,1.7,16.73
1978-08-28,0.08,16.73
1978-08-29,17.63,17.53
1978-08-30,5.47,22.91
1978-08-31,7.06,21.68
1978-09-01,8.03,17.81
1978-09-02,4.47,18.48
1978-09-03,0.44,18.15
1978-09-04,0.07,19.65
1978-09-05,0.0,17.63
1978-09-06,14.06,16.71
1978-09-07,1.59,17.71
1978-09-08,0.77,16.97
1978-09-09,0.88,16.75
1978-09-10,0.2,16.54
1978-09-11,10.59,17.59
1978-09-12,1.99,20.87
1978-09-13,0.02,17.04
1978-09-14,2.15,16.59
1978-09-15,0.26,17.26
1978-09-16,0.04,15.75
1978-09-17,0.54,16.03
1978-09-18,0.07,16.42
1978-09-19,3.75,16.82
1978-09-20,1.03,17.75
1978-09-21,0.6,16.55
1978-09-22,13.66,16.97
1978-09-23,0.18,19.63
1978-09-24,0.01,17.39
1978-09-25,2.77,18.84
1978-09-26,1.36,17.87
1978-09-27,6.65,17.83
1978-09-28,8.7,18.99
1978-09-29,9.46,19.6
1978-09-30,15.54,27.37
1978-10-01,1.04,59.65
1978-10-02,0.02,67.53
1978-10-03,0.1,44.5
1978-10-04,0.63,40.13
1978-10-05,0.38,27.72
1978-10-06,0.02,27.23
1978-10-07,0.0,24.03
1978-10-08,0.0,21.23
1978-10-09,0.0,32.65
1978-10-10,0.0,22.22
1978-10-11,0.0,20.19
1978-10-12,0.0,19.7
1978-10-13,0.0,19.46
1978-10-14,0.02,19.14
1978-10-15,2.34,18.93
1978-10-16,2.22,26.22
1978-10-17,1.87,20.25
1978-10-18,0.05,19.54
1978-10-19,0.0,19.05
1978-10-20,1.22,18.64
1978-10-21,1.11,18.9
1978-10-22,4.94,18.52
1978-10-23,0.02,20.42
1978-10-24,2.32,18.8
1978-10-25,1.42,19.42
1978-10-26,0.03,19.54
1978-10-27,1.15,19.14
1978-10-28,0.04,18.82
1978-10-29,0.02,18.56
1978-10-30,0.1,19.0
1978-10-31,0.01,18.81
1978-11-01,0.0,18.08
1978-11-02,0.49,18.64
1978-11-03,1.53,18.41
1978-11-04,0.02,18.08
1978-11-05,0.03,17.47
1978-11-06,0.02,17.0
1978-11-07,0.01,17.42
1978-11-08,0.0,17.21
1978-11-09,0.02,17.5
1978-11-10,0.02,17.33
1978-11-11,0.02,16.95
1978-11-12,0.05,17.45
1978-11-13,0.88,17.21
1978-11-14,0.0,17.0
1978-11-15,0.2,17.02
1978-11-16,0.24,17.15
1978-11-17,0.34,18.16
1978-11-18,0.0,16.08
1978-11-19,2.28,16.47
1978-11-20,0.1,17.37
1978-11-21,1.26,17.47
1978-11-22,0.21,17.08
1978-11-23,0.05,17.03
1978-11-24,2.8,17.01
1978-11-25,2.72,18.34
1978-11-26,0.26,18.32
1978-11-27,2.69,17.27
1978-11-28,2.24,17.64
1978-11-29,0.36,17.65
1978-11-30,0.68,16.93
1978-12-01,0.09,16.75
1978-12-02,0.0,16.51
1978-12-03,0.06,16.64
1978-12-04,0.03,16.88
1978-12-05,0.0,16.87
1978-12-06,0.0,16.71
1978-12-07,0.0,16.84
1978-12-08,8.45,17.18
1978-12-09,2.36,21.01
1978-12-10,0.85,17.8
1978-12-11,0.11,17.38
1978-12-12,3.72,18.56
1978-12-13,4.65,21.66
1978-12-14,12.84,31.19
1978-12-15,20.32,81.61
1978-12-16,7.84,144.85
1978-12-17,0.06,175.97
1978-12-18,0.0,124.89
1978-12-19,0.0,65.54
1978-12-20,0.07,48.0
1978-12-21,0.0,32.78
1978-12-22,0.01,28.19
1978-12-23,0.03,25.71
1978-12-24,6.41,34.05
1978-12-25,5.48,51.44
1978-12-26,4.84,79.04
1978-12-27,5.53,97.69
1978-12-28,19.57,104.12
1978-12-29,5.29,166.99
1978-12-30,12.17,208.39
1978-12-31,1.22,189.55
1979-01-01,1.09,118.48
1979-01-02,1.5,85.11
1979-01-03,1.18,65.01
1979-01-04,0.04,54.33
1979-01-05,0.01,49.23
1979-01-06,0.0,49.72
1979-01-07,3.0,48.8
1979-01-08,5.38,50.55
1979-01-09,6.27,49.06
1979-01-10,6.55,57.76
1979-01-11,5.31,67.39
1979-01-12,5.07,70.25
1979-01-13,2.86,59.9
1979-01-14,0.25,61.36
1979-01-15,0.02,56.5
1979-01-16,0.42,48.99
1979-01-17,0.84,51.3
1979-01-18,0.06,48.6
1979-01-19,0.01,35.9
1979-01-20,0.0,36.18
1979-01-21,0.01,38.17
1979-01-22,1.68,36.8
1979-01-23,3.25,35.98
1979-01-24,1.11,40.19
1979-01-25,0.11,37.01
1979-01-26,0.36,37.72
1979-01-27,0.15,36.53
1979-01-28,0.27,35.96
1979-01-29,0.44,33.9
1979-01-30,3.36,33.83
1979-01-31,0.54,39.04
1979-02-01,7.7,39.42
1979-02-02,4.91,97.38
1979-02-03,0.73,201.06
1979-02-04,0.43,173.55
1979-02-05,0.0,130.04
1979-02-06,0.0,90.78
1979-02-07,3.89,72.98
1979-02-08,0.04,66.69
1979-02-09,0.01,62.04
1979-02-10,0.07,63.99
1979-02-11,3.63,55.23
1979-02-12,1.88,48.76
1979-02-13,9.59,48.57
1979-02-14,8.13,97.26
1979-02-15,0.83,124.86
1979-02-16,0.15,89.49
1979-02-17,1.65,72.94
1979-02-18,0.04,60.68
1979-02-19,0.04,54.24
1979-02-20,0.01,48.0
1979-02-21,0.03,51.37
1979-02-22,1.19,46.7
1979-02-23,2.08,40.87
1979-02-24,0.37,33.16
1979-02-25,0.02,33.6
1979-02-26,0.0,34.35
1979-02-27,0.0,34.56
1979-02-28,0.35,32.82
1979-03-01,2.49,43.53
1979-03-02,1.03,62.21
1979-03-03,0.95,111.98
1979-03-04,5.69,157.92
1979-03-05,0.07,185.56
1979-03-06,0.95,151.3
1979-03-07,1.82,106.07
1979-03-08,0.1,97.01
1979-03-09,12.98,89.85
1979-03-10,2.43,146.97
1979-03-11,14.4,145.86
1979-03-12,0.1,163.07
1979-03-13,4.68,168.88
1979-03-14,3.7,155.95
1979-03-15,6.8,155.47
1979-03-16,2.95,173.17
1979-03-17,2.38,168.9
1979-03-18,11.73,146.08
1979-03-19,0.17,161.73
1979-03-20,0.63,165.72
1979-03-21,3.43,130.7
1979-03-22,9.04,116.58
1979-03-23,0.54,129.75
1979-03-24,0.1,137.49
1979-03-25,0.76,109.15
1979-03-26,0.86,100.25
1979-03-27,1.27,81.23
1979-03-28,0.73,74.0
1979-03-29,5.35,65.3
1979-03-30,6.59,66.81
1979-03-31,2.32,78.41
1979-04-01,4.37,81.45
1979-04-02,7.08,102.53
1979-04-03,3.46,106.39
1979-04-04,0.96,123.55
1979-04-05,1.31,115.23
1979-04-06,0.33,88.38
1979-04-07,1.69,74.77
1979-04-08,0.0,69.11
1979-04-09,0.0,68.74
1979-04-10,0.0,53.59
1979-04-11,0.23,49.78
1979-04-12,0.08,47.83
1979-04-13,0.0,42.46
1979-04-14,0.06,49.22
1979-04-15,0.17,49.5
1979-04-16,5.95,48.99
1979-04-17,0.86,46.47
1979-04-18,0.01,30.81
1979-04-19,0.04,28.65
1979-04-20,5.74,28.56
1979-04-21,4.2,30.89
1979-04-22,2.81,38.12
1979-04-23,1.23,46.62
1979-04-24,4.87,35.78
1979-04-25,0.97,33.74
1979-04-26,1.68,30.57
1979-04-27,0.15,34.3
1979-04-28,0.04,32.17
1979-04-29,5.57,31.82
1979-04-30,3.45,37.88
1979-05-01,4.76,45.56
1979-05-02,5.52,58.38
1979-05-03,2.78,60.44
1979-05-04,6.93,53.12
1979-05-05,6.1,59.05
1979-05-06,2.83,72.18
1979-05-07,0.04,83.33
1979-05-08,0.0,65.02
1979-05-09,0.0,52.3
1979-05-10,0.36,43.98
1979-05-11,11.42,40.73
1979-05-12,0.15,49.78
1979-05-13,0.09,51.07
1979-05-14,0.02,48.5
1979-05-15,0.0,35.53
1979-05-16,0.28,31.12
1979-05-17,2.03,26.28
1979-05-18,0.37,26.84
1979-05-19,0.13,24.14
1979-05-20,6.3,22.69
1979-05-21,2.35,38.74
1979-05-22,0.46,30.18
1979-05-23,6.75,24.5
1979-05-24,16.37,27.6
1979-05-25,3.14,65.67
1979-05-26,1.2,52.94
1979-05-27,3.87,40.31
1979-05-28,0.13,44.64
1979-05-29,4.34,30.45
1979-05-30,0.01,26.03
1979-05-31,0.0,25.02
1979-06-01,0.52,23.5
1979-06-02,0.01,23.14
1979-06-03,1.69,22.62
1979-06-04,6.32,32.94
1979-06-05,5.97,58.99
1979-06-06,0.99,34.53
1979-06-07,5.94,26.3
1979-06-08,2.26,27.74
1979-06-09,0.25,29.71
1979-06-10,2.78,28.58
1979-06-11,0.5,28.73
1979-06-12,3.56,22.97
1979-06-13,3.37,24.64
1979-06-14,5.69,25.73
1979-06-15,3.22,25.94
1979-06-16,0.37,26.42
1979-06-17,0.01,24.7
1979-06-18,0.02,21.43
1979-06-19,0.0,19.73
1979-06-20,0.04,19.01
1979-06-21,5.81,19.38
1979-06-22,11.52,27.22
1979-06-23,0.02,24.65
1979-06-24,0.89,19.94
1979-06-25,0.03,26.41
1979-06-26,0.22,20.52
1979-06-27,0.01,18.57
1979-06-28,0.0,18.55
1979-06-29,3.11,18.44
1979-06-30,0.26,20.01
1979-07-01,0.71,18.34
1979-07-02,0.01,17.96
1979-07-03,0.0,18.05
1979-07-04,0.0,17.86
1979-07-05,0.0,17.66
1979-07-06,0.0,17.77
1979-07-07,10.43,17.59
1979-07-08,3.48,20.06
1979-07-09,2.96,18.92
1979-07-10,0.01,19.42
1979-07-11,0.0,17.33
1979-07-12,0.0,17.43
1979-07-13,10.27,17.67
1979-07-14,0.01,27.31
1979-07-15,0.03,18.05
1979-07-16,7.32,16.93
1979-07-17,1.2,18.31
1979-07-18,7.88,17.12
1979-07-19,0.31,18.66
1979-07-20,0.16,18.32
1979-07-21,5.14,16.32
1979-07-22,0.64,18.93
1979-07-23,2.91,16.63
1979-07-24,3.09,17.15
1979-07-25,1.19,16.57
1979-07-26,0.32,15.96
1979-07-27,0.0,16.21
1979-07-28,0.01,16.13
1979-07-29,12.62,16.44
1979-07-30,0.33,27.73
1979-07-31,1.6,17.95
1979-08-01,8.93,16.94
1979-08-02,0.12,26.97
1979-08-03,3.57,18.63
1979-08-04,2.07,17.57
1979-08-05,0.1,16.37
1979-08-06,0.11,15.96
1979-08-07,3.21,16.16
1979-08-08,3.67,16.8
1979-08-09,22.51,20.83
1979-08-10,5.5,48.86
1979-08-11,0.34,30.78
1979-08-12,0.03,23.23
1979-08-13,0.0,21.1
1979-08-14,0.02,18.33
1979-08-15,26.9,17.8
1979-08-16,2.41,50.47
1979-08-17,0.01,71.79
1979-08-18,0.01,38.6
1979-08-19,4.24,26.0
1979-08-20,0.02,28.54
1979-08-21,4.39,27.05
1979-08-22,0.03,24.23
1979-08-23,1.29,18.73
1979-08-24,3.27,19.38
1979-08-25,3.13,19.19
1979-08-26,2.63,18.7
1979-08-27,1.47,17.98
1979-08-28,0.06,18.25
1979-08-29,0.0,17.42
1979-08-30,0.0,16.07
1979-08-31,0.0,15.83
1979-09-01,0.0,15.04
1979-09-02,8.71,16.2
1979-09-03,10.84,20.69
1979-09-04,0.02,23.64
1979-09-05,0.0,20.43
1979-09-06,0.0,18.6
1979-09-07,0.11,16.63
1979-09-08,4.18,15.78
1979-09-09,4.17,19.79
1979-09-10,0.01,23.0
1979-09-11,0.02,19.01
1979-09-12,0.0,17.86
1979-09-13,0.0,16.96
1979-09-14,0.19,16.71
1979-09-15,0.06,16.42
1979-09-16,0.0,15.99
1979-09-17,0.0,14.99
1979-09-18,0.66,16.02
1979-09-19,0.28,16.26
1979-09-20,2.81,15.86
1979-09-21,0.0,16.54
1979-09-22,0.0,15.84
1979-09-23,0.01,15.47
1979-09-24,0.2,15.5
1979-09-25,0.0,16.86
1979-09-26,0.11,16.2
1979-09-27,1.47,16.11
1979-09-28,0.0,16.18
1979-09-29,0.0,16.12
1979-09-30,0.0,16.35
1979-10-01,0.0,16.04
1979-10-02,0.0,16.57
1979-10-03,0.1,16.24
1979-10-04,0.32,16.45
1979-10-05,1.76,16.84
1979-10-06,0.06,16.66
1979-10-07,0.04,16.18
1979-10-08,0.01,15.78
1979-10-09,0.0,16.39
1979-10-10,0.0,16.4
1979-10-11,16.18,15.49
1979-10-12,0.01,22.58
1979-10-13,0.2,17.1
1979-10-14,2.77,15.61
1979-10-15,0.19,15.88
1979-10-16,0.02,16.12
1979-10-17,0.08,15.96
1979-10-18,1.01,16.01
1979-10-19,0.0,17.95
1979-10-20,0.06,17.91
1979-10-21,0.0,17.75
1979-10-22,0.0,17.97
1979-10-23,0.0,18.22
1979-10-24,0.0,18.85
1979-10-25,0.01,18.05
1979-10-26,0.0,16.41
1979-10-27,0.0,15.56
1979-10-28,0.36,15.63
1979-10-29,1.04,15.54
1979-10-30,0.07,16.09
1979-10-31,4.88,16.4
1979-11-01,5.8,17.11
1979-11-02,0.39,20.35
1979-11-03,0.68,16.73
1979-11-04,11.36,16.86
1979-11-05,19.66,30.85
1979-11-06,7.4,51.05
1979-11-07,6.11,50.2
1979-11-08,11.38,39.75
1979-11-09,1.88,49.52
1979-11-10,1.16,62.29
1979-11-11,0.32,41.94
1979-11-12,2.73,32.78
1979-11-13,0.06,28.49
1979-11-14,0.31,24.82
1979-11-15,0.34,24.53
1979-11-16,0.0,22.68
1979-11-17,0.02,21.51
1979-11-18,0.61,21.11
1979-11-19,0.09,20.85
1979-11-20,0.01,20.21
1979-11-21,0.0,20.17
1979-11-22,0.06,18.88
1979-11-23,0.48,18.33
1979-11-24,0.17,19.11
1979-11-25,0.11,19.16
1979-11-26,4.06,18.78
1979-11-27,0.92,21.84
1979-11-28,0.01,20.65
1979-11-29,0.12,19.17
1979-11-30,6.58,19.42
1979-12-01,2.04,27.87
1979-12-02,0.23,26.44
1979-12-03,0.43,24.05
1979-12-04,0.1,22.98
1979-12-05,3.92,21.37
1979-12-06,0.25,22.46
1979-12-07,4.91,21.56
1979-12-08,2.8,25.74
1979-12-09,5.05,26.78
1979-12-10,6.7,47.64
1979-12-11,15.58,65.52
1979-12-12,1.02,135.51
1979-12-13,7.07,95.1
1979-12-14,3.93,83.47
1979-12-15,7.34,102.77
1979-12-16,4.96,105.84
1979-12-17,3.09,120.92
1979-12-18,1.97,97.82
1979-12-19,0.17,76.86
1979-12-20,0.59,58.91
1979-12-21,0.19,53.43
1979-12-22,0.06,49.18
1979-12-23,0.78,47.79
1979-12-24,1.96,50.34
1979-12-25,2.33,52.51
1979-12-26,0.0,48.57
1979-12-27,1.48,44.46
1979-12-28,3.35,38.08
1979-12-29,6.83,47.21
1979-12-30,5.48,72.16
1979-12-31,2.48,99.33
1980-01-01,2.36,86.48
1980-01-02,0.44,77.32
1980-01-03,0.34,52.62
1980-01-04,5.48,42.12
1980-01-05,2.33,57.21
1980-01-06,4.74,72.89
1980-01-07,0.46,95.37
1980-01-08,0.02,75.33
1980-01-09,0.01,57.99
1980-01-10,0.02,47.08
1980-01-11,0.08,37.27
1980-01-12,0.0,33.23
1980-01-13,0.0,33.65
1980-01-14,0.0,32.24
1980-01-15,0.0,27.2
1980-01-16,0.0,25.06
1980-01-17,0.0,24.09
1980-01-18,0.0,23.15
1980-01-19,0.0,21.58
1980-01-20,0.01,21.46
1980-01-21,1.54,21.33
1980-01-22,0.88,22.99
1980-01-23,1.22,23.74
1980-01-24,0.28,23.97
1980-01-25,3.56,23.43
1980-01-26,3.38,24.8
1980-01-27,0.3,24.12
1980-01-28,1.89,23.17
1980-01-29,0.82,24.49
1980-01-30,3.36,24.54
1980-01-31,14.19,38.25
1980-02-01,1.9,109.8
1980-02-02,4.8,115.76
1980-02-03,10.65,117.99
1980-02-04,4.97,159.82
1980-02-05,23.03,168.16
1980-02-06,3.45,208.9
1980-02-07,0.84,240.99
1980-02-08,0.07,207.47
1980-02-09,0.05,173.61
1980-02-10,0.36,143.37
1980-02-11,4.15,118.82
1980-02-12,1.48,98.49
1980-02-13,3.14,88.06
1980-02-14,0.04,88.24
1980-02-15,3.92,77.26
1980-02-16,0.54,76.34
1980-02-17,0.04,81.74
1980-02-18,0.0,78.75
1980-02-19,0.0,57.81
1980-02-20,0.0,50.21
1980-02-21,0.0,50.66
1980-02-22,0.0,45.89
1980-02-23,0.0,42.32
1980-02-24,0.0,43.25
1980-02-25,0.0,45.27
1980-02-26,0.01,35.68
1980-02-27,0.12,36.98
1980-02-28,0.6,28.22
1980-02-29,1.09,27.2
1980-03-01,0.25,27.43
1980-03-02,1.24,30.38
1980-03-03,1.24,34.75
1980-03-04,1.79,27.41
1980-03-05,0.15,27.26
1980-03-06,3.2,25.36
1980-03-07,0.17,28.28
1980-03-08,0.03,27.94
1980-03-09,0.08,25.03
1980-03-10,1.44,23.84
1980-03-11,0.44,23.98
1980-03-12,3.78,23.84
1980-03-13,0.67,25.48
1980-03-14,0.0,27.57
1980-03-15,0.0,26.73
1980-03-16,0.0,24.41
1980-03-17,0.09,23.16
1980-03-18,0.22,23.7
1980-03-19,0.57,23.28
1980-03-20,0.0,22.87
1980-03-21,1.35,22.74
1980-03-22,0.08,23.15
1980-03-23,0.0,22.34
1980-03-24,0.12,20.77
1980-03-25,1.25,19.42
1980-03-26,2.0,21.02
1980-03-27,6.25,22.79
1980-03-28,9.03,33.26
1980-03-29,8.56,41.22
1980-03-30,2.12,61.78
1980-03-31,3.32,63.38
1980-04-01,16.03,49.57
1980-04-02,3.47,98.12
1980-04-03,1.54,128.23
1980-04-04,0.29,97.08
1980-04-05,0.0,76.27
1980-04-06,0.0,65.71
1980-04-07,0.89,59.66
1980-04-08,5.25,52.96
1980-04-09,5.67,42.9
1980-04-10,1.08,40.31
1980-04-11,0.02,40.56
1980-04-12,0.0,37.59
1980-04-13,0.0,34.08
1980-04-14,0.0,37.96
1980-04-15,0.0,29.17
1980-04-16,0.0,24.83
1980-04-17,0.0,21.76
1980-04-18,2.64,22.12
1980-04-19,4.35,28.15
1980-04-20,2.91,29.24
1980-04-21,1.01,34.12
1980-04-22,0.83,23.0
1980-04-23,0.01,22.01
1980-04-24,8.37,21.93
1980-04-25,12.35,25.12
1980-04-26,0.19,35.3
1980-04-27,4.15,49.76
1980-04-28,2.1,49.66
1980-04-29,0.27,41.81
1980-04-30,0.0,36.5
1980-05-01,0.0,39.58
1980-05-02,0.0,36.42
1980-05-03,0.0,23.46
1980-05-04,0.0,26.67
1980-05-05,0.0,23.23
1980-05-06,1.54,20.24
1980-05-07,0.23,20.61
1980-05-08,0.59,21.15
1980-05-09,0.0,19.47
1980-05-10,0.0,18.41
1980-05-11,0.0,17.89
1980-05-12,0.0,17.54
1980-05-13,0.0,17.97
1980-05-14,0.0,17.73
1980-05-15,0.0,17.11
1980-05-16,0.0,18.14
1980-05-17,0.0,17.42
1980-05-18,0.0,17.36
1980-05-19,0.0,17.88
1980-05-20,0.01,17.63
1980-05-21,0.0,17.42
1980-05-22,0.0,17.59
1980-05-23,0.23,17.69
1980-05-24,0.78,17.91
1980-05-25,0.19,17.54
1980-05-26,0.01,17.32
1980-05-27,5.8,17.03
1980-05-28,0.12,20.69
1980-05-29,14.75,18.27
1980-05-30,5.67,26.32
1980-05-31,1.48,20.5
1980-06-01,0.48,18.37
1980-06-02,0.02,17.51
1980-06-03,1.15,17.23
1980-06-04,0.0,17.31
1980-06-05,0.0,16.98
1980-06-06,1.13,17.02
1980-06-07,0.2,17.82
1980-06-08,0.01,16.69
1980-06-09,5.24,16.28
1980-06-10,4.84,18.58
1980-06-11,0.8,28.82
1980-06-12,0.0,19.15
1980-06-13,0.0,17.33
1980-06-14,8.51,17.65
1980-06-15,0.93,22.39
1980-06-16,1.58,20.39
1980-06-17,4.36,18.32
1980-06-18,0.95,18.2
1980-06-19,3.55,17.6
1980-06-20,4.87,17.47
1980-06-21,0.7,18.25
1980-06-22,4.86,16.58
1980-06-23,3.08,18.55
1980-06-24,12.73,19.99
1980-06-25,6.13,27.68
1980-06-26,8.13,25.31
1980-06-27,6.4,22.33
1980-06-28,5.94,20.87
1980-06-29,7.13,20.98
1980-06-30,2.59,19.53
1980-07-01,9.25,20.12
1980-07-02,15.48,23.73
1980-07-03,1.1,37.44
1980-07-04,1.04,28.25
1980-07-05,0.82,20.75
1980-07-06,1.61,17.88
1980-07-07,4.73,17.89
1980-07-08,5.15,18.6
1980-07-09,10.57,27.04
1980-07-10,13.85,44.23
1980-07-11,5.74,66.6
1980-07-12,5.57,62.76
1980-07-13,4.36,48.26
1980-07-14,12.36,65.37
1980-07-15,0.35,105.4
1980-07-16,1.03,66.35
1980-07-17,0.44,36.93
1980-07-18,5.83,31.09
1980-07-19,6.66,35.63
1980-07-20,27.71,50.27
1980-07-21,11.67,155.52
1980-07-22,0.06,236.02
1980-07-23,0.0,181.4
1980-07-24,0.0,109.31
1980-07-25,0.0,72.75
1980-07-26,0.03,49.44
1980-07-27,0.06,44.51
1980-07-28,0.0,40.27
1980-07-29,0.0,26.46
1980-07-30,4.29,26.28
1980-07-31,0.0,24.36
1980-08-01,0.0,21.34
1980-08-02,0.05,20.62
1980-08-03,10.62,20.78
1980-08-04,0.04,43.32
1980-08-05,0.36,25.82
1980-08-06,0.0,21.17
1980-08-07,0.1,19.74
1980-08-08,5.87,19.2
1980-08-09,0.0,18.96
1980-08-10,0.0,18.14
1980-08-11,10.77,24.23
1980-08-12,5.63,22.36
1980-08-13,0.03,22.82
1980-08-14,0.0,19.66
1980-08-15,0.09,19.21
1980-08-16,3.13,18.73
1980-08-17,0.0,18.29
1980-08-18,6.3,18.53
1980-08-19,3.33,20.61
1980-08-20,0.27,19.73
1980-08-21,3.86,20.03
1980-08-22,3.56,20.53
1980-08-23,1.89,19.77
1980-08-24,2.91,18.96
1980-08-25,0.02,19.52
1980-08-26,0.0,18.87
1980-08-27,0.01,19.09
1980-08-28,0.44,18.65
1980-08-29,4.83,18.7
1980-08-30,13.63,20.59
1980-08-31,3.28,26.2
1980-09-01,0.21,22.09
1980-09-02,0.01,19.95
1980-09-03,0.0,18.94
1980-09-04,0.0,18.73
1980-09-05,2.47,18.26
1980-09-06,2.07,18.9
1980-09-07,0.0,18.43
1980-09-08,25.9,18.02
1980-09-09,3.04,35.15
1980-09-10,9.83,36.79
1980-09-11,2.46,40.08
1980-09-12,1.24,40.67
1980-09-13,4.52,32.05
1980-09-14,9.48,26.67
1980-09-15,1.72,43.15
1980-09-16,0.61,39.02
1980-09-17,3.23,30.16
1980-09-18,0.0,23.78
1980-09-19,0.0,23.45
1980-09-20,0.0,20.55
1980-09-21,0.0,20.45
1980-09-22,0.19,21.63
1980-09-23,0.05,19.13
1980-09-24,1.81,18.89
1980-09-25,0.01,18.36
1980-09-26,0.06,18.3
1980-09-27,0.0,18.07
1980-09-28,0.0,17.81
1980-09-29,0.05,17.95
1980-09-30,0.27,18.45
1980-10-01,0.5,18.77
1980-10-02,0.0,18.75
1980-10-03,0.01,18.9
1980-10-04,0.52,18.7
1980-10-05,0.3,18.59
1980-10-06,6.11,18.66
1980-10-07,10.98,25.3
1980-10-08,0.51,25.71
1980-10-09,2.4,19.7
1980-10-10,0.02,20.57
1980-10-11,0.08,20.36
1980-10-12,0.0,19.45
1980-10-13,0.0,18.71
1980-10-14,0.08,19.25
1980-10-15,0.0,19.05
1980-10-16,0.87,19.34
1980-10-17,1.81,19.61
1980-10-18,0.7,19.74
1980-10-19,3.31,19.66
1980-10-20,0.01,20.71
1980-10-21,0.0,20.35
1980-10-22,0.63,20.12
1980-10-23,2.34,20.34
1980-10-24,3.79,19.68
1980-10-25,0.46,19.59
1980-10-26,2.01,18.22
1980-10-27,1.04,18.27
1980-10-28,4.27,18.94
1980-10-29,2.26,19.46
1980-10-30,0.0,19.28
1980-10-31,0.0,18.27
1980-11-01,0.0,18.18
1980-11-02,0.0,18.03
1980-11-03,0.03,18.02
1980-11-04,0.07,18.2
1980-11-05,0.0,18.4
1980-11-06,14.67,18.15
1980-11-07,3.25,18.91
1980-11-08,0.03,19.11
1980-11-09,0.02,18.76
1980-11-10,0.14,18.4
1980-11-11,1.42,20.47
1980-11-12,0.46,27.04
1980-11-13,0.13,33.73
1980-11-14,5.08,28.67
1980-11-15,12.73,33.24
1980-11-16,2.52,68.89
1980-11-17,6.27,91.26
1980-11-18,2.72,67.58
1980-11-19,3.54,61.51
1980-11-20,0.03,55.63
1980-11-21,0.03,49.72
1980-11-22,2.41,35.52
1980-11-23,0.7,32.03
1980-11-24,0.77,40.7
1980-11-25,2.43,32.92
1980-11-26,0.19,30.98
1980-11-27,1.63,27.9
1980-11-28,7.69,27.32
1980-11-29,3.34,34.85
1980-11-30,0.35,40.56
1980-12-01,0.14,39.99
1980-12-02,5.81,34.11
1980-12-03,2.13,27.94
1980-12-04,2.39,25.4
1980-12-05,11.07,25.63
1980-12-06,1.44,52.07
1980-12-07,0.01,73.78
1980-12-08,0.03,50.99
1980-12-09,0.0,32.55
1980-12-10,0.22,28.47
1980-12-11,4.0,28.94
1980-12-12,0.09,60.09
1980-12-13,0.66,71.89
1980-12-14,4.71,63.64
1980-12-15,4.28,76.49
1980-12-16,0.46,75.27
1980-12-17,4.04,64.18
1980-12-18,4.98,63.15
1980-12-19,0.13,85.28
1980-12-20,2.28,66.93
1980-12-21,1.95,63.33
1980-12-22,1.23,67.68
1980-12-23,2.25,53.74
1980-12-24,0.08,74.64
1980-12-25,3.34,76.05
1980-12-26,2.14,68.69
1980-12-27,0.19,56.47
1980-12-28,0.5,50.66
1980-12-29,0.48,50.22
1980-12-30,0.26,43.57
1980-12-31,4.17,44.52
1981-01-01,4.94,55.31
1981-01-02,22.73,75.48
1981-01-03,10.25,144.67
1981-01-04,3.54,206.36
1981-01-05,1.75,196.16
1981-01-06,0.97,156.1
1981-01-07,0.75,116.36
1981-01-08,0.73,89.26
1981-01-09,6.21,77.04
1981-01-10,2.43,86.03
1981-01-11,0.0,116.12
1981-01-12,5.04,104.25
1981-01-13,0.49,77.9
1981-01-14,18.63,68.43
1981-01-15,2.7,142.77
1981-01-16,5.5,162.39
1981-01-17,5.24,126.47
1981-01-18,2.43,165.61
1981-01-19,7.72,172.44
1981-01-20,0.24,181.1
1981-01-21,0.0,151.26
1981-01-22,0.0,109.6
1981-01-23,0.01,88.85
1981-01-24,0.38,81.12
1981-01-25,1.42,75.78
1981-01-26,0.21,79.93
1981-01-27,0.03,74.25
1981-01-28,0.03,65.24
1981-01-29,0.01,58.64
1981-01-30,0.02,54.63
1981-01-31,0.0,51.02
1981-02-01,0.0,47.01
1981-02-02,2.69,54.85
1981-02-03,9.05,50.5
1981-02-04,3.33,71.19
1981-02-05,3.63,84.71
1981-02-06,2.32,81.51
1981-02-07,0.9,83.71
1981-02-08,5.36,91.63
1981-02-09,0.34,115.58
1981-02-10,4.48,109.96
1981-02-11,1.82,110.04
1981-02-12,0.77,96.54
1981-02-13,0.0,85.01
1981-02-14,0.0,72.3
1981-02-15,0.0,64.89
1981-02-16,0.07,64.97
1981-02-17,0.62,51.03
1981-02-18,0.76,49.61
1981-02-19,2.03,47.41
1981-02-20,1.18,45.18
1981-02-21,0.0,41.61
1981-02-22,0.0,40.44
1981-02-23,0.03,48.09
1981-02-24,0.34,35.4
1981-02-25,0.02,33.9
1981-02-26,0.0,29.73
1981-02-27,0.0,30.2
1981-02-28,4.59,28.26
1981-03-01,2.69,33.03
1981-03-02,4.2,43.17
1981-03-03,1.89,54.86
1981-03-04,0.17,66.81
1981-03-05,0.73,51.48
1981-03-06,2.23,43.62
1981-03-07,2.1,46.52
1981-03-08,5.32,49.87
1981-03-09,33.03,75.22
1981-03-10,13.36,198.39
1981-03-11,18.15,291.42
1981-03-12,8.62,315.78
1981-03-13,4.17,323.53
1981-03-14,4.96,275.54
1981-03-15,1.67,276.29
1981-03-16,2.52,240.16
1981-03-17,5.65,201.8
1981-03-18,0.21,182.17
1981-03-19,0.01,163.17
1981-03-20,0.0,135.01
1981-03-21,0.0,117.23
1981-03-22,0.66,104.05
1981-03-23,9.14,96.7
1981-03-24,5.17,89.64
1981-03-25,2.17,89.52
1981-03-26,4.34,99.29
1981-03-27,0.0,88.6
1981-03-28,0.0,78.9
1981-03-29,0.0,71.76
1981-03-30,0.01,70.19
1981-03-31,0.01,53.63
1981-04-01,0.11,50.17
1981-04-02,0.03,49.38
1981-04-03,0.0,45.59
1981-04-04,0.85,40.72
1981-04-05,0.18,40.83
1981-04-06,0.0,49.33
1981-04-07,2.41,37.19
1981-04-08,0.38,37.04
1981-04-09,0.0,32.24
1981-04-10,0.0,31.68
1981-04-11,0.05,27.74
1981-04-12,12.19,31.08
1981-04-13,0.11,41.98
1981-04-14,0.0,44.16
1981-04-15,0.0,30.3
1981-04-16,0.0,26.64
1981-04-17,0.0,24.58
1981-04-18,1.17,29.44
1981-04-19,5.94,34.74
1981-04-20,0.03,42.81
1981-04-21,0.07,34.67
1981-04-22,0.59,20.29
1981-04-23,0.74,19.97
1981-04-24,0.0,20.08
1981-04-25,0.0,19.9
1981-04-26,0.0,20.34
1981-04-27,0.0,28.81
1981-04-28,4.9,22.09
1981-04-29,2.72,21.89
1981-04-30,13.47,21.57
1981-05-01,0.51,29.41
1981-05-02,1.08,44.52
1981-05-03,0.23,31.3
1981-05-04,2.91,27.2
1981-05-05,2.65,27.6
1981-05-06,1.11,30.45
1981-05-07,0.0,23.16
1981-05-08,0.21,19.0
1981-05-09,0.0,18.45
1981-05-10,0.0,17.94
1981-05-11,0.11,17.63
1981-05-12,2.09,17.86
1981-05-13,2.72,18.16
1981-05-14,2.11,18.12
1981-05-15,0.01,18.35
1981-05-16,5.78,17.8
1981-05-17,2.27,18.76
1981-05-18,0.0,17.32
1981-05-19,4.42,18.08
1981-05-20,0.0,17.96
1981-05-21,0.66,17.74
1981-05-22,1.47,18.11
1981-05-23,4.03,18.1
1981-05-24,3.06,19.37
1981-05-25,0.29,18.93
1981-05-26,4.02,18.1
1981-05-27,11.84,18.16
1981-05-28,2.43,21.5
1981-05-29,0.14,26.41
1981-05-30,0.15,18.26
1981-05-31,7.9,17.62
1981-06-01,1.84,18.3
1981-06-02,12.46,18.33
1981-06-03,17.17,21.13
1981-06-04,2.5,58.02
1981-06-05,4.28,57.28
1981-06-06,0.82,42.16
1981-06-07,0.17,42.24
1981-06-08,2.31,38.31
1981-06-09,1.41,34.37
1981-06-10,0.07,22.71
1981-06-11,3.13,20.04
1981-06-12,0.24,18.44
1981-06-13,0.0,16.81
1981-06-14,0.17,16.41
1981-06-15,0.28,16.0
1981-06-16,1.18,16.62
1981-06-17,10.59,16.87
1981-06-18,2.69,18.87
1981-06-19,0.04,16.69
1981-06-20,1.77,16.36
1981-06-21,4.08,16.29
1981-06-22,0.0,18.44
1981-06-23,0.0,17.16
1981-06-24,0.44,16.79
1981-06-25,2.32,17.91
1981-06-26,3.31,18.3
1981-06-27,5.45,18.52
1981-06-28,19.45,16.8
1981-06-29,66.24,71.77
1981-06-30,3.21,237.85
1981-07-01,0.13,241.63
1981-07-02,5.29,166.99
1981-07-03,6.06,151.63
1981-07-04,0.02,160.32
1981-07-05,0.15,127.01
1981-07-06,0.25,99.35
1981-07-07,0.0,76.72
1981-07-08,0.0,52.25
1981-07-09,1.55,42.84
1981-07-10,2.46,41.06
1981-07-11,2.54,36.99
1981-07-12,0.91,33.23
1981-07-13,0.18,33.56
1981-07-14,0.51,26.46
1981-07-15,5.77,24.64
1981-07-16,2.54,25.23
1981-07-17,1.53,24.63
1981-07-18,0.68,21.92
1981-07-19,2.22,21.22
1981-07-20,3.0,28.74
1981-07-21,12.77,23.7
1981-07-22,0.97,36.74
1981-07-23,2.65,28.88
1981-07-24,1.55,24.18
1981-07-25,12.66,23.38
1981-07-26,3.18,39.62
1981-07-27,0.19,35.86
1981-07-28,0.99,28.42
1981-07-29,0.17,24.91
1981-07-30,0.0,21.72
1981-07-31,0.17,19.66
1981-08-01,0.26,18.89
1981-08-02,15.39,27.43
1981-08-03,0.02,59.68
1981-08-04,0.0,35.68
1981-08-05,0.06,22.96
1981-08-06,0.0,20.51
1981-08-07,14.32,19.25
1981-08-08,0.04,22.72
1981-08-09,0.23,60.81
1981-08-10,17.23,50.2
1981-08-11,0.01,47.97
1981-08-12,0.0,52.44
1981-08-13,0.0,43.41
1981-08-14,0.0,36.35
1981-08-15,0.03,29.95
1981-08-16,0.69,26.59
1981-08-17,0.2,29.92
1981-08-18,0.06,21.38
1981-08-19,13.64,19.43
1981-08-20,7.57,26.96
1981-08-21,2.47,32.03
1981-08-22,3.3,27.68
1981-08-23,2.56,26.41
1981-08-24,0.09,33.49
1981-08-25,0.47,24.46
1981-08-26,1.68,22.17
1981-08-27,2.38,19.9
1981-08-28,0.5,19.01
1981-08-29,0.05,18.21
1981-08-30,0.0,17.48
1981-08-31,0.0,21.09
1981-09-01,0.0,17.81
1981-09-02,0.0,17.49
1981-09-03,0.0,17.44
1981-09-04,0.0,17.22
1981-09-05,0.0,16.94
1981-09-06,0.0,16.79
1981-09-07,0.03,16.72
1981-09-08,2.53,17.57
1981-09-09,0.72,18.66
1981-09-10,0.0,17.8
1981-09-11,5.26,17.84
1981-09-12,2.3,22.12
1981-09-13,0.71,20.39
1981-09-14,1.04,17.3
1981-09-15,2.18,17.59
1981-09-16,0.96,19.07
1981-09-17,0.17,17.55
1981-09-18,2.42,17.19
1981-09-19,2.32,17.6
1981-09-20,8.33,18.43
1981-09-21,4.71,27.12
1981-09-22,16.6,25.33
1981-09-23,2.94,26.15
1981-09-24,0.15,22.5
1981-09-25,0.21,19.53
1981-09-26,1.08,18.71
1981-09-27,0.62,18.14
1981-09-28,1.41,17.83
1981-09-29,0.0,18.03
1981-09-30,0.0,17.73
1981-10-01,0.0,17.59
1981-10-02,1.89,17.73
1981-10-03,3.06,18.47
1981-10-04,3.93,19.84
1981-10-05,5.75,20.67
1981-10-06,10.57,21.48
1981-10-07,2.09,37.34
1981-10-08,0.06,35.16
1981-10-09,4.9,22.63
1981-10-10,7.82,28.97
1981-10-11,10.48,35.52
1981-10-12,4.48,65.22
1981-10-13,7.74,59.8
1981-10-14,0.21,66.08
1981-10-15,4.85,56.28
1981-10-16,0.04,45.66
1981-10-17,4.86,41.01
1981-10-18,4.46,40.41
1981-10-19,4.72,46.32
1981-10-20,4.97,60.07
1981-10-21,0.45,76.95
1981-10-22,0.0,62.46
1981-10-23,0.09,49.06
1981-10-24,0.42,38.56
1981-10-25,0.73,37.44
1981-10-26,0.32,38.23
1981-10-27,0.76,30.03
1981-10-28,3.86,26.89
1981-10-29,9.5,27.38
1981-10-30,4.05,65.82
1981-10-31,0.98,61.11
1981-11-01,1.57,58.9
1981-11-02,2.96,49.13
1981-11-03,0.42,48.73
1981-11-04,2.02,42.18
1981-11-05,0.88,42.22
1981-11-06,0.29,40.08
1981-11-07,0.07,30.9
1981-11-08,0.27,30.41
1981-11-09,0.01,30.7
1981-11-10,3.16,26.81
1981-11-11,5.09,27.31
1981-11-12,1.71,32.92
1981-11-13,6.4,34.06
1981-11-14,1.68,37.34
1981-11-15,0.02,47.72
1981-11-16,0.0,50.43
1981-11-17,0.6,45.58
1981-11-18,8.41,37.54
1981-11-19,1.81,44.24
1981-11-20,3.0,55.36
1981-11-21,13.58,53.45
1981-11-22,0.05,99.54
1981-11-23,2.81,124.07
1981-11-24,5.23,94.0
1981-11-25,8.41,82.16
1981-11-26,7.87,100.51
1981-11-27,14.5,142.5
1981-11-28,4.98,188.09
1981-11-29,5.25,200.57
1981-11-30,19.26,195.6
1981-12-01,2.91,234.82
1981-12-02,0.32,240.29
1981-12-03,10.66,188.03
1981-12-04,14.78,175.23
1981-12-05,2.93,235.64
1981-12-06,4.37,213.73
1981-12-07,5.55,198.68
1981-12-08,13.76,200.42
1981-12-09,0.84,213.21
1981-12-10,0.25,199.8
1981-12-11,5.72,167.19
1981-12-12,0.16,147.43
1981-12-13,1.57,129.04
1981-12-14,6.88,116.0
1981-12-15,0.6,114.04
1981-12-16,0.03,97.99
1981-12-17,0.02,82.47
1981-12-18,1.27,69.15
1981-12-19,0.47,61.92
1981-12-20,0.04,59.14
1981-12-21,1.65,58.24
1981-12-22,0.13,52.15
1981-12-23,0.44,50.91
1981-12-24,1.79,53.45
1981-12-25,1.31,58.41
1981-12-26,1.12,55.98
1981-12-27,0.01,59.61
1981-12-28,1.56,57.3
1981-12-29,0.96,38.53
1981-12-30,3.42,75.9
1981-12-31,3.01,143.45
1982-01-01,0.37,186.62
1982-01-02,2.3,168.16
1982-01-03,0.62,135.4
1982-01-04,11.96,125.76
1982-01-05,12.41,150.47
1982-01-06,0.5,216.34
1982-01-07,0.09,199.8
1982-01-08,1.1,150.07
1982-01-09,1.35,123.59
1982-01-10,0.0,105.62
1982-01-11,0.0,81.68
1982-01-12,0.0,75.98
1982-01-13,0.0,60.12
1982-01-14,0.0,55.22
1982-01-15,0.0,52.94
1982-01-16,0.0,50.98
1982-01-17,0.0,48.86
1982-01-18,0.0,45.72
1982-01-19,0.0,39.74
1982-01-20,0.43,37.08
1982-01-21,2.2,39.13
1982-01-22,0.44,45.38
1982-01-23,0.23,43.53
1982-01-24,1.4,34.3
1982-01-25,0.64,36.77
1982-01-26,3.5,40.38
1982-01-27,0.86,58.04
1982-01-28,13.31,54.68
1982-01-29,8.66,77.12
1982-01-30,17.98,150.69
1982-01-31,0.03,202.85
1982-02-01,0.0,209.56
1982-02-02,0.0,178.48
1982-02-03,0.0,155.16
1982-02-04,0.09,136.75
1982-02-05,0.6,105.42
1982-02-06,1.43,91.54
1982-02-07,1.43,87.05
1982-02-08,0.68,93.36
1982-02-09,0.0,80.2
1982-02-10,0.0,70.73
1982-02-11,0.4,63.31
1982-02-12,0.03,57.84
1982-02-13,0.18,56.25
1982-02-14,8.91,60.3
1982-02-15,0.45,73.91
1982-02-16,1.38,70.66
1982-02-17,0.01,58.88
1982-02-18,0.0,52.27
1982-02-19,0.03,46.18
1982-02-20,0.0,41.69
1982-02-21,0.0,41.58
1982-02-22,0.0,45.42
1982-02-23,0.0,35.45
1982-02-24,0.0,33.74
1982-02-25,0.0,32.51
1982-02-26,0.0,30.13
1982-02-27,0.02,27.12
1982-02-28,1.07,27.7
1982-03-01,5.98,36.11
1982-03-02,3.17,37.58
1982-03-03,17.07,51.44
1982-03-04,3.53,133.89
1982-03-05,0.37,135.69
1982-03-06,0.0,92.52
1982-03-07,0.0,69.15
1982-03-08,0.0,61.31
1982-03-09,0.16,50.35
1982-03-10,6.65,51.99
1982-03-11,2.78,63.12
1982-03-12,2.76,63.05
1982-03-13,1.32,68.51
1982-03-14,0.05,58.0
1982-03-15,1.26,55.17
1982-03-16,3.16,47.2
1982-03-17,3.7,43.97
1982-03-18,0.29,50.02
1982-03-19,0.14,46.05
1982-03-20,0.76,40.38
1982-03-21,0.01,39.19
1982-03-22,0.0,41.55
1982-03-23,0.0,32.45
1982-03-24,0.0,27.41
1982-03-25,0.0,24.63
1982-03-26,0.0,22.04
1982-03-27,0.0,21.89
1982-03-28,0.0,21.23
1982-03-29,4.41,26.67
1982-03-30,0.35,22.65
1982-03-31,0.0,23.38
1982-04-01,0.0,23.19
1982-04-02,2.31,22.12
1982-04-03,0.2,22.62
1982-04-04,0.0,22.6
1982-04-05,0.0,21.56
1982-04-06,2.8,20.52
1982-04-07,4.78,23.06
1982-04-08,8.34,27.82
1982-04-09,2.33,27.84
1982-04-10,4.54,34.17
1982-04-11,1.92,38.71
1982-04-12,3.59,44.08
1982-04-13,0.96,34.36
1982-04-14,0.05,27.83
1982-04-15,0.01,25.09
1982-04-16,0.0,22.17
1982-04-17,0.0,20.1
1982-04-18,0.0,20.12
1982-04-19,0.0,20.5
1982-04-20,0.0,20.83
1982-04-21,0.0,20.3
1982-04-22,0.0,19.75
1982-04-23,3.78,18.96
1982-04-24,0.57,18.46
1982-04-25,0.19,18.59
1982-04-26,0.3,18.5
1982-04-27,0.06,18.48
1982-04-28,0.32,18.75
1982-04-29,4.97,18.52
1982-04-30,4.89,20.09
1982-05-01,6.34,22.03
1982-05-02,0.26,34.44
1982-05-03,9.58,22.43
1982-05-04,3.57,32.36
1982-05-05,4.06,32.05
1982-05-06,6.22,30.97
1982-05-07,2.64,27.86
1982-05-08,0.01,25.03
1982-05-09,1.56,27.51
1982-05-10,0.97,25.71
1982-05-11,0.0,22.51
1982-05-12,0.0,22.63
1982-05-13,0.0,22.41
1982-05-14,0.0,18.89
1982-05-15,0.0,18.18
1982-05-16,2.73,18.0
1982-05-17,1.18,20.37
1982-05-18,11.28,19.72
1982-05-19,0.38,39.26
1982-05-20,2.35,25.91
1982-05-21,0.71,22.1
1982-05-22,5.57,19.3
1982-05-23,7.94,22.36
1982-05-24,1.53,23.57
1982-05-25,0.0,22.14
1982-05-26,0.0,20.08
1982-05-27,3.99,19.22
1982-05-28,0.16,19.01
1982-05-29,0.0,17.88
1982-05-30,0.0,17.43
1982-05-31,0.0,17.23
1982-06-01,0.0,17.71
1982-06-02,0.0,18.01
1982-06-03,1.42,17.8
1982-06-04,0.0,18.33
1982-06-05,2.98,18.71
1982-06-06,0.19,19.56
1982-06-07,0.0,19.16
1982-06-08,0.0,18.15
1982-06-09,0.0,17.97
1982-06-10,0.1,17.47
1982-06-11,15.17,18.16
1982-06-12,3.31,24.87
1982-06-13,6.35,18.71
1982-06-14,1.54,18.52
1982-06-15,0.95,17.61
1982-06-16,6.88,18.74
1982-06-17,0.01,18.71
1982-06-18,4.14,17.18
1982-06-19,5.77,18.87
1982-06-20,0.04,19.16
1982-06-21,0.13,17.2
1982-06-22,14.06,17.41
1982-06-23,2.12,22.23
1982-06-24,0.82,18.46
1982-06-25,2.55,17.58
1982-06-26,1.68,17.9
1982-06-27,5.57,18.0
1982-06-28,5.46,20.84
1982-06-29,8.21,19.09
1982-06-30,1.77,22.01
1982-07-01,0.11,19.8
1982-07-02,3.78,18.04
1982-07-03,17.76,19.98
1982-07-04,0.38,27.42
1982-07-05,0.03,23.86
1982-07-06,0.24,17.74
1982-07-07,0.0,16.94
1982-07-08,0.0,16.81
1982-07-09,0.01,16.77
1982-07-10,0.0,16.92
1982-07-11,0.0,16.61
1982-07-12,0.0,16.69
1982-07-13,0.0,17.36
1982-07-14,0.1,17.6
1982-07-15,4.87,17.89
1982-07-16,0.45,18.78
1982-07-17,0.0,18.62
1982-07-18,0.0,18.06
1982-07-19,0.0,17.52
1982-07-20,0.0,17.02
1982-07-21,0.0,17.12
1982-07-22,0.0,17.05
1982-07-23,0.15,16.97
1982-07-24,0.12,17.01
1982-07-25,0.39,16.42
1982-07-26,0.64,16.48
1982-07-27,0.16,16.68
1982-07-28,0.13,16.41
1982-07-29,0.0,16.5
1982-07-30,0.0,16.23
1982-07-31,0.0,16.31
1982-08-01,0.27,16.28
1982-08-02,0.0,16.61
1982-08-03,0.0,16.94
1982-08-04,3.54,17.06
1982-08-05,4.72,22.02
1982-08-06,0.25,17.81
1982-08-07,20.0,16.54
1982-08-08,0.6,16.53
1982-08-09,2.51,20.26
1982-08-10,0.77,18.15
1982-08-11,0.0,15.85
1982-08-12,3.89,15.7
1982-08-13,3.85,18.73
1982-08-14,0.98,17.03
1982-08-15,3.63,15.94
1982-08-16,0.02,15.46
1982-08-17,4.49,15.68
1982-08-18,11.62,17.37
1982-08-19,0.18,20.68
1982-08-20,1.53,17.54
1982-08-21,0.52,16.56
1982-08-22,0.05,15.46
1982-08-23,1.85,15.36
1982-08-24,3.39,16.27
1982-08-25,1.97,16.77
1982-08-26,14.59,17.81
1982-08-27,2.37,19.52
1982-08-28,0.01,16.71
1982-08-29,0.0,15.43
1982-08-30,0.42,15.33
1982-08-31,0.42,16.12
1982-09-01,2.37,16.49
1982-09-02,1.49,16.84
1982-09-03,0.0,16.83
1982-09-04,0.0,16.18
1982-09-05,3.42,15.58
1982-09-06,3.45,17.44
1982-09-07,0.14,18.16
1982-09-08,0.01,16.14
1982-09-09,0.0,15.84
1982-09-10,0.0,15.89
1982-09-11,0.0,15.89
1982-09-12,0.0,15.26
1982-09-13,0.0,15.05
1982-09-14,0.0,15.63
1982-09-15,0.0,15.88
1982-09-16,0.0,15.9
1982-09-17,0.0,16.46
1982-09-18,0.6,16.0
1982-09-19,0.04,15.51
1982-09-20,1.24,15.12
1982-09-21,3.06,16.52
1982-09-22,0.01,16.96
1982-09-23,0.16,15.53
1982-09-24,0.02,15.13
1982-09-25,0.01,14.93
1982-09-26,3.44,14.78
1982-09-27,0.03,15.25
1982-09-28,0.0,14.74
1982-09-29,0.0,14.96
1982-09-30,5.39,15.64
1982-10-01,0.09,19.04
1982-10-02,0.0,15.47
1982-10-03,0.02,14.74
1982-10-04,0.02,14.8
1982-10-05,1.2,15.14
1982-10-06,15.81,15.3
1982-10-07,2.18,22.83
1982-10-08,3.34,18.64
1982-10-09,0.92,18.19
1982-10-10,1.16,15.52
1982-10-11,8.42,15.76
1982-10-12,3.07,19.8
1982-10-13,8.38,18.09
1982-10-14,2.67,19.01
1982-10-15,1.65,16.62
1982-10-16,0.4,15.74
1982-10-17,1.22,15.34
1982-10-18,0.14,15.43
1982-10-19,0.0,16.14
1982-10-20,0.0,15.86
1982-10-21,0.0,16.22
1982-10-22,0.03,15.99
1982-10-23,24.81,16.63
1982-10-24,1.4,36.92
1982-10-25,0.01,18.87
1982-10-26,0.29,16.98
1982-10-27,0.28,16.69
1982-10-28,0.0,16.48
1982-10-29,0.0,15.97
1982-10-30,0.0,15.91
1982-10-31,0.0,15.48
1982-11-01,0.0,15.29
1982-11-02,0.03,15.56
1982-11-03,0.01,15.98
1982-11-04,0.04,15.95
1982-11-05,0.0,16.01
1982-11-06,0.0,15.73
1982-11-07,1.33,15.45
1982-11-08,0.2,15.67
1982-11-09,0.42,15.7
1982-11-10,0.13,16.04
1982-11-11,0.0,15.73
1982-11-12,3.59,15.79
1982-11-13,4.43,17.77
1982-11-14,6.07,17.66
1982-11-15,2.74,19.68
1982-11-16,7.45,18.41
1982-11-17,9.61,21.64
1982-11-18,8.54,20.78
1982-11-19,0.1,22.58
1982-11-20,0.35,19.07
1982-11-21,0.27,17.66
1982-11-22,2.19,17.8
1982-11-23,0.51,18.22
1982-11-24,0.56,17.27
1982-11-25,2.36,17.17
1982-11-26,1.11,17.87
1982-11-27,5.39,17.32
1982-11-28,0.03,18.39
1982-11-29,0.0,16.43
1982-11-30,0.0,16.44
1982-12-01,0.0,16.42
1982-12-02,0.0,16.22
1982-12-03,0.02,16.24
1982-12-04,0.03,16.47
1982-12-05,5.44,15.99
1982-12-06,1.31,18.32
1982-12-07,4.81,17.28
1982-12-08,0.21,20.45
1982-12-09,5.63,18.75
1982-12-10,3.24,22.2
1982-12-11,7.85,40.73
1982-12-12,0.02,39.52
1982-12-13,0.04,35.29
1982-12-14,1.8,24.01
1982-12-15,13.03,27.67
1982-12-16,2.55,61.06
1982-12-17,0.82,68.77
1982-12-18,0.02,41.85
1982-12-19,6.62,36.1
1982-12-20,2.91,39.72
1982-12-21,1.99,37.61
1982-12-22,5.74,45.33
1982-12-23,0.31,52.91
1982-12-24,0.69,53.94
1982-12-25,0.79,42.65
1982-12-26,0.82,36.98
1982-12-27,3.02,39.46
1982-12-28,2.11,28.73
1982-12-29,0.02,26.22
1982-12-30,0.0,25.27
1982-12-31,0.02,27.65
1983-01-01,0.83,33.24
1983-01-02,0.42,33.46
1983-01-03,13.51,29.01
1983-01-04,5.48,53.31
1983-01-05,2.31,102.1
1983-01-06,3.99,79.33
1983-01-07,4.19,59.95
1983-01-08,1.07,61.02
1983-01-09,3.85,60.12
1983-01-10,1.59,67.01
1983-01-11,0.01,58.92
1983-01-12,0.0,49.91
1983-01-13,3.66,42.73
1983-01-14,10.1,45.82
1983-01-15,9.43,95.71
1983-01-16,2.37,138.94
1983-01-17,2.65,117.7
1983-01-18,2.19,86.76
1983-01-19,5.27,77.02
1983-01-20,0.81,73.54
1983-01-21,1.15,66.81
1983-01-22,0.01,80.61
1983-01-23,0.02,68.05
1983-01-24,0.08,57.99
1983-01-25,4.46,52.12
1983-01-26,0.58,56.97
1983-01-27,1.41,56.4
1983-01-28,3.19,52.6
1983-01-29,1.01,52.31
1983-01-30,9.05,53.3
1983-01-31,9.69,77.55
1983-02-01,13.32,111.43
1983-02-02,3.5,184.56
1983-02-03,4.13,173.89
1983-02-04,0.46,144.07
1983-02-05,7.02,119.05
1983-02-06,3.48,111.82
1983-02-07,1.73,139.45
1983-02-08,2.57,114.57
1983-02-09,0.05,84.71
1983-02-10,2.59,69.91
1983-02-11,0.46,60.61
1983-02-12,0.26,57.87
1983-02-13,0.0,52.33
1983-02-14,0.0,47.9
1983-02-15,0.0,43.57
1983-02-16,0.0,38.26
1983-02-17,0.0,32.72
1983-02-18,0.0,27.24
1983-02-19,0.47,26.92
1983-02-20,0.28,28.17
1983-02-21,0.0,37.88
1983-02-22,0.0,26.31
1983-02-23,0.0,25.03
1983-02-24,0.0,23.91
1983-02-25,1.17,22.98
1983-02-26,2.43,24.34
1983-02-27,3.76,26.25
1983-02-28,1.99,49.06
1983-03-01,0.36,56.98
1983-03-02,0.01,50.19
1983-03-03,0.01,44.46
1983-03-04,0.01,38.06
1983-03-05,0.08,34.54
1983-03-06,0.82,37.8
1983-03-07,0.29,35.96
1983-03-08,0.0,32.85
1983-03-09,0.0,27.53
1983-03-10,0.04,25.99
1983-03-11,0.12,24.1
1983-03-12,0.0,22.5
1983-03-13,0.16,21.39
1983-03-14,2.91,21.33
1983-03-15,0.47,23.16
1983-03-16,0.05,22.36
1983-03-17,3.86,21.88
1983-03-18,7.87,25.48
1983-03-19,6.14,33.14
1983-03-20,4.22,51.77
1983-03-21,5.45,53.88
1983-03-22,5.37,68.86
1983-03-23,7.85,78.88
1983-03-24,0.49,105.72
1983-03-25,4.96,91.94
1983-03-26,4.49,84.02
1983-03-27,4.46,94.63
1983-03-28,3.2,86.85
1983-03-29,2.7,78.12
1983-03-30,3.1,77.53
1983-03-31,0.35,83.25
1983-04-01,3.01,74.97
1983-04-02,3.94,73.58
1983-04-03,0.07,75.31
1983-04-04,0.11,71.82
1983-04-05,7.35,54.3
1983-04-06,8.61,67.02
1983-04-07,0.99,91.34
1983-04-08,3.64,84.1
1983-04-09,0.04,77.27
1983-04-10,4.99,66.18
1983-04-11,10.75,67.67
1983-04-12,7.16,107.52
1983-04-13,1.74,125.7
1983-04-14,5.53,107.88
1983-04-15,0.29,99.47
1983-04-16,0.0,89.31
1983-04-17,1.33,86.53
1983-04-18,0.44,75.8
1983-04-19,3.11,60.28
1983-04-20,0.05,51.03
1983-04-21,1.53,45.35
1983-04-22,0.19,41.58
1983-04-23,0.9,39.08
1983-04-24,3.74,39.67
1983-04-25,3.78,41.61
1983-04-26,3.84,37.45
1983-04-27,2.27,37.82
1983-04-28,2.71,37.16
1983-04-29,4.1,35.63
1983-04-30,1.31,36.16
1983-05-01,3.37,37.1
1983-05-02,4.9,47.02
1983-05-03,5.11,39.7
1983-05-04,0.44,41.54
1983-05-05,0.0,36.86
1983-05-06,2.46,30.04
1983-05-07,11.19,29.16
1983-05-08,2.33,45.98
1983-05-09,2.22,62.4
1983-05-10,0.36,47.73
1983-05-11,2.36,37.26
1983-05-12,4.07,35.97
1983-05-13,0.01,37.46
1983-05-14,0.66,29.22
1983-05-15,1.17,25.5
1983-05-16,3.9,33.74
1983-05-17,12.21,26.18
1983-05-18,2.1,37.29
1983-05-19,1.87,50.68
1983-05-20,1.11,35.8
1983-05-21,4.33,32.91
1983-05-22,0.15,47.34
1983-05-23,17.87,45.11
1983-05-24,8.94,47.51
1983-05-25,8.56,94.66
1983-05-26,10.51,118.46
1983-05-27,0.68,151.3
1983-05-28,3.8,138.93
1983-05-29,4.63,122.37
1983-05-30,0.04,125.27
1983-05-31,0.04,102.76
1983-06-01,0.25,85.2
1983-06-02,0.4,65.4
1983-06-03,0.0,46.93
1983-06-04,4.54,40.39
1983-06-05,0.93,39.3
1983-06-06,0.0,47.87
1983-06-07,0.0,32.59
1983-06-08,7.81,23.65
1983-06-09,0.19,30.47
1983-06-10,0.05,30.01
1983-06-11,0.0,23.55
1983-06-12,0.02,20.9
1983-06-13,0.29,24.6
1983-06-14,2.17,20.19
1983-06-15,1.85,19.57
1983-06-16,0.03,18.9
1983-06-17,1.91,18.48
1983-06-18,0.0,18.1
1983-06-19,0.0,17.99
1983-06-20,0.0,18.06
1983-06-21,0.0,18.38
1983-06-22,0.04,18.09
1983-06-23,0.0,18.27
1983-06-24,7.05,18.09
1983-06-25,3.71,29.99
1983-06-26,0.85,19.18
1983-06-27,3.78,18.64
1983-06-28,0.65,19.31
1983-06-29,9.45,18.59
1983-06-30,21.7,26.0
1983-07-01,0.15,37.45
1983-07-02,0.0,28.03
1983-07-03,0.0,19.8
1983-07-04,0.0,18.21
1983-07-05,0.0,18.05
1983-07-06,1.11,17.92
1983-07-07,0.75,17.88
1983-07-08,1.1,18.0
1983-07-09,0.01,17.98
1983-07-10,0.0,17.49
1983-07-11,0.0,17.27
1983-07-12,0.0,17.9
1983-07-13,0.0,17.93
1983-07-14,0.0,18.1
1983-07-15,0.0,19.38
1983-07-16,0.0,19.88
1983-07-17,0.33,19.76
1983-07-18,4.18,20.32
1983-07-19,4.66,21.13
1983-07-20,0.0,20.33
1983-07-21,0.0,18.71
1983-07-22,0.0,18.19
1983-07-23,1.8,18.43
1983-07-24,2.92,20.45
1983-07-25,0.01,20.78
1983-07-26,0.0,18.65
1983-07-27,5.1,19.94
1983-07-28,0.0,21.53
1983-07-29,0.01,18.89
1983-07-30,0.0,18.47
1983-07-31,0.04,18.33
1983-08-01,2.32,18.49
1983-08-02,0.27,19.49
1983-08-03,0.0,18.99
1983-08-04,5.0,18.75
1983-08-05,10.98,19.92
1983-08-06,7.76,21.29
1983-08-07,0.0,22.6
1983-08-08,0.0,17.84
1983-08-09,0.0,17.89
1983-08-10,0.0,17.95
1983-08-11,0.0,17.91
1983-08-12,0.0,18.09
1983-08-13,0.03,18.03
1983-08-14,0.0,17.74
1983-08-15,0.0,17.57
1983-08-16,0.0,18.19
1983-08-17,0.05,17.92
1983-08-18,0.0,17.78
1983-08-19,0.0,17.88
1983-08-20,0.08,19.75
1983-08-21,13.89,20.04
1983-08-22,0.17,41.8
1983-08-23,2.97,20.53
1983-08-24,0.0,17.59
1983-08-25,0.0,16.58
1983-08-26,0.0,16.06
1983-08-27,0.0,15.57
1983-08-28,0.0,15.2
1983-08-29,0.0,14.94
1983-08-30,0.0,15.3
1983-08-31,0.0,15.58
1983-09-01,1.51,15.82
1983-09-02,0.06,16.09
1983-09-03,4.42,15.69
1983-09-04,0.09,17.52
1983-09-05,0.01,15.34
1983-09-06,0.25,15.72
1983-09-07,0.08,15.67
1983-09-08,2.66,15.95
1983-09-09,4.3,16.19
1983-09-10,4.42,17.43
1983-09-11,6.07,19.6
1983-09-12,5.9,19.87
1983-09-13,4.55,20.54
1983-09-14,5.06,18.05
1983-09-15,2.98,18.72
1983-09-16,1.17,17.38
1983-09-17,3.77,16.38
1983-09-18,1.22,17.66
1983-09-19,1.38,15.77
1983-09-20,0.0,15.81
1983-09-21,2.89,15.04
1983-09-22,0.07,15.52
1983-09-23,0.01,15.38
1983-09-24,2.01,14.86
1983-09-25,0.0,14.73
1983-09-26,0.0,14.42
1983-09-27,0.0,15.46
1983-09-28,0.0,15.02
1983-09-29,0.0,15.2
1983-09-30,0.0,15.36
1983-10-01,1.55,15.02
1983-10-02,0.61,15.06
1983-10-03,0.18,15.0
1983-10-04,0.09,15.67
1983-10-05,0.06,15.1
1983-10-06,0.03,15.1
1983-10-07,0.43,15.18
1983-10-08,11.67,15.43
1983-10-09,1.92,19.07
1983-10-10,1.22,16.87
1983-10-11,2.89,16.75
1983-10-12,0.01,17.22
1983-10-13,0.13,15.59
1983-10-14,2.02,15.26
1983-10-15,1.9,16.02
1983-10-16,0.22,16.11
1983-10-17,4.35,15.4
1983-10-18,0.65,16.4
1983-10-19,1.39,15.69
1983-10-20,0.04,15.64
1983-10-21,0.0,15.35
1983-10-22,0.0,15.11
1983-10-23,0.0,15.07
1983-10-24,0.01,14.81
1983-10-25,0.02,15.13
1983-10-26,0.01,15.27
1983-10-27,0.11,15.44
1983-10-28,1.85,15.41
1983-10-29,0.04,16.0
1983-10-30,1.03,14.68
1983-10-31,0.14,13.06
1983-11-01,0.16,14.26
1983-11-02,0.06,14.86
1983-11-03,0.0,14.97
1983-11-04,0.0,15.01
1983-11-05,0.01,15.07
1983-11-06,0.01,14.74
1983-11-07,0.0,14.86
1983-11-08,0.0,15.29
1983-11-09,0.0,15.25
1983-11-10,0.0,15.51
1983-11-11,0.0,15.55
1983-11-12,0.0,15.35
1983-11-13,0.0,15.31
1983-11-14,0.1,15.3
1983-11-15,2.78,15.55
1983-11-16,1.0,15.95
1983-11-17,0.08,15.6
1983-11-18,1.49,16.12
1983-11-19,0.3,16.03
1983-11-20,1.11,15.81
1983-11-21,0.74,15.72
1983-11-22,0.01,16.06
1983-11-23,0.0,16.09
1983-11-24,1.88,16.2
1983-11-25,8.43,16.76
1983-11-26,22.14,23.69
1983-11-27,18.25,32.49
1983-11-28,5.42,31.21
1983-11-29,1.17,23.01
1983-11-30,1.33,19.22
1983-12-01,0.0,18.09
1983-12-02,0.0,17.06
1983-12-03,0.0,16.9
1983-12-04,0.0,16.66
1983-12-05,4.75,16.8
1983-12-06,1.13,18.67
1983-12-07,0.29,17.66
1983-12-08,8.38,17.2
1983-12-09,11.17,20.05
1983-12-10,1.45,22.08
1983-12-11,0.1,19.17
1983-12-12,0.0,18.5
1983-12-13,0.0,17.87
1983-12-14,0.0,17.0
1983-12-15,0.0,16.92
1983-12-16,0.0,16.79
1983-12-17,0.27,16.8
1983-12-18,1.81,16.46
1983-12-19,0.74,16.61
1983-12-20,0.99,16.73
1983-12-21,1.09,16.8
1983-12-22,5.51,16.92
1983-12-23,2.2,19.89
1983-12-24,1.11,17.57
1983-12-25,7.53,20.31
1983-12-26,7.06,33.41
1983-12-27,1.5,51.82
1983-12-28,1.76,36.48
1983-12-29,0.19,28.13
1983-12-30,0.0,26.14
1983-12-31,0.1,24.09
1984-01-01,5.26,22.76
1984-01-02,11.36,28.79
1984-01-03,5.97,67.25
1984-01-04,4.46,94.07
1984-01-05,2.13,66.28
1984-01-06,0.46,49.67
1984-01-07,7.34,48.34
1984-01-08,5.25,65.94
1984-01-09,0.79,79.45
1984-01-10,0.31,63.7
1984-01-11,0.75,48.2
1984-01-12,3.81,41.86
1984-01-13,10.09,51.28
1984-01-14,9.91,107.56
1984-01-15,1.2,127.19
1984-01-16,5.89,95.97
1984-01-17,1.13,92.27
1984-01-18,0.33,82.89
1984-01-19,0.03,57.27
1984-01-20,0.72,51.41
1984-01-21,0.0,44.43
1984-01-22,6.46,40.08
1984-01-23,4.4,43.73
1984-01-24,2.26,40.04
1984-01-25,0.1,33.59
1984-01-26,2.0,29.34
1984-01-27,0.0,27.58
1984-01-28,1.6,27.82
1984-01-29,1.24,43.39
1984-01-30,0.62,76.84
1984-01-31,2.96,77.7
1984-02-01,2.33,62.65
1984-02-02,2.8,60.29
1984-02-03,8.37,63.3
1984-02-04,1.05,96.12
1984-02-05,5.03,92.15
1984-02-06,36.19,97.68
1984-02-07,2.03,213.1
1984-02-08,6.54,273.49
1984-02-09,0.19,229.9
1984-02-10,1.17,178.72
1984-02-11,0.4,131.08
1984-02-12,0.0,109.78
1984-02-13,0.0,91.51
1984-02-14,0.0,68.99
1984-02-15,0.0,58.85
1984-02-16,0.0,57.12
1984-02-17,0.0,49.13
1984-02-18,0.0,43.54
1984-02-19,0.0,44.47
1984-02-20,0.19,39.12
1984-02-21,1.22,39.58
1984-02-22,0.44,34.4
1984-02-23,0.0,28.6
1984-02-24,0.05,26.83
1984-02-25,0.46,25.04
1984-02-26,0.14,25.42
1984-02-27,0.07,32.22
1984-02-28,0.0,26.63
1984-02-29,0.0,25.98
1984-03-01,0.4,25.49
1984-03-02,5.59,27.16
1984-03-03,0.25,34.18
1984-03-04,0.01,31.2
1984-03-05,0.1,31.78
1984-03-06,0.19,28.16
1984-03-07,0.05,27.58
1984-03-08,0.0,26.95
1984-03-09,0.03,26.06
1984-03-10,0.93,24.41
1984-03-11,0.0,25.82
1984-03-12,0.0,24.78
1984-03-13,0.0,23.67
1984-03-14,0.0,23.4
1984-03-15,0.0,23.58
1984-03-16,0.0,25.96
1984-03-17,0.0,26.24
1984-03-18,0.0,25.09
1984-03-19,0.0,21.37
1984-03-20,0.0,20.53
1984-03-21,0.0,20.66
1984-03-22,0.0,21.06
1984-03-23,0.0,21.2
1984-03-24,0.66,21.2
1984-03-25,0.14,21.07
1984-03-26,0.53,21.05
1984-03-27,2.89,22.22
1984-03-28,1.04,23.53
1984-03-29,0.71,22.32
1984-03-30,1.03,20.46
1984-03-31,1.98,21.25
1984-04-01,5.43,20.78
1984-04-02,8.94,20.38
1984-04-03,1.96,21.81
1984-04-04,3.51,22.08
1984-04-05,2.71,23.46
1984-04-06,0.09,24.6
1984-04-07,0.21,22.48
1984-04-08,0.85,20.36
1984-04-09,0.63,22.52
1984-04-10,0.17,20.96
1984-04-11,2.87,20.03
1984-04-12,2.7,22.03
1984-04-13,0.01,21.47
1984-04-14,0.0,18.57
1984-04-15,3.23,18.54
1984-04-16,0.94,20.9
1984-04-17,0.01,20.02
1984-04-18,0.0,18.14
1984-04-19,0.0,18.04
1984-04-20,0.0,19.13
1984-04-21,0.0,17.49
1984-04-22,0.0,17.72
1984-04-23,0.0,24.41
1984-04-24,0.0,18.87
1984-04-25,0.0,16.49
1984-04-26,0.0,16.17
1984-04-27,0.0,16.16
1984-04-28,0.0,16.13
1984-04-29,0.0,15.89
1984-04-30,5.92,15.87
1984-05-01,9.9,19.9
1984-05-02,0.95,29.16
1984-05-03,0.65,19.97
1984-05-04,0.99,18.21
1984-05-05,4.83,17.96
1984-05-06,9.02,19.62
1984-05-07,0.07,28.7
1984-05-08,0.18,20.3
1984-05-09,0.03,18.2
1984-05-10,0.68,16.84
1984-05-11,1.11,17.89
1984-05-12,1.36,17.3
1984-05-13,0.08,16.43
1984-05-14,0.74,15.72
1984-05-15,0.2,15.98
1984-05-16,12.49,16.27
1984-05-17,8.6,44.65
1984-05-18,0.01,36.33
1984-05-19,4.28,22.64
1984-05-20,0.59,22.11
1984-05-21,27.99,30.32
1984-05-22,0.01,81.18
1984-05-23,15.04,58.63
1984-05-24,7.8,66.8
1984-05-25,0.36,113.25
1984-05-26,1.88,87.11
1984-05-27,4.44,57.09
1984-05-28,33.05,63.31
1984-05-29,18.56,228.41
1984-05-30,3.58,309.01
1984-05-31,1.84,257.89
1984-06-01,2.52,191.56
1984-06-02,0.23,148.16
1984-06-03,2.17,113.25
1984-06-04,0.5,96.28
1984-06-05,0.01,70.26
1984-06-06,1.67,53.8
1984-06-07,0.55,45.98
1984-06-08,0.35,41.87
1984-06-09,0.08,36.03
1984-06-10,0.0,42.07
1984-06-11,0.0,44.84
1984-06-12,0.0,33.69
1984-06-13,0.01,25.17
1984-06-14,3.07,23.39
1984-06-15,0.46,22.33
1984-06-16,0.09,20.93
1984-06-17,0.15,20.46
1984-06-18,0.0,22.89
1984-06-19,0.0,18.92
1984-06-20,0.04,18.6
1984-06-21,0.63,18.72
1984-06-22,12.33,17.95
1984-06-23,2.7,23.9
1984-06-24,0.79,19.57
1984-06-25,6.65,22.03
1984-06-26,0.21,20.93
1984-06-27,0.44,18.46
1984-06-28,0.9,17.6
1984-06-29,3.59,17.65
1984-06-30,0.85,17.84
1984-07-01,0.04,17.11
1984-07-02,6.34,17.01
1984-07-03,5.52,19.5
1984-07-04,0.6,18.88
1984-07-05,0.16,17.85
1984-07-06,0.0,17.14
1984-07-07,0.0,16.55
1984-07-08,0.0,16.26
1984-07-09,0.0,16.04
1984-07-10,0.0,16.42
1984-07-11,14.28,16.42
1984-07-12,2.39,26.16
1984-07-13,7.02,19.47
1984-07-14,16.96,20.66
1984-07-15,18.44,28.45
1984-07-16,5.99,74.49
1984-07-17,1.55,58.43
1984-07-18,11.4,36.09
1984-07-19,0.62,44.7
1984-07-20,0.09,43.22
1984-07-21,0.08,27.17
1984-07-22,0.05,31.32
1984-07-23,0.0,27.16
1984-07-24,0.0,19.15
1984-07-25,0.08,17.91
1984-07-26,1.18,16.97
1984-07-27,0.41,16.99
1984-07-28,4.67,17.19
1984-07-29,0.0,16.88
1984-07-30,0.01,23.39
1984-07-31,2.33,17.37
1984-08-01,7.32,18.54
1984-08-02,1.2,18.3
1984-08-03,12.45,17.68
1984-08-04,7.82,25.66
1984-08-05,7.19,29.16
1984-08-06,0.21,52.6
1984-08-07,0.0,39.09
1984-08-08,0.0,23.73
1984-08-09,0.01,20.42
1984-08-10,0.83,17.63
1984-08-11,5.91,17.38
1984-08-12,0.02,17.62
1984-08-13,0.3,16.42
1984-08-14,0.52,17.22
1984-08-15,0.05,17.36
1984-08-16,0.06,17.48
1984-08-17,0.0,17.72
1984-08-18,0.02,17.68
1984-08-19,0.0,17.6
1984-08-20,0.0,17.75
1984-08-21,0.0,18.47
1984-08-22,0.0,18.54
1984-08-23,0.0,18.03
1984-08-24,0.01,17.6
1984-08-25,2.27,18.03
1984-08-26,0.03,22.75
1984-08-27,0.01,17.0
1984-08-28,0.0,16.89
1984-08-29,0.01,16.65
1984-08-30,0.06,16.57
1984-08-31,0.3,16.78
1984-09-01,0.0,16.65
1984-09-02,0.03,16.58
1984-09-03,0.01,16.84
1984-09-04,2.51,17.5
1984-09-05,0.5,18.52
1984-09-06,21.93,17.59
1984-09-07,1.7,26.35
1984-09-08,8.52,19.51
1984-09-09,23.65,23.58
1984-09-10,21.7,49.69
1984-09-11,7.48,97.08
1984-09-12,0.53,99.06
1984-09-13,0.0,68.35
1984-09-14,6.96,40.17
1984-09-15,1.0,44.6
1984-09-16,0.01,40.4
1984-09-17,0.53,33.16
1984-09-18,0.31,22.15
1984-09-19,0.63,22.18
1984-09-20,1.66,21.55
1984-09-21,0.13,21.54
1984-09-22,3.24,20.63
1984-09-23,2.24,24.13
1984-09-24,2.56,24.47
1984-09-25,5.0,21.99
1984-09-26,9.73,25.56
1984-09-27,0.05,32.23
1984-09-28,0.0,28.66
1984-09-29,5.46,24.73
1984-09-30,5.81,29.28
1984-10-01,10.15,50.68
1984-10-02,0.57,106.86
1984-10-03,0.35,66.83
1984-10-04,5.45,42.21
1984-10-05,6.46,47.18
1984-10-06,3.58,56.45
1984-10-07,5.79,54.67
1984-10-08,2.83,54.52
1984-10-09,8.96,50.37
1984-10-10,3.07,69.23
1984-10-11,1.25,81.36
1984-10-12,0.54,71.24
1984-10-13,0.01,56.28
1984-10-14,0.22,50.95
1984-10-15,0.65,50.83
1984-10-16,0.0,36.87
1984-10-17,0.0,31.6
1984-10-18,3.22,32.54
1984-10-19,6.7,30.91
1984-10-20,5.34,53.9
1984-10-21,0.01,61.26
1984-10-22,14.91,55.44
1984-10-23,5.0,86.14
1984-10-24,1.11,113.39
1984-10-25,8.36,83.65
1984-10-26,0.94,79.86
1984-10-27,0.0,85.0
1984-10-28,0.47,60.09
1984-10-29,0.08,52.39
1984-10-30,0.0,42.95
1984-10-31,0.0,39.59
1984-11-01,0.0,30.13
1984-11-02,0.0,34.12
1984-11-03,0.01,34.92
1984-11-04,0.0,27.96
1984-11-05,0.04,26.83
1984-11-06,0.03,25.52
1984-11-07,0.19,24.64
1984-11-08,0.03,24.41
1984-11-09,0.0,23.04
1984-11-10,0.0,22.01
1984-11-11,0.01,21.33
1984-11-12,0.0,21.59
1984-11-13,0.0,20.88
1984-11-14,0.0,20.26
1984-11-15,0.0,19.99
1984-11-16,1.49,20.15
1984-11-17,3.77,19.79
1984-11-18,0.11,20.3
1984-11-19,0.08,20.32
1984-11-20,3.03,21.09
1984-11-21,4.13,22.36
1984-11-22,17.6,26.62
1984-11-23,12.85,72.96
1984-11-24,2.99,124.59
1984-11-25,1.62,130.33
1984-11-26,0.11,92.69
1984-11-27,0.0,56.79
1984-11-28,0.05,40.24
1984-11-29,0.0,34.08
1984-11-30,0.0,34.27
1984-12-01,0.0,31.12
1984-12-02,0.0,30.7
1984-12-03,0.0,26.1
1984-12-04,0.0,24.46
1984-12-05,0.0,23.37
1984-12-06,0.23,22.71
1984-12-07,0.0,22.49
1984-12-08,0.81,20.4
1984-12-09,1.63,21.81
1984-12-10,0.33,21.23
1984-12-11,0.34,22.68
1984-12-12,0.0,22.04
1984-12-13,0.15,21.79
1984-12-14,5.82,24.29
1984-12-15,0.05,25.31
1984-12-16,0.36,22.14
1984-12-17,5.78,21.42
1984-12-18,2.17,29.36
1984-12-19,2.31,34.41
1984-12-20,8.91,29.96
1984-12-21,1.48,54.87
1984-12-22,0.01,65.01
1984-12-23,0.16,51.97
1984-12-24,0.6,51.29
1984-12-25,1.44,48.03
1984-12-26,0.83,45.75
1984-12-27,0.0,38.2
1984-12-28,0.24,24.79
1984-12-29,0.62,21.43
1984-12-30,0.0,22.96
1984-12-31,5.38,26.81
1985-01-01,11.83,42.0
1985-01-02,1.39,74.14
1985-01-03,3.18,48.06
1985-01-04,1.08,34.14
1985-01-05,0.81,32.12
1985-01-06,6.04,28.24
1985-01-07,0.19,33.49
1985-01-08,2.85,24.64
1985-01-09,0.62,24.82
1985-01-10,0.29,23.99
1985-01-11,4.33,23.27
1985-01-12,0.73,22.97
1985-01-13,0.11,22.48
1985-01-14,1.05,20.74
1985-01-15,0.13,20.25
1985-01-16,0.0,20.28
1985-01-17,0.0,19.29
1985-01-18,0.01,18.86
1985-01-19,0.01,19.97
1985-01-20,0.01,19.7
1985-01-21,0.82,22.74
1985-01-22,1.35,56.64
1985-01-23,0.13,139.49
1985-01-24,2.62,111.21
1985-01-25,9.22,84.24
1985-01-26,6.82,128.24
1985-01-27,0.05,189.44
1985-01-28,0.0,141.22
1985-01-29,3.6,84.33
1985-01-30,0.33,75.45
1985-01-31,5.33,87.51
1985-02-01,4.61,100.3
1985-02-02,1.2,121.08
1985-02-03,0.0,106.62
1985-02-04,0.0,91.56
1985-02-05,0.0,70.2
1985-02-06,0.29,61.04
1985-02-07,0.0,53.27
1985-02-08,4.21,52.12
1985-02-09,0.83,44.78
1985-02-10,0.01,41.14
1985-02-11,0.0,37.66
1985-02-12,0.0,35.13
1985-02-13,0.0,28.4
1985-02-14,0.04,25.59
1985-02-15,0.0,29.39
1985-02-16,0.0,29.82
1985-02-17,0.0,23.65
1985-02-18,0.0,32.52
1985-02-19,0.0,27.3
1985-02-20,0.0,23.87
1985-02-21,0.19,25.84
1985-02-22,0.0,22.62
1985-02-23,0.51,25.88
1985-02-24,0.0,20.99
1985-02-25,0.0,22.84
1985-02-26,0.0,21.98
1985-02-27,0.1,21.07
1985-02-28,0.17,20.76
1985-03-01,1.35,20.66
1985-03-02,0.35,21.1
1985-03-03,0.06,21.03
1985-03-04,0.97,21.2
1985-03-05,3.3,22.28
1985-03-06,1.93,23.3
1985-03-07,0.04,26.21
1985-03-08,0.27,25.24
1985-03-09,0.02,23.47
1985-03-10,2.34,22.52
1985-03-11,2.02,22.66
1985-03-12,0.02,22.72
1985-03-13,0.24,22.04
1985-03-14,3.05,21.76
1985-03-15,2.88,23.02
1985-03-16,5.05,24.22
1985-03-17,4.96,28.38
1985-03-18,2.62,42.53
1985-03-19,2.25,41.04
1985-03-20,0.12,34.89
1985-03-21,0.0,38.68
1985-03-22,0.09,38.37
1985-03-23,0.08,31.91
1985-03-24,1.18,28.94
1985-03-25,1.77,26.56
1985-03-26,3.86,25.25
1985-03-27,3.26,30.6
1985-03-28,2.8,39.66
1985-03-29,1.22,34.33
1985-03-30,4.52,34.56
1985-03-31,5.58,51.14
1985-04-01,3.66,80.77
1985-04-02,1.87,69.22
1985-04-03,0.0,55.13
1985-04-04,0.0,44.95
1985-04-05,0.29,37.85
1985-04-06,4.13,38.74
1985-04-07,4.94,47.76
1985-04-08,1.97,53.88
1985-04-09,0.88,49.9
1985-04-10,1.39,31.77
1985-04-11,1.32,28.98
1985-04-12,8.08,30.12
1985-04-13,3.89,42.27
1985-04-14,7.91,52.09
1985-04-15,4.61,74.94
1985-04-16,1.64,84.04
1985-04-17,0.0,62.31
1985-04-18,0.0,49.21
1985-04-19,0.0,37.81
1985-04-20,0.0,32.16
1985-04-21,0.0,32.6
1985-04-22,0.0,28.93
1985-04-23,0.29,25.02
1985-04-24,0.56,23.72
1985-04-25,3.43,23.73
1985-04-26,1.11,23.26
1985-04-27,12.27,26.68
1985-04-28,4.48,38.05
1985-04-29,0.19,33.93
1985-04-30,0.64,28.74
1985-05-01,4.73,26.3
1985-05-02,6.92,37.26
1985-05-03,0.4,35.86
1985-05-04,1.65,29.32
1985-05-05,0.03,33.08
1985-05-06,0.0,34.5
1985-05-07,0.0,27.36
1985-05-08,0.02,22.15
1985-05-09,3.49,20.66
1985-05-10,0.01,20.32
1985-05-11,0.61,23.68
1985-05-12,9.6,21.23
1985-05-13,3.42,43.0
1985-05-14,0.0,35.3
1985-05-15,1.11,25.7
1985-05-16,0.0,22.82
1985-05-17,0.0,20.33
1985-05-18,0.0,19.86
1985-05-19,0.55,19.39
1985-05-20,3.66,20.13
1985-05-21,15.85,21.94
1985-05-22,11.51,47.24
1985-05-23,0.38,75.82
1985-05-24,0.0,37.8
1985-05-25,0.0,25.93
1985-05-26,0.0,28.28
1985-05-27,7.08,32.97
1985-05-28,0.16,51.08
1985-05-29,0.01,33.13
1985-05-30,0.0,19.77
1985-05-31,0.0,18.01
1985-06-01,0.0,17.82
1985-06-02,0.0,17.0
1985-06-03,0.0,16.96
1985-06-04,1.41,17.51
1985-06-05,5.03,17.48
1985-06-06,4.11,19.61
1985-06-07,6.22,19.41
1985-06-08,5.59,20.51
1985-06-09,5.5,20.47
1985-06-10,6.96,20.16
1985-06-11,6.68,23.49
1985-06-12,10.28,25.45
1985-06-13,6.35,43.6
1985-06-14,1.35,41.23
1985-06-15,0.39,25.05
1985-06-16,1.65,21.48
1985-06-17,1.07,21.33
1985-06-18,0.12,18.84
1985-06-19,4.49,18.5
1985-06-20,19.55,29.65
1985-06-21,2.8,80.37
1985-06-22,4.65,44.73
1985-06-23,0.11,38.01
1985-06-24,6.35,35.16
1985-06-25,4.96,39.02
1985-06-26,12.45,35.58
1985-06-27,6.53,71.84
1985-06-28,1.56,89.88
1985-06-29,1.39,59.22
1985-06-30,0.06,42.92
1985-07-01,12.46,41.57
1985-07-02,0.01,46.47
1985-07-03,0.0,44.18
1985-07-04,0.0,32.02
1985-07-05,0.0,23.45
1985-07-06,4.45,24.37
1985-07-07,0.0,23.12
1985-07-08,2.16,20.94
1985-07-09,6.15,20.95
1985-07-10,1.45,26.04
1985-07-11,0.02,22.41
1985-07-12,0.0,19.97
1985-07-13,0.0,18.96
1985-07-14,18.11,18.71
1985-07-15,0.01,56.56
1985-07-16,0.03,30.85
1985-07-17,0.0,22.28
1985-07-18,4.78,20.47
1985-07-19,2.23,24.59
1985-07-20,4.67,20.96
1985-07-21,1.99,19.79
1985-07-22,9.74,21.26
1985-07-23,0.15,23.72
1985-07-24,0.0,18.88
1985-07-25,0.0,18.15
1985-07-26,8.68,20.22
1985-07-27,0.54,28.16
1985-07-28,2.26,20.45
1985-07-29,3.7,20.74
1985-07-30,2.13,18.63
1985-07-31,2.35,18.18
1985-08-01,4.99,20.12
1985-08-02,1.16,24.3
1985-08-03,4.69,20.06
1985-08-04,2.06,19.47
1985-08-05,5.68,19.94
1985-08-06,1.63,23.82
1985-08-07,0.45,21.87
1985-08-08,0.53,18.79
1985-08-09,5.92,18.65
1985-08-10,4.18,36.95
1985-08-11,0.29,37.46
1985-08-12,0.36,25.38
1985-08-13,0.24,21.35
1985-08-14,9.49,19.49
1985-08-15,6.51,23.73
1985-08-16,3.67,40.72
1985-08-17,1.96,24.13
1985-08-18,0.29,21.97
1985-08-19,9.84,20.27
1985-08-20,1.06,38.99
1985-08-21,0.05,25.18
1985-08-22,2.79,20.74
1985-08-23,0.0,21.1
1985-08-24,1.61,19.25
1985-08-25,1.01,19.27
1985-08-26,2.1,18.26
1985-08-27,0.09,17.23
1985-08-28,0.0,16.96
1985-08-29,0.0,16.84
1985-08-30,0.0,16.73
1985-08-31,4.1,16.31
1985-09-01,0.13,17.84
1985-09-02,1.29,16.43
1985-09-03,8.48,17.62
1985-09-04,2.24,26.34
1985-09-05,1.83,23.18
1985-09-06,6.2,20.18
1985-09-07,4.65,21.13
1985-09-08,3.94,23.24
1985-09-09,0.01,27.25
1985-09-10,0.0,22.02
1985-09-11,0.0,19.33
1985-09-12,0.0,18.97
1985-09-13,8.91,18.61
1985-09-14,5.48,20.1
1985-09-15,4.7,24.24
1985-09-16,1.25,27.55
1985-09-17,7.47,25.3
1985-09-18,0.0,36.14
1985-09-19,0.0,27.92
1985-09-20,0.07,22.98
1985-09-21,0.0,19.9
1985-09-22,2.7,18.34
1985-09-23,0.03,18.7
1985-09-24,0.0,18.92
1985-09-25,0.0,17.74
1985-09-26,0.0,16.77
1985-09-27,0.0,16.85
1985-09-28,0.03,16.93
1985-09-29,0.0,16.66
1985-09-30,0.0,16.34
1985-10-01,0.0,16.35
1985-10-02,0.07,16.7
1985-10-03,0.01,16.68
1985-10-04,0.59,16.72
1985-10-05,2.54,17.04
1985-10-06,0.0,16.23
1985-10-07,3.83,16.18
1985-10-08,5.28,19.52
1985-10-09,4.34,21.43
1985-10-10,0.09,20.43
1985-10-11,1.87,17.41
1985-10-12,0.0,17.6
1985-10-13,0.0,16.39
1985-10-14,0.9,16.01
1985-10-15,0.33,16.68
1985-10-16,1.25,16.44
1985-10-17,0.18,16.4
1985-10-18,0.5,16.37
1985-10-19,0.0,16.5
1985-10-20,0.0,16.07
1985-10-21,0.0,15.8
1985-10-22,0.0,16.18
1985-10-23,0.0,16.03
1985-10-24,0.0,15.72
1985-10-25,0.0,15.72
1985-10-26,0.0,15.95
1985-10-27,0.05,15.5
1985-10-28,0.22,15.65
1985-10-29,0.0,15.96
1985-10-30,0.0,15.62
1985-10-31,0.02,15.54
1985-11-01,0.5,14.76
1985-11-02,4.74,15.02
1985-11-03,0.02,17.05
1985-11-04,0.79,16.33
1985-11-05,12.91,18.23
1985-11-06,2.69,26.96
1985-11-07,2.33,25.54
1985-11-08,0.69,21.4
1985-11-09,5.07,20.14
1985-11-10,3.73,20.54
1985-11-11,0.19,20.91
1985-11-12,0.22,20.05
1985-11-13,0.37,18.83
1985-11-14,0.0,17.92
1985-11-15,0.49,17.81
1985-11-16,0.14,18.29
1985-11-17,0.0,17.94
1985-11-18,0.47,17.61
1985-11-19,0.18,17.67
1985-11-20,1.89,17.2
1985-11-21,4.02,16.89
1985-11-22,4.01,17.32
1985-11-23,0.28,17.31
1985-11-24,0.03,16.94
1985-11-25,1.37,16.64
1985-11-26,0.42,17.34
1985-11-27,5.01,18.13
1985-11-28,1.56,22.57
1985-11-29,2.21,20.56
1985-11-30,3.44,19.5
1985-12-01,0.1,22.58
1985-12-02,0.33,34.99
1985-12-03,0.32,40.36
1985-12-04,0.38,29.73
1985-12-05,6.03,22.96
1985-12-06,3.39,31.22
1985-12-07,6.07,38.96
1985-12-08,0.45,53.04
1985-12-09,2.03,46.79
1985-12-10,1.23,35.53
1985-12-11,0.0,29.5
1985-12-12,0.0,26.06
1985-12-13,7.76,26.39
1985-12-14,1.29,40.82
1985-12-15,0.93,37.93
1985-12-16,2.51,41.98
1985-12-17,8.89,33.98
1985-12-18,7.87,43.39
1985-12-19,3.37,88.43
1985-12-20,10.6,89.29
1985-12-21,0.03,124.41
1985-12-22,0.0,99.66
1985-12-23,0.0,71.43
1985-12-24,1.28,57.14
1985-12-25,2.19,57.66
1985-12-26,16.71,61.37
1985-12-27,9.02,119.48
1985-12-28,0.03,125.29
1985-12-29,0.41,88.49
1985-12-30,0.0,70.56
1985-12-31,0.0,55.22
1986-01-01,1.52,52.81
1986-01-02,0.88,50.05
1986-01-03,7.36,61.36
1986-01-04,0.67,94.61
1986-01-05,1.36,78.25
1986-01-06,1.09,78.32
1986-01-07,0.17,73.23
1986-01-08,0.0,55.23
1986-01-09,0.0,45.58
1986-01-10,4.69,38.09
1986-01-11,6.73,43.94
1986-01-12,5.73,72.18
1986-01-13,14.51,97.82
1986-01-14,15.58,158.24
1986-01-15,4.82,209.81
1986-01-16,3.8,243.38
1986-01-17,1.26,193.29
1986-01-18,18.52,157.23
1986-01-19,14.41,204.6
1986-01-20,0.38,280.83
1986-01-21,3.74,259.51
1986-01-22,5.28,212.77
1986-01-23,5.09,220.43
1986-01-24,4.81,228.73
1986-01-25,3.01,197.53
1986-01-26,0.69,170.47
1986-01-27,0.31,146.58
1986-01-28,0.47,124.7
1986-01-29,0.0,102.41
1986-01-30,0.0,89.38
1986-01-31,0.0,71.11
1986-02-01,0.02,64.92
1986-02-02,0.33,63.74
1986-02-03,0.0,61.66
1986-02-04,0.0,50.39
1986-02-05,0.07,43.14
1986-02-06,0.02,39.4
1986-02-07,0.26,35.67
1986-02-08,0.89,34.69
1986-02-09,3.04,35.29
1986-02-10,0.13,35.3
1986-02-11,0.0,28.87
1986-02-12,0.0,28.45
1986-02-13,0.0,27.69
1986-02-14,0.0,30.91
1986-02-15,0.0,30.96
1986-02-16,0.0,32.85
1986-02-17,0.24,28.86
1986-02-18,1.06,27.79
1986-02-19,0.72,23.91
1986-02-20,0.35,22.81
1986-02-21,0.0,24.45
1986-02-22,0.01,25.54
1986-02-23,0.0,22.4
1986-02-24,0.03,26.44
1986-02-25,0.01,20.53
1986-02-26,0.0,19.77
1986-02-27,0.0,20.09
1986-02-28,0.0,23.21
1986-03-01,0.0,25.19
1986-03-02,0.0,25.68
1986-03-03,0.0,20.94
1986-03-04,4.9,21.38
1986-03-05,4.68,27.86
1986-03-06,2.82,35.06
1986-03-07,0.09,35.75
1986-03-08,2.71,30.73
1986-03-09,0.11,23.36
1986-03-10,0.0,30.22
1986-03-11,0.0,23.08
1986-03-12,0.0,22.2
1986-03-13,0.0,21.8
1986-03-14,0.0,23.59
1986-03-15,0.01,23.85
1986-03-16,0.0,23.74
1986-03-17,0.02,24.2
1986-03-18,0.0,25.46
1986-03-19,0.0,26.51
1986-03-20,2.51,26.97
1986-03-21,0.78,26.99
1986-03-22,2.31,27.81
1986-03-23,6.89,34.16
1986-03-24,8.8,47.22
1986-03-25,1.02,75.67
1986-03-26,2.49,54.76
1986-03-27,17.88,48.41
1986-03-28,2.83,133.94
1986-03-29,4.73,167.98
1986-03-30,2.53,120.1
1986-03-31,19.63,115.11
1986-04-01,3.18,184.97
1986-04-02,0.01,164.87
1986-04-03,14.75,115.42
1986-04-04,22.09,146.8
1986-04-05,4.05,202.08
1986-04-06,0.46,227.02
1986-04-07,0.03,210.76
1986-04-08,0.05,172.32
1986-04-09,0.73,136.28
1986-04-10,1.92,122.34
1986-04-11,0.11,106.22
1986-04-12,0.0,92.12
1986-04-13,0.06,84.35
1986-04-14,3.13,71.99
1986-04-15,0.78,69.99
1986-04-16,0.54,64.76
1986-04-17,0.42,56.54
1986-04-18,3.41,50.11
1986-04-19,2.09,49.96
1986-04-20,2.72,51.17
1986-04-21,10.42,54.65
1986-04-22,0.01,72.77
1986-04-23,0.51,63.58
1986-04-24,0.68,51.71
1986-04-25,2.66,44.55
1986-04-26,7.88,58.76
1986-04-27,0.03,94.11
1986-04-28,0.0,76.67
1986-04-29,3.27,49.94
1986-04-30,0.07,47.41
1986-05-01,0.0,47.8
1986-05-02,0.0,44.54
1986-05-03,6.79,35.23
1986-05-04,0.38,49.18
1986-05-05,2.78,44.25
1986-05-06,4.54,32.14
1986-05-07,1.16,38.57
1986-05-08,2.96,30.6
1986-05-09,5.42,32.64
1986-05-10,6.49,34.81
1986-05-11,0.0,40.87
1986-05-12,0.0,40.88
1986-05-13,6.66,32.08
1986-05-14,1.39,33.7
1986-05-15,1.56,29.61
1986-05-16,0.0,26.54
1986-05-17,0.36,23.6
1986-05-18,0.02,24.08
1986-05-19,0.0,31.32
1986-05-20,3.3,25.6
1986-05-21,0.25,26.53
1986-05-22,0.02,21.89
1986-05-23,8.62,20.17
1986-05-24,7.58,26.15
1986-05-25,0.0,25.43
1986-05-26,0.0,20.45
1986-05-27,0.84,18.87
1986-05-28,0.51,18.54
1986-05-29,3.27,18.8
1986-05-30,0.03,21.5
1986-05-31,0.06,18.46
1986-06-01,6.21,18.26
1986-06-02,0.21,21.55
1986-06-03,19.87,19.2
1986-06-04,5.3,41.93
1986-06-05,4.64,38.32
1986-06-06,21.63,30.68
1986-06-07,8.93,65.08
1986-06-08,0.88,91.82
1986-06-09,0.03,85.3
1986-06-10,0.91,59.35
1986-06-11,0.37,44.32
1986-06-12,0.0,33.28
1986-06-13,0.0,26.17
1986-06-14,0.0,21.92
1986-06-15,0.0,23.35
1986-06-16,0.3,23.53
1986-06-17,9.29,24.25
1986-06-18,0.02,37.44
1986-06-19,0.0,21.6
1986-06-20,0.0,20.02
1986-06-21,0.0,19.46
1986-06-22,0.0,17.92
1986-06-23,1.42,17.79
1986-06-24,0.03,19.83
1986-06-25,0.0,18.05
1986-06-26,0.0,18.05
1986-06-27,0.0,16.07
1986-06-28,0.0,16.46
1986-06-29,0.0,16.23
1986-06-30,0.0,16.24
1986-07-01,0.0,17.02
1986-07-02,0.0,17.03
1986-07-03,9.35,17.3
1986-07-04,0.0,17.21
1986-07-05,8.45,16.91
1986-07-06,2.35,20.12
1986-07-07,5.17,17.16
1986-07-08,1.29,17.99
1986-07-09,2.38,16.9
1986-07-10,1.73,17.36
1986-07-11,0.01,17.31
1986-07-12,0.0,16.15
1986-07-13,0.0,15.88
1986-07-14,0.05,15.9
1986-07-15,0.02,16.93
1986-07-16,0.0,16.99
1986-07-17,0.92,16.84
1986-07-18,0.0,17.71
1986-07-19,0.0,16.55
1986-07-20,0.1,15.94
1986-07-21,0.1,15.94
1986-07-22,1.5,16.59
1986-07-23,13.45,17.45
1986-07-24,3.42,21.19
1986-07-25,12.24,17.77
1986-07-26,3.47,22.48
1986-07-27,0.02,17.2
1986-07-28,0.0,15.0
1986-07-29,0.0,15.18
1986-07-30,0.0,14.97
1986-07-31,0.75,15.64
1986-08-01,0.0,15.61
1986-08-02,0.0,15.73
1986-08-03,0.0,15.38
1986-08-04,3.78,15.69
1986-08-05,0.0,17.81
1986-08-06,0.0,16.18
1986-08-07,0.08,14.88
1986-08-08,0.1,14.44
1986-08-09,0.0,14.4
1986-08-10,0.0,13.78
1986-08-11,1.66,13.53
1986-08-12,0.13,14.38
1986-08-13,0.0,14.39
1986-08-14,0.01,14.38
1986-08-15,2.53,14.36
1986-08-16,0.0,15.65
1986-08-17,0.06,15.41
1986-08-18,0.0,14.98
1986-08-19,12.62,17.52
1986-08-20,5.65,23.92
1986-08-21,0.51,19.49
1986-08-22,5.37,14.7
1986-08-23,2.26,15.04
1986-08-24,0.06,14.27
1986-08-25,2.41,13.92
1986-08-26,4.51,15.62
1986-08-27,0.22,15.78
1986-08-28,1.29,14.54
1986-08-29,5.37,14.97
1986-08-30,13.73,17.27
1986-08-31,0.81,23.59
1986-09-01,0.64,15.19
1986-09-02,0.5,15.04
1986-09-03,5.57,15.39
1986-09-04,0.1,16.85
1986-09-05,0.0,14.76
1986-09-06,0.57,14.9
1986-09-07,0.02,14.5
1986-09-08,0.65,14.42
1986-09-09,0.0,15.09
1986-09-10,0.0,14.96
1986-09-11,0.0,15.09
1986-09-12,0.05,15.07
1986-09-13,3.65,14.78
1986-09-14,10.62,16.16
1986-09-15,28.72,21.35
1986-09-16,0.28,31.73
1986-09-17,6.28,18.71
1986-09-18,0.02,17.01
1986-09-19,0.0,14.65
1986-09-20,0.0,14.23
1986-09-21,0.0,13.85
1986-09-22,0.42,13.76
1986-09-23,0.0,14.15
1986-09-24,0.0,14.21
1986-09-25,0.0,14.35
1986-09-26,0.0,14.46
1986-09-27,0.0,14.44
1986-09-28,0.0,14.3
1986-09-29,0.0,14.45
1986-09-30,0.0,14.63
1986-10-01,0.0,14.69
1986-10-02,0.0,14.81
1986-10-03,0.0,14.78
1986-10-04,0.0,14.54
1986-10-05,2.08,14.18
1986-10-06,0.07,14.8
1986-10-07,2.81,14.58
1986-10-08,0.03,14.64
1986-10-09,0.0,14.5
1986-10-10,0.0,14.37
1986-10-11,0.38,14.17
1986-10-12,0.0,13.75
1986-10-13,0.0,13.48
1986-10-14,0.0,14.07
1986-10-15,2.24,14.12
1986-10-16,1.79,14.72
1986-10-17,0.0,14.62
1986-10-18,2.73,14.17
1986-10-19,9.2,15.2
1986-10-20,14.24,19.24
1986-10-21,23.85,23.64
1986-10-22,23.31,33.64
1986-10-23,4.44,67.4
1986-10-24,0.34,71.98
1986-10-25,4.74,45.06
1986-10-26,0.65,39.04
1986-10-27,1.39,39.22
1986-10-28,3.52,24.72
1986-10-29,1.53,28.15
1986-10-30,1.41,27.46
1986-10-31,0.55,24.35
1986-11-01,8.34,23.48
1986-11-02,0.06,31.59
1986-11-03,0.48,30.47
1986-11-04,0.33,23.24
1986-11-05,2.24,20.4
1986-11-06,0.3,20.56
1986-11-07,0.0,20.18
1986-11-08,2.11,20.02
1986-11-09,0.0,19.88
1986-11-10,0.02,19.35
1986-11-11,0.27,19.38
1986-11-12,0.0,18.9
1986-11-13,0.14,17.83
1986-11-14,0.03,17.27
1986-11-15,1.42,17.19
1986-11-16,0.05,17.17
1986-11-17,1.16,17.08
1986-11-18,2.72,17.35
1986-11-19,7.78,21.19
1986-11-20,5.0,39.88
1986-11-21,1.42,44.02
1986-11-22,2.76,35.6
1986-11-23,0.39,32.54
1986-11-24,0.56,28.04
1986-11-25,0.0,26.56
1986-11-26,1.33,25.26
1986-11-27,0.0,24.74
1986-11-28,0.0,22.85
1986-11-29,0.0,21.82
1986-11-30,0.0,21.19
1986-12-01,1.07,21.32
1986-12-02,0.14,21.58
1986-12-03,0.0,20.3
1986-12-04,0.0,20.43
1986-12-05,5.12,20.74
1986-12-06,2.02,23.33
1986-12-07,0.16,23.67
1986-12-08,0.0,22.22
1986-12-09,0.0,22.16
1986-12-10,0.03,21.15
1986-12-11,0.0,19.77
1986-12-12,0.11,19.05
1986-12-13,1.42,19.42
1986-12-14,3.42,20.31
1986-12-15,10.89,25.01
1986-12-16,1.83,38.87
1986-12-17,4.03,45.02
1986-12-18,8.16,37.58
1986-12-19,6.06,53.03
1986-12-20,9.32,70.56
1986-12-21,4.99,85.14
1986-12-22,0.73,102.98
1986-12-23,1.0,71.19
1986-12-24,0.04,52.14
1986-12-25,6.03,48.94
1986-12-26,3.94,50.12
1986-12-27,9.97,51.72
1986-12-28,8.1,79.97
1986-12-29,21.86,155.54
1986-12-30,20.99,205.01
1986-12-31,7.09,294.2
1987-01-01,24.2,320.66
1987-01-02,4.17,294.48
1987-01-03,1.36,345.33
1987-01-04,7.81,307.85
1987-01-05,13.21,270.64
1987-01-06,5.51,292.47
1987-01-07,0.12,290.27
1987-01-08,2.67,252.05
1987-01-09,3.22,210.84
1987-01-10,0.18,165.36
1987-01-11,0.48,140.8
1987-01-12,2.15,117.79
1987-01-13,0.11,94.54
1987-01-14,0.0,72.4
1987-01-15,0.33,59.69
1987-01-16,0.01,66.18
1987-01-17,0.0,63.64
1987-01-18,0.01,59.01
1987-01-19,0.0,59.17
1987-01-20,0.06,58.37
1987-01-21,0.44,55.27
1987-01-22,1.16,54.88
1987-01-23,4.61,53.02
1987-01-24,0.36,67.06
1987-01-25,2.93,72.58
1987-01-26,1.54,74.52
1987-01-27,1.17,77.62
1987-01-28,1.53,63.93
1987-01-29,0.01,55.71
1987-01-30,0.0,48.04
1987-01-31,0.0,41.35
1987-02-01,0.0,42.23
1987-02-02,0.0,43.86
1987-02-03,0.23,34.16
1987-02-04,0.19,29.07
1987-02-05,0.08,28.76
1987-02-06,2.83,30.88
1987-02-07,0.63,58.22
1987-02-08,7.02,57.3
1987-02-09,0.65,83.13
1987-02-10,0.38,99.63
1987-02-11,0.62,100.55
1987-02-12,1.75,87.68
1987-02-13,0.15,83.06
1987-02-14,1.22,79.89
1987-02-15,6.61,74.51
1987-02-16,0.43,87.29
1987-02-17,0.31,77.62
1987-02-18,5.24,65.48
1987-02-19,0.19,59.15
1987-02-20,0.21,51.99
1987-02-21,2.05,46.91
1987-02-22,0.88,45.81
1987-02-23,0.06,54.11
1987-02-24,0.0,42.55
1987-02-25,0.0,40.91
1987-02-26,3.85,36.26
1987-02-27,7.62,38.92
1987-02-28,9.43,88.16
1987-03-01,12.51,142.72
1987-03-02,23.48,184.41
1987-03-03,0.01,265.26
1987-03-04,0.0,247.16
1987-03-05,0.0,206.28
1987-03-06,0.0,152.7
1987-03-07,0.0,119.78
1987-03-08,0.0,100.65
1987-03-09,0.0,86.47
1987-03-10,0.0,66.73
1987-03-11,0.0,55.98
1987-03-12,0.0,52.04
1987-03-13,0.0,46.03
1987-03-14,0.0,42.52
1987-03-15,4.32,43.59
1987-03-16,3.42,50.33
1987-03-17,8.01,40.6
1987-03-18,7.57,67.58
1987-03-19,0.02,114.23
1987-03-20,2.72,92.35
1987-03-21,4.68,80.56
1987-03-22,1.85,89.02
1987-03-23,14.07,111.83
1987-03-24,4.34,175.57
1987-03-25,5.23,204.81
1987-03-26,0.01,191.81
1987-03-27,4.19,169.06
1987-03-28,4.76,155.74
1987-03-29,1.58,136.78
1987-03-30,1.35,126.83
1987-03-31,0.0,105.62
1987-04-01,0.01,92.63
1987-04-02,0.01,84.34
1987-04-03,0.0,75.3
1987-04-04,0.71,61.58
1987-04-05,0.0,59.97
1987-04-06,0.02,63.39
1987-04-07,1.6,49.34
1987-04-08,0.24,45.12
1987-04-09,2.34,43.87
1987-04-10,1.75,43.55
1987-04-11,4.54,43.66
1987-04-12,3.81,50.52
1987-04-13,0.01,55.94
1987-04-14,0.04,41.96
1987-04-15,0.02,37.58
1987-04-16,0.08,33.13
1987-04-17,0.0,32.83
1987-04-18,0.01,40.01
1987-04-19,7.12,44.46
1987-04-20,3.95,48.98
1987-04-21,0.14,45.7
1987-04-22,0.0,31.01
1987-04-23,0.0,26.42
1987-04-24,0.0,25.44
1987-04-25,0.0,24.61
1987-04-26,0.0,23.62
1987-04-27,0.0,26.33
1987-04-28,0.0,21.12
1987-04-29,0.0,20.48
1987-04-30,9.17,20.51
1987-05-01,0.66,27.26
1987-05-02,0.46,30.9
1987-05-03,6.97,21.66
1987-05-04,2.5,30.89
1987-05-05,0.13,24.08
1987-05-06,0.01,22.06
1987-05-07,0.0,21.52
1987-05-08,0.0,21.26
1987-05-09,0.0,21.24
1987-05-10,0.38,20.76
1987-05-11,2.5,20.5
1987-05-12,11.64,28.06
1987-05-13,2.88,30.25
1987-05-14,3.16,27.69
1987-05-15,4.55,26.84
1987-05-16,2.9,32.59
1987-05-17,0.05,30.28
1987-05-18,0.02,25.72
1987-05-19,1.34,24.5
1987-05-20,6.77,23.48
1987-05-21,7.05,25.85
1987-05-22,8.51,26.05
1987-05-23,0.02,26.38
1987-05-24,1.02,25.89
1987-05-25,0.0,23.12
1987-05-26,0.0,21.5
1987-05-27,7.54,20.99
1987-05-28,6.18,21.32
1987-05-29,6.03,28.61
1987-05-30,6.11,29.16
1987-05-31,4.42,28.02
1987-06-01,9.18,36.82
1987-06-02,8.57,35.86
1987-06-03,7.08,65.68
1987-06-04,4.88,67.46
1987-06-05,2.56,74.16
1987-06-06,1.77,73.93
1987-06-07,1.62,68.47
1987-06-08,2.5,62.46
1987-06-09,3.7,59.27
1987-06-10,0.23,40.02
1987-06-11,2.81,33.77
1987-06-12,0.66,29.15
1987-06-13,5.42,26.99
1987-06-14,0.42,35.68
1987-06-15,12.96,42.28
1987-06-16,2.51,41.3
1987-06-17,3.87,40.95
1987-06-18,2.42,55.6
1987-06-19,6.55,40.71
1987-06-20,3.12,37.83
1987-06-21,0.41,43.5
1987-06-22,9.51,42.97
1987-06-23,2.46,39.68
1987-06-24,16.6,43.45
1987-06-25,2.24,104.12
1987-06-26,0.5,88.91
1987-06-27,1.65,68.14
1987-06-28,0.03,53.98
1987-06-29,0.0,50.43
1987-06-30,6.55,37.59
1987-07-01,0.02,34.44
1987-07-02,0.0,38.6
1987-07-03,0.0,30.9
1987-07-04,0.0,25.86
1987-07-05,0.0,24.94
1987-07-06,0.0,23.17
1987-07-07,0.37,21.27
1987-07-08,1.67,19.95
1987-07-09,0.9,19.86
1987-07-10,0.0,19.77
1987-07-11,0.0,19.68
1987-07-12,0.0,19.25
1987-07-13,0.0,19.27
1987-07-14,0.0,19.95
1987-07-15,0.31,19.61
1987-07-16,4.08,19.67
1987-07-17,3.91,21.66
1987-07-18,0.76,19.86
1987-07-19,1.6,18.42
1987-07-20,4.17,18.87
1987-07-21,9.11,20.29
1987-07-22,2.03,22.24
1987-07-23,5.98,19.77
1987-07-24,7.17,22.66
1987-07-25,3.24,20.27
1987-07-26,4.32,19.8
1987-07-27,6.92,22.54
1987-07-28,0.88,21.43
1987-07-29,9.9,18.06
1987-07-30,5.19,20.41
1987-07-31,7.29,22.63
1987-08-01,1.52,22.59
1987-08-02,1.61,25.46
1987-08-03,4.26,27.25
1987-08-04,3.65,21.01
1987-08-05,5.15,20.52
1987-08-06,1.15,20.58
1987-08-07,0.39,18.72
1987-08-08,0.52,17.03
1987-08-09,17.68,17.24
1987-08-10,1.36,28.73
1987-08-11,0.01,40.7
1987-08-12,0.06,30.19
1987-08-13,8.87,22.23
1987-08-14,0.27,24.1
1987-08-15,0.01,27.1
1987-08-16,0.18,21.85
1987-08-17,0.01,26.13
1987-08-18,10.94,17.8
1987-08-19,2.8,31.33
1987-08-20,0.0,34.72
1987-08-21,0.0,25.64
1987-08-22,8.32,22.43
1987-08-23,0.21,46.25
1987-08-24,6.9,37.29
1987-08-25,1.83,29.27
1987-08-26,2.32,36.68
1987-08-27,2.2,25.74
1987-08-28,3.68,21.62
1987-08-29,3.15,21.12
1987-08-30,0.03,20.36
1987-08-31,0.0,18.84
1987-09-01,0.0,18.9
1987-09-02,0.0,19.31
1987-09-03,0.68,17.84
1987-09-04,13.49,18.94
1987-09-05,0.87,48.03
1987-09-06,0.79,36.24
1987-09-07,0.65,29.73
1987-09-08,1.15,22.11
1987-09-09,0.05,19.56
1987-09-10,1.2,18.8
1987-09-11,0.24,18.9
1987-09-12,2.0,18.08
1987-09-13,13.75,19.73
1987-09-14,5.56,40.5
1987-09-15,0.0,45.41
1987-09-16,0.0,28.83
1987-09-17,0.25,24.76
1987-09-18,14.33,27.43
1987-09-19,0.51,43.94
1987-09-20,0.05,34.14
1987-09-21,0.05,31.26
1987-09-22,22.74,28.71
1987-09-23,10.22,113.08
1987-09-24,3.36,112.71
1987-09-25,1.41,96.69
1987-09-26,0.31,68.65
1987-09-27,0.01,54.32
1987-09-28,0.38,44.64
1987-09-29,1.91,33.27
1987-09-30,0.0,29.62
1987-10-01,0.0,24.92
1987-10-02,0.0,19.94
1987-10-03,0.0,21.33
1987-10-04,0.0,20.45
1987-10-05,0.7,20.55
1987-10-06,4.9,26.36
1987-10-07,1.55,29.56
1987-10-08,2.67,27.9
1987-10-09,0.05,25.16
1987-10-10,0.0,23.57
1987-10-11,11.76,22.01
1987-10-12,15.86,36.76
1987-10-13,0.83,69.0
1987-10-14,2.8,54.82
1987-10-15,1.23,44.46
1987-10-16,0.1,40.47
1987-10-17,0.02,33.42
1987-10-18,0.0,28.21
1987-10-19,0.0,26.88
1987-10-20,0.03,26.03
1987-10-21,0.8,25.11
1987-10-22,0.88,24.36
1987-10-23,4.48,22.72
1987-10-24,0.78,24.74
1987-10-25,0.01,23.67
1987-10-26,0.0,22.46
1987-10-27,0.0,22.02
1987-10-28,1.33,21.17
1987-10-29,0.29,22.13
1987-10-30,0.13,21.23
1987-10-31,0.13,21.0
1987-11-01,5.29,20.21
1987-11-02,0.2,20.53
1987-11-03,0.01,20.55
1987-11-04,0.0,20.2
1987-11-05,0.01,19.36
1987-11-06,0.0,18.72
1987-11-07,0.0,18.61
1987-11-08,0.0,18.75
1987-11-09,0.02,19.7
1987-11-10,3.88,19.53
1987-11-11,3.64,21.62
1987-11-12,7.78,34.64
1987-11-13,17.68,50.2
1987-11-14,1.69,109.65
1987-11-15,4.1,98.83
1987-11-16,9.23,67.59
1987-11-17,2.23,89.02
1987-11-18,0.31,85.16
1987-11-19,21.3,76.62
1987-11-20,8.89,161.34
1987-11-21,6.35,191.64
1987-11-22,3.96,163.25
1987-11-23,0.03,160.28
1987-11-24,0.19,125.0
1987-11-25,4.5,102.73
1987-11-26,0.18,87.22
1987-11-27,0.4,72.83
1987-11-28,0.02,61.9
1987-11-29,0.11,61.8
1987-11-30,0.0,59.62
1987-12-01,0.0,48.86
1987-12-02,0.0,41.83
1987-12-03,0.0,38.23
1987-12-04,0.0,34.75
1987-12-05,0.0,33.15
1987-12-06,0.1,34.99
1987-12-07,0.0,41.17
1987-12-08,0.0,33.74
1987-12-09,0.0,28.57
1987-12-10,2.83,26.02
1987-12-11,0.08,25.0
1987-12-12,0.09,23.11
1987-12-13,0.0,22.61
1987-12-14,0.0,23.24
1987-12-15,1.37,24.06
1987-12-16,12.09,24.84
1987-12-17,27.21,50.47
1987-12-18,7.05,197.05
1987-12-19,5.54,255.74
1987-12-20,1.57,205.29
1987-12-21,2.06,173.37
1987-12-22,0.44,134.96
1987-12-23,0.01,108.6
1987-12-24,0.01,96.15
1987-12-25,0.57,95.47
1987-12-26,0.67,87.74
1987-12-27,0.64,76.85
1987-12-28,0.15,63.23
1987-12-29,6.91,55.84
1987-12-30,0.5,58.06
1987-12-31,0.01,67.51
1988-01-01,4.43,83.14
1988-01-02,5.84,69.34
1988-01-03,3.68,55.17
1988-01-04,5.78,55.02
1988-01-05,4.35,91.67
1988-01-06,1.26,105.24
1988-01-07,6.83,95.4
1988-01-08,0.19,93.46
1988-01-09,0.1,91.3
1988-01-10,4.18,79.36
1988-01-11,1.02,83.03
1988-01-12,0.0,77.09
1988-01-13,0.0,66.01
1988-01-14,0.01,54.5
1988-01-15,0.32,52.6
1988-01-16,1.12,47.45
1988-01-17,0.06,46.62
1988-01-18,0.0,48.08
1988-01-19,0.01,37.44
1988-01-20,0.07,37.88
1988-01-21,0.12,35.44
1988-01-22,7.81,33.88
1988-01-23,3.54,49.41
1988-01-24,5.55,64.7
1988-01-25,2.43,99.71
1988-01-26,7.36,86.57
1988-01-27,2.98,115.56
1988-01-28,5.82,97.7
1988-01-29,1.34,123.43
1988-01-30,5.01,102.52
1988-01-31,0.63,87.76
1988-02-01,5.53,97.48
1988-02-02,3.83,108.8
1988-02-03,2.28,106.6
1988-02-04,0.13,93.35
1988-02-05,2.45,80.34
1988-02-06,0.73,69.8
1988-02-07,2.42,66.43
1988-02-08,1.17,70.35
1988-02-09,2.98,69.81
1988-02-10,6.32,68.78
1988-02-11,1.93,79.38
1988-02-12,1.32,83.51
1988-02-13,0.0,63.29
1988-02-14,0.0,57.37
1988-02-15,0.0,79.8
1988-02-16,0.12,45.72
1988-02-17,2.65,45.27
1988-02-18,4.21,42.16
1988-02-19,4.87,43.66
1988-02-20,0.23,51.02
1988-02-21,0.13,52.44
1988-02-22,1.97,56.95
1988-02-23,4.75,48.12
1988-02-24,1.96,50.13
1988-02-25,3.7,50.5
1988-02-26,3.62,46.95
1988-02-27,2.3,48.6
1988-02-28,5.98,50.75
1988-02-29,5.83,76.81
1988-03-01,2.31,109.22
1988-03-02,0.49,96.96
1988-03-03,2.0,72.89
1988-03-04,2.04,71.65
1988-03-05,2.12,66.49
1988-03-06,10.99,61.73
1988-03-07,1.31,107.75
1988-03-08,0.2,107.9
1988-03-09,0.8,79.17
1988-03-10,6.14,71.99
1988-03-11,8.66,80.47
1988-03-12,2.86,95.38
1988-03-13,9.13,130.86
1988-03-14,3.55,140.12
1988-03-15,4.36,141.26
1988-03-16,5.01,164.69
1988-03-17,0.16,167.25
1988-03-18,0.06,142.13
1988-03-19,0.94,127.65
1988-03-20,7.3,112.27
1988-03-21,9.7,121.33
1988-03-22,0.7,159.26
1988-03-23,6.48,155.67
1988-03-24,9.56,148.86
1988-03-25,8.73,178.35
1988-03-26,9.38,217.24
1988-03-27,8.83,225.85
1988-03-28,3.44,239.55
1988-03-29,2.73,223.6
1988-03-30,0.25,220.49
1988-03-31,1.83,203.93
1988-04-01,0.39,172.48
1988-04-02,0.01,151.67
1988-04-03,0.0,134.79
1988-04-04,0.0,118.56
1988-04-05,0.0,103.18
1988-04-06,0.0,80.0
1988-04-07,0.06,69.0
1988-04-08,2.36,64.13
1988-04-09,3.72,62.17
1988-04-10,0.0,58.29
1988-04-11,0.0,56.91
1988-04-12,0.6,49.68
1988-04-13,0.0,43.28
1988-04-14,0.0,37.89
1988-04-15,0.0,38.38
1988-04-16,0.86,35.84
1988-04-17,5.06,36.84
1988-04-18,0.02,49.19
1988-04-19,0.04,36.81
1988-04-20,2.5,31.46
1988-04-21,0.19,30.12
1988-04-22,0.0,29.0
1988-04-23,0.0,25.16
1988-04-24,0.0,23.88
1988-04-25,0.0,26.0
1988-04-26,0.0,23.96
1988-04-27,0.16,22.85
1988-04-28,2.46,24.7
1988-04-29,0.0,23.84
1988-04-30,0.04,23.24
1988-05-01,0.01,22.59
1988-05-02,0.66,23.71
1988-05-03,0.24,22.59
1988-05-04,0.65,21.55
1988-05-05,0.0,20.69
1988-05-06,0.0,20.28
1988-05-07,0.0,20.59
1988-05-08,0.0,20.26
1988-05-09,0.0,19.51
1988-05-10,0.0,19.74
1988-05-11,0.0,19.54
1988-05-12,0.0,19.33
1988-05-13,0.0,18.77
1988-05-14,0.0,18.6
1988-05-15,0.0,18.3
1988-05-16,0.46,17.86
1988-05-17,1.78,19.24
1988-05-18,0.35,19.74
1988-05-19,5.3,18.86
1988-05-20,0.15,21.52
1988-05-21,0.0,18.18
1988-05-22,0.0,17.99
1988-05-23,0.1,17.84
1988-05-24,0.07,17.63
1988-05-25,0.0,18.27
1988-05-26,0.01,18.48
1988-05-27,4.33,18.52
1988-05-28,8.78,19.73
1988-05-29,0.4,20.75
1988-05-30,2.11,18.89
1988-05-31,0.58,18.4
1988-06-01,4.74,18.53
1988-06-02,2.2,19.7
1988-06-03,12.63,19.26
1988-06-04,2.34,25.18
1988-06-05,0.65,20.8
1988-06-06,3.04,18.68
1988-06-07,0.78,19.21
1988-06-08,0.05,19.04
1988-06-09,6.83,18.41
1988-06-10,0.07,20.27
1988-06-11,0.19,18.67
1988-06-12,0.0,17.61
1988-06-13,0.0,17.71
1988-06-14,0.0,17.98
1988-06-15,0.0,17.92
1988-06-16,0.0,17.91
1988-06-17,0.0,17.54
1988-06-18,0.0,16.82
1988-06-19,0.01,16.84
1988-06-20,0.01,16.57
1988-06-21,0.46,17.31
1988-06-22,1.26,17.43
1988-06-23,0.03,17.34
1988-06-24,0.16,17.35
1988-06-25,2.59,17.23
1988-06-26,0.08,17.19
1988-06-27,3.6,16.49
1988-06-28,5.57,20.71
1988-06-29,3.34,22.86
1988-06-30,2.82,18.59
1988-07-01,6.22,17.74
1988-07-02,1.71,20.93
1988-07-03,0.35,16.94
1988-07-04,2.49,16.73
1988-07-05,6.59,19.03
1988-07-06,1.25,20.6
1988-07-07,0.67,17.53
1988-07-08,1.37,17.21
1988-07-09,0.11,17.42
1988-07-10,0.0,16.78
1988-07-11,4.59,16.28
1988-07-12,0.0,16.22
1988-07-13,3.67,15.64
1988-07-14,7.72,16.22
1988-07-15,13.35,19.15
1988-07-16,20.35,25.55
1988-07-17,6.3,26.96
1988-07-18,3.63,20.59
1988-07-19,0.1,18.91
1988-07-20,0.16,17.09
1988-07-21,1.18,16.57
1988-07-22,6.04,16.72
1988-07-23,5.29,20.63
1988-07-24,5.08,19.92
1988-07-25,0.1,20.66
1988-07-26,13.3,19.56
1988-07-27,0.77,29.32
1988-07-28,2.04,20.5
1988-07-29,1.17,20.4
1988-07-30,0.1,19.02
1988-07-31,0.0,17.1
1988-08-01,0.25,17.29
1988-08-02,9.86,18.19
1988-08-03,0.84,21.77
1988-08-04,0.02,19.07
1988-08-05,0.0,17.28
1988-08-06,0.0,17.32
1988-08-07,0.0,16.3
1988-08-08,2.02,17.07
1988-08-09,0.0,18.91
1988-08-10,0.91,16.86
1988-08-11,0.01,16.34
1988-08-12,0.01,16.89
1988-08-13,0.0,16.34
1988-08-14,0.0,16.18
1988-08-15,0.0,15.78
1988-08-16,0.0,17.2
1988-08-17,0.0,17.98
1988-08-18,0.0,17.22
1988-08-19,2.09,18.7
1988-08-20,2.51,20.1
1988-08-21,4.41,19.24
1988-08-22,6.47,21.57
1988-08-23,0.04,22.77
1988-08-24,3.75,18.35
1988-08-25,10.01,20.89
1988-08-26,1.31,21.11
1988-08-27,0.29,18.01
1988-08-28,3.22,17.2
1988-08-29,0.49,20.01
1988-08-30,0.0,17.98
1988-08-31,0.0,17.48
1988-09-01,5.18,17.43
1988-09-02,0.69,20.07
1988-09-03,0.73,18.12
1988-09-04,0.0,16.74
1988-09-05,14.42,17.65
1988-09-06,0.01,24.04
1988-09-07,0.0,17.97
1988-09-08,0.0,17.43
1988-09-09,0.0,16.9
1988-09-10,0.0,17.45
1988-09-11,0.47,16.59
1988-09-12,8.94,16.48
1988-09-13,5.58,22.3
1988-09-14,5.22,20.15
1988-09-15,4.24,23.37
1988-09-16,12.04,21.73
1988-09-17,1.61,24.94
1988-09-18,2.16,19.57
1988-09-19,0.01,18.67
1988-09-20,0.0,18.63
1988-09-21,0.0,18.71
1988-09-22,1.34,18.57
1988-09-23,4.69,18.82
1988-09-24,41.89,23.45
1988-09-25,6.37,106.54
1988-09-26,1.96,114.88
1988-09-27,0.12,63.29
1988-09-28,8.35,41.33
1988-09-29,0.0,46.84
1988-09-30,0.0,35.02
1988-10-01,0.0,27.19
1988-10-02,0.0,24.17
1988-10-03,0.0,23.15
1988-10-04,0.0,22.47
1988-10-05,2.85,22.15
1988-10-06,8.61,25.36
1988-10-07,6.61,35.88
1988-10-08,2.49,41.85
1988-10-09,10.02,46.02
1988-10-10,0.27,87.35
1988-10-11,1.74,56.37
1988-10-12,1.25,34.56
1988-10-13,0.01,32.05
1988-10-14,0.08,29.67
1988-10-15,0.0,28.58
1988-10-16,0.0,26.1
1988-10-17,0.0,25.44
1988-10-18,0.0,24.9
1988-10-19,0.44,22.74
1988-10-20,1.8,23.12
1988-10-21,0.02,23.98
1988-10-22,0.0,22.49
1988-10-23,0.02,22.04
1988-10-24,0.46,21.56
1988-10-25,1.06,21.94
1988-10-26,0.0,21.24
1988-10-27,0.2,20.18
1988-10-28,0.04,20.22
1988-10-29,0.01,19.72
1988-10-30,0.14,19.42
1988-10-31,1.05,19.35
1988-11-01,1.94,19.6
1988-11-02,1.37,19.83
1988-11-03,0.01,19.72
1988-11-04,0.0,19.69
1988-11-05,0.0,19.46
1988-11-06,0.0,19.15
1988-11-07,0.0,19.19
1988-11-08,0.0,21.38
1988-11-09,1.54,20.92
1988-11-10,2.08,19.0
1988-11-11,0.44,19.02
1988-11-12,3.14,18.88
1988-11-13,1.79,19.36
1988-11-14,2.5,18.41
1988-11-15,1.19,18.48
1988-11-16,0.0,18.44
1988-11-17,2.9,18.19
1988-11-18,5.34,19.82
1988-11-19,1.52,20.87
1988-11-20,0.21,19.44
1988-11-21,0.1,20.63
1988-11-22,7.86,20.14
1988-11-23,2.15,21.82
1988-11-24,1.44,22.53
1988-11-25,0.19,21.85
1988-11-26,0.02,21.38
1988-11-27,0.26,20.62
1988-11-28,0.53,20.56
1988-11-29,6.66,21.2
1988-11-30,33.37,38.35
1988-12-01,2.83,139.93
1988-12-02,3.76,171.49
1988-12-03,3.91,112.81
1988-12-04,8.97,92.44
1988-12-05,1.45,134.85
1988-12-06,6.93,113.66
1988-12-07,0.54,126.44
1988-12-08,3.39,91.27
1988-12-09,5.72,76.12
1988-12-10,2.67,80.22
1988-12-11,5.47,97.48
1988-12-12,2.08,102.81
1988-12-13,1.68,100.36
1988-12-14,3.08,85.57
1988-12-15,0.07,78.69
1988-12-16,1.39,76.27
1988-12-17,4.85,62.39
1988-12-18,23.47,64.3
1988-12-19,21.88,136.54
1988-12-20,0.25,257.97
1988-12-21,2.03,247.28
1988-12-22,0.17,186.2
1988-12-23,6.93,175.79
1988-12-24,4.13,170.72
1988-12-25,0.25,183.64
1988-12-26,0.06,170.73
1988-12-27,1.31,147.15
1988-12-28,0.31,114.06
1988-12-29,0.02,102.96
1988-12-30,0.23,94.49
1988-12-31,1.61,82.71
1989-01-01,0.51,85.46
1989-01-02,0.02,71.35
1989-01-03,0.0,56.84
1989-01-04,0.79,51.8
1989-01-05,7.95,50.06
1989-01-06,3.2,70.34
1989-01-07,3.03,91.93
1989-01-08,1.63,78.65
1989-01-09,0.84,80.86
1989-01-10,3.35,74.28
1989-01-11,0.02,73.95
1989-01-12,3.12,69.72
1989-01-13,0.01,70.45
1989-01-14,0.62,66.69
1989-01-15,0.01,61.5
1989-01-16,0.0,58.92
1989-01-17,2.78,53.01
1989-01-18,0.0,48.67
1989-01-19,0.03,45.53
1989-01-20,0.03,47.97
1989-01-21,0.45,45.72
1989-01-22,0.35,39.94
1989-01-23,0.0,44.77
1989-01-24,0.0,34.7
1989-01-25,0.0,34.18
1989-01-26,0.0,35.41
1989-01-27,0.0,29.86
1989-01-28,0.43,29.15
1989-01-29,0.19,31.57
1989-01-30,0.04,36.85
1989-01-31,0.04,27.59
1989-02-01,0.0,26.99
1989-02-02,0.0,26.64
1989-02-03,0.0,26.15
1989-02-04,3.7,26.15
1989-02-05,0.55,27.63
1989-02-06,0.03,33.99
1989-02-07,0.0,27.01
1989-02-08,0.0,26.48
1989-02-09,0.0,26.02
1989-02-10,0.0,24.53
1989-02-11,0.0,23.64
1989-02-12,3.8,23.51
1989-02-13,2.99,28.1
1989-02-14,1.4,31.75
1989-02-15,6.17,30.6
1989-02-16,0.96,37.76
1989-02-17,1.12,35.1
1989-02-18,5.19,34.32
1989-02-19,15.47,49.48
1989-02-20,1.63,107.18
1989-02-21,0.0,121.4
1989-02-22,2.28,75.73
1989-02-23,2.19,62.76
1989-02-24,0.82,60.68
1989-02-25,0.38,56.42
1989-02-26,3.01,55.26
1989-02-27,2.41,58.51
1989-02-28,3.73,47.48
1989-03-01,6.51,55.08
1989-03-02,6.61,81.3
1989-03-03,3.91,100.93
1989-03-04,0.88,115.4
1989-03-05,0.01,84.19
1989-03-06,0.0,70.95
1989-03-07,1.35,54.58
1989-03-08,4.06,55.29
1989-03-09,0.21,60.46
1989-03-10,0.0,47.69
1989-03-11,1.58,42.65
1989-03-12,0.45,41.06
1989-03-13,2.87,45.62
1989-03-14,1.05,37.12
1989-03-15,3.78,36.04
1989-03-16,15.24,44.28
1989-03-17,5.33,103.76
1989-03-18,0.03,138.9
1989-03-19,0.0,97.73
1989-03-20,0.27,76.64
1989-03-21,4.07,62.36
1989-03-22,3.18,54.93
1989-03-23,1.79,52.14
1989-03-24,14.48,63.55
1989-03-25,0.0,153.47
1989-03-26,0.0,127.81
1989-03-27,0.0,91.91
1989-03-28,0.0,64.27
1989-03-29,0.0,48.84
1989-03-30,0.0,41.15
1989-03-31,0.0,39.0
1989-04-01,0.0,36.81
1989-04-02,0.0,40.03
1989-04-03,0.0,36.57
1989-04-04,0.09,30.51
1989-04-05,1.73,30.14
1989-04-06,1.26,30.07
1989-04-07,0.38,28.19
1989-04-08,1.79,27.5
1989-04-09,0.0,27.19
1989-04-10,1.23,27.93
1989-04-11,0.89,27.2
1989-04-12,5.15,27.24
1989-04-13,4.35,31.85
1989-04-14,1.04,34.56
1989-04-15,0.21,29.51
1989-04-16,3.16,27.02
1989-04-17,0.11,27.23
1989-04-18,2.95,26.47
1989-04-19,4.6,27.41
1989-04-20,1.93,27.46
1989-04-21,5.34,25.81
1989-04-22,0.14,27.06
1989-04-23,3.44,24.85
1989-04-24,2.37,26.94
1989-04-25,6.38,29.13
1989-04-26,19.22,45.49
1989-04-27,0.13,118.06
1989-04-28,0.06,85.22
1989-04-29,0.0,57.02
1989-04-30,0.0,47.26
1989-05-01,0.0,49.77
1989-05-02,0.0,38.28
1989-05-03,0.0,28.26
1989-05-04,0.0,24.74
1989-05-05,0.0,25.61
1989-05-06,0.0,26.58
1989-05-07,0.0,22.93
1989-05-08,0.0,26.71
1989-05-09,0.0,21.49
1989-05-10,0.02,20.86
1989-05-11,7.29,20.96
1989-05-12,2.22,26.65
1989-05-13,0.87,23.69
1989-05-14,0.01,20.97
1989-05-15,0.0,24.58
1989-05-16,0.0,24.71
1989-05-17,0.0,19.32
1989-05-18,0.0,21.51
1989-05-19,0.0,21.33
1989-05-20,0.0,18.44
1989-05-21,0.0,18.1
1989-05-22,0.0,17.09
1989-05-23,0.0,17.65
1989-05-24,0.0,17.88
1989-05-25,0.0,17.97
1989-05-26,0.0,17.74
1989-05-27,0.0,17.29
1989-05-28,0.0,16.87
1989-05-29,0.0,17.42
1989-05-30,0.03,18.48
1989-05-31,0.0,19.18
1989-06-01,0.0,19.14
1989-06-02,0.67,19.08
1989-06-03,2.0,19.42
1989-06-04,0.57,19.05
1989-06-05,4.5,18.57
1989-06-06,2.99,19.45
1989-06-07,5.24,21.39
1989-06-08,3.07,20.27
1989-06-09,0.02,20.08
1989-06-10,6.73,18.7
1989-06-11,1.36,20.36
1989-06-12,0.0,18.32
1989-06-13,0.0,17.98
1989-06-14,0.0,18.05
1989-06-15,0.0,18.5
1989-06-16,0.0,18.25
1989-06-17,0.0,18.47
1989-06-18,0.0,17.48
1989-06-19,0.0,17.57
1989-06-20,0.0,17.53
1989-06-21,5.13,18.09
1989-06-22,19.76,22.12
1989-06-23,0.01,27.27
1989-06-24,0.0,18.22
1989-06-25,0.26,16.92
1989-06-26,0.3,16.72
1989-06-27,4.84,17.03
1989-06-28,0.65,20.12
1989-06-29,8.4,16.93
1989-06-30,0.05,20.83
1989-07-01,11.28,17.09
1989-07-02,2.16,20.73
1989-07-03,0.01,17.43
1989-07-04,0.0,16.75
1989-07-05,0.0,16.52
1989-07-06,0.01,17.11
1989-07-07,0.64,17.15
1989-07-08,5.62,17.27
1989-07-09,16.83,21.81
1989-07-10,0.05,24.88
1989-07-11,0.0,18.05
1989-07-12,0.0,17.24
1989-07-13,0.05,16.92
1989-07-14,0.69,16.9
1989-07-15,0.51,17.19
1989-07-16,0.12,16.77
1989-07-17,0.06,16.29
1989-07-18,0.15,16.42
1989-07-19,0.0,15.73
1989-07-20,0.0,15.36
1989-07-21,0.0,15.07
1989-07-22,0.0,15.53
1989-07-23,3.04,15.09
1989-07-24,0.01,15.15
1989-07-25,2.46,14.62
1989-07-26,1.92,14.62
1989-07-27,0.0,15.29
1989-07-28,0.0,14.64
1989-07-29,0.26,14.37
1989-07-30,7.78,14.76
1989-07-31,8.24,15.78
1989-08-01,8.72,18.54
1989-08-02,0.96,20.16
1989-08-03,0.99,16.45
1989-08-04,0.0,15.93
1989-08-05,0.0,16.4
1989-08-06,1.62,16.39
1989-08-07,2.06,19.46
1989-08-08,1.32,16.43
1989-08-09,0.0,17.36
1989-08-10,1.38,16.79
1989-08-11,0.15,17.76
1989-08-12,0.08,15.25
1989-08-13,0.0,14.96
1989-08-14,0.0,14.35
1989-08-15,0.0,15.44
1989-08-16,11.56,15.86
1989-08-17,0.33,24.51
1989-08-18,0.0,16.18
1989-08-19,0.0,14.64
1989-08-20,0.0,15.02
1989-08-21,0.0,14.95
1989-08-22,0.0,15.87
1989-08-23,0.0,16.36
1989-08-24,0.08,17.02
1989-08-25,2.19,16.38
1989-08-26,6.78,16.03
1989-08-27,9.79,18.73
1989-08-28,3.79,16.87
1989-08-29,0.01,16.22
1989-08-30,0.17,16.2
1989-08-31,1.17,15.8
1989-09-01,4.13,15.74
1989-09-02,2.17,15.82
1989-09-03,1.12,15.94
1989-09-04,0.0,15.32
1989-09-05,0.0,15.1
1989-09-06,0.0,15.52
1989-09-07,0.0,15.93
1989-09-08,0.0,15.28
1989-09-09,0.0,15.15
1989-09-10,0.22,15.53
1989-09-11,0.0,15.63
1989-09-12,0.23,15.68
1989-09-13,14.47,16.59
1989-09-14,10.37,24.14
1989-09-15,6.65,25.01
1989-09-16,3.64,20.23
1989-09-17,0.11,17.67
1989-09-18,0.05,15.81
1989-09-19,0.74,16.37
1989-09-20,0.0,15.93
1989-09-21,0.0,15.17
1989-09-22,0.14,15.2
1989-09-23,5.63,15.76
1989-09-24,16.92,16.59
1989-09-25,0.37,22.14
1989-09-26,1.39,17.04
1989-09-27,0.05,15.94
1989-09-28,1.55,15.91
1989-09-29,2.15,16.11
1989-09-30,2.11,16.72
1989-10-01,0.67,15.97
1989-10-02,1.3,15.82
1989-10-03,0.0,16.7
1989-10-04,0.0,16.46
1989-10-05,1.88,16.49
1989-10-06,11.65,17.08
1989-10-07,14.2,21.78
1989-10-08,2.27,23.19
1989-10-09,4.32,17.33
1989-10-10,2.59,17.96
1989-10-11,0.74,17.35
1989-10-12,0.81,17.0
1989-10-13,5.98,16.55
1989-10-14,4.09,20.43
1989-10-15,0.31,17.89
1989-10-16,0.01,16.05
1989-10-17,0.0,16.17
1989-10-18,0.02,16.11
1989-10-19,0.14,15.92
1989-10-20,2.19,16.35
1989-10-21,0.09,17.44
1989-10-22,0.0,15.51
1989-10-23,0.08,15.41
1989-10-24,0.23,16.35
1989-10-25,0.0,16.35
1989-10-26,0.0,16.4
1989-10-27,0.0,16.33
1989-10-28,2.01,16.32
1989-10-29,9.72,16.63
1989-10-30,3.85,19.58
1989-10-31,9.18,19.75
1989-11-01,8.43,21.6
1989-11-02,1.97,22.89
1989-11-03,0.55,17.92
1989-11-04,2.42,16.54
1989-11-05,2.67,16.88
1989-11-06,0.07,17.92
1989-11-07,0.0,17.04
1989-11-08,0.82,17.38
1989-11-09,0.26,16.84
1989-11-10,0.77,16.56
1989-11-11,0.0,16.64
1989-11-12,0.0,15.79
1989-11-13,0.0,15.52
1989-11-14,0.01,15.97
1989-11-15,0.0,16.01
1989-11-16,0.0,15.9
1989-11-17,0.0,16.19
1989-11-18,0.0,16.42
1989-11-19,0.0,16.02
1989-11-20,0.0,15.78
1989-11-21,2.8,16.26
1989-11-22,0.7,16.61
1989-11-23,2.3,16.69
1989-11-24,4.18,16.97
1989-11-25,0.13,17.98
1989-11-26,2.51,16.0
1989-11-27,1.92,16.54
1989-11-28,0.05,16.88
1989-11-29,0.0,16.31
1989-11-30,0.0,16.41
1989-12-01,0.0,16.13
1989-12-02,0.0,15.95
1989-12-03,0.0,15.58
1989-12-04,0.68,15.52
1989-12-05,0.78,16.03
1989-12-06,1.17,16.68
1989-12-07,0.15,16.77
1989-12-08,1.0,16.6
1989-12-09,0.11,16.42
1989-12-10,0.26,16.06
1989-12-11,0.41,15.92
1989-12-12,5.57,16.2
1989-12-13,26.18,20.01
1989-12-14,5.39,45.41
1989-12-15,8.76,51.82
1989-12-16,10.84,39.26
1989-12-17,0.55,47.74
1989-12-18,1.25,59.07
1989-12-19,3.26,43.61
1989-12-20,12.02,35.48
1989-12-21,1.84,62.65
1989-12-22,19.19,67.74
1989-12-23,4.47,110.18
1989-12-24,1.52,127.13
1989-12-25,0.0,112.92
1989-12-26,0.0,89.97
1989-12-27,0.01,64.24
1989-12-28,0.21,47.94
1989-12-29,0.0,39.2
1989-12-30,0.0,33.25
1989-12-31,0.06,38.52
1990-01-01,0.26,44.18
1990-01-02,0.13,31.13
1990-01-03,0.0,26.76
1990-01-04,0.76,22.75
1990-01-05,3.92,22.78
1990-01-06,0.02,22.08
1990-01-07,0.2,22.48
1990-01-08,0.42,26.83
1990-01-09,0.81,20.97
1990-01-10,0.2,20.62
1990-01-11,0.03,20.48
1990-01-12,0.0,20.32
1990-01-13,0.11,20.0
1990-01-14,0.08,19.46
1990-01-15,2.03,19.53
1990-01-16,1.07,20.53
1990-01-17,1.4,19.82
1990-01-18,0.01,19.0
1990-01-19,1.71,18.49
1990-01-20,2.39,19.9
1990-01-21,0.82,19.0
1990-01-22,0.8,18.4
1990-01-23,20.38,19.11
1990-01-24,2.56,82.02
1990-01-25,8.08,126.43
1990-01-26,3.46,115.99
1990-01-27,0.31,70.49
1990-01-28,4.31,68.39
1990-01-29,0.01,51.22
1990-01-30,0.01,48.02
1990-01-31,0.01,41.39
1990-02-01,0.69,35.43
1990-02-02,1.21,32.88
1990-02-03,5.51,32.52
1990-02-04,0.0,35.56
1990-02-05,0.0,36.15
1990-02-06,0.0,30.5
1990-02-07,0.78,27.52
1990-02-08,7.17,31.72
1990-02-09,0.01,37.32
1990-02-10,5.31,34.26
1990-02-11,3.72,41.9
1990-02-12,7.45,67.58
1990-02-13,10.0,67.73
1990-02-14,5.73,86.6
1990-02-15,9.27,109.61
1990-02-16,0.21,132.02
1990-02-17,0.42,106.41
1990-02-18,2.17,81.46
1990-02-19,0.0,74.73
1990-02-20,0.0,69.04
1990-02-21,0.14,51.09
1990-02-22,0.0,43.9
1990-02-23,0.0,36.83
1990-02-24,0.0,34.74
1990-02-25,5.8,35.72
1990-02-26,12.23,48.81
1990-02-27,10.92,65.73
1990-02-28,19.38,128.27
1990-03-01,4.86,169.73
1990-03-02,2.35,208.57
1990-03-03,0.45,174.36
1990-03-04,1.35,126.44
1990-03-05,0.59,98.39
1990-03-06,2.13,86.55
1990-03-07,0.06,75.41
1990-03-08,0.0,66.1
1990-03-09,3.95,61.05
1990-03-10,5.2,60.31
1990-03-11,0.0,64.59
1990-03-12,0.0,73.1
1990-03-13,0.62,58.02
1990-03-14,0.08,49.11
1990-03-15,0.0,49.91
1990-03-16,0.0,40.66
1990-03-17,0.0,35.73
1990-03-18,0.0,35.7
1990-03-19,2.18,37.31
1990-03-20,0.39,31.88
1990-03-21,0.08,27.74
1990-03-22,3.23,24.68
1990-03-23,0.0,23.55
1990-03-24,4.58,21.58
1990-03-25,2.64,22.6
1990-03-26,4.57,27.56
1990-03-27,0.91,25.42
1990-03-28,1.69,24.37
1990-03-29,0.01,22.75
1990-03-30,0.0,20.07
1990-03-31,0.0,18.83
1990-04-01,0.0,16.33
1990-04-02,0.22,26.64
1990-04-03,3.26,23.1
1990-04-04,0.43,21.88
1990-04-05,0.0,20.99
1990-04-06,0.0,19.76
1990-04-07,0.0,19.18
1990-04-08,0.0,18.33
1990-04-09,0.0,18.26
1990-04-10,5.06,18.9
1990-04-11,0.81,24.67
1990-04-12,0.87,19.64
1990-04-13,0.53,19.12
1990-04-14,3.36,19.17
1990-04-15,5.49,29.76
1990-04-16,6.14,31.74
1990-04-17,2.83,31.59
1990-04-18,0.05,21.78
1990-04-19,0.17,20.16
1990-04-20,2.59,22.98
1990-04-21,1.49,20.74
1990-04-22,2.21,22.11
1990-04-23,2.24,21.49
1990-04-24,2.72,21.62
1990-04-25,1.75,20.66
1990-04-26,3.26,19.52
1990-04-27,0.93,22.28
1990-04-28,0.04,20.08
1990-04-29,0.0,17.74
1990-04-30,0.0,17.43
1990-05-01,0.0,17.4
1990-05-02,0.0,16.83
1990-05-03,0.0,17.2
1990-05-04,0.0,17.27
1990-05-05,0.0,16.92
1990-05-06,0.0,16.25
1990-05-07,5.37,16.82
1990-05-08,0.23,21.05
1990-05-09,4.03,16.88
1990-05-10,7.38,19.98
1990-05-11,1.8,18.03
1990-05-12,4.56,17.47
1990-05-13,5.1,18.88
1990-05-14,0.03,19.51
1990-05-15,3.89,16.86
1990-05-16,2.7,18.2
1990-05-17,0.03,17.67
1990-05-18,0.0,16.78
1990-05-19,0.0,16.47
1990-05-20,0.0,16.09
1990-05-21,0.0,16.25
1990-05-22,0.0,16.62
1990-05-23,0.0,16.84
1990-05-24,0.0,17.16
1990-05-25,0.0,16.82
1990-05-26,0.0,17.36
1990-05-27,0.01,17.01
1990-05-28,0.0,17.19
1990-05-29,0.0,17.7
1990-05-30,0.0,17.52
1990-05-31,0.0,17.39
1990-06-01,4.56,17.28
1990-06-02,5.2,19.88
1990-06-03,8.52,19.81
1990-06-04,1.06,20.69
1990-06-05,0.05,17.42
1990-06-06,3.27,16.38
1990-06-07,12.02,17.53
1990-06-08,2.31,22.73
1990-06-09,2.79,18.92
1990-06-10,3.68,16.85
1990-06-11,0.04,17.22
1990-06-12,0.01,16.19
1990-06-13,0.0,16.07
1990-06-14,0.0,15.83
1990-06-15,0.0,15.58
1990-06-16,0.0,16.05
1990-06-17,0.0,15.92
1990-06-18,1.4,16.13
1990-06-19,5.29,16.65
1990-06-20,11.21,18.2
1990-06-21,3.69,28.29
1990-06-22,1.68,19.82
1990-06-23,1.69,17.24
1990-06-24,0.01,16.4
1990-06-25,0.04,15.57
1990-06-26,0.68,15.54
1990-06-27,15.58,17.07
1990-06-28,0.0,27.17
1990-06-29,5.96,17.46
1990-06-30,7.63,17.95
1990-07-01,2.59,21.07
1990-07-02,0.14,18.13
1990-07-03,0.0,16.55
1990-07-04,0.02,16.18
1990-07-05,9.55,16.39
1990-07-06,6.68,19.71
1990-07-07,2.56,18.84
1990-07-08,0.28,16.19
1990-07-09,0.87,15.74
1990-07-10,6.11,16.29
1990-07-11,0.0,18.71
1990-07-12,0.0,16.08
1990-07-13,0.0,15.58
1990-07-14,0.0,15.61
1990-07-15,0.0,15.56
1990-07-16,0.31,15.66
1990-07-17,1.2,16.32
1990-07-18,0.25,16.08
1990-07-19,0.0,15.82
1990-07-20,0.0,15.74
1990-07-21,0.0,15.47
1990-07-22,0.0,15.61
1990-07-23,0.0,15.81
1990-07-24,0.0,16.8
1990-07-25,0.0,16.63
1990-07-26,0.0,16.15
1990-07-27,0.0,16.02
1990-07-28,0.6,16.25
1990-07-29,4.25,17.68
1990-07-30,0.0,19.85
1990-07-31,0.0,16.9
1990-08-01,0.0,16.85
1990-08-02,0.0,17.22
1990-08-03,0.0,17.18
1990-08-04,0.0,18.8
1990-08-05,0.04,18.76
1990-08-06,5.42,17.64
1990-08-07,0.01,18.87
1990-08-08,0.0,17.09
1990-08-09,0.0,16.44
1990-08-10,0.45,16.44
1990-08-11,0.0,16.44
1990-08-12,0.02,15.72
1990-08-13,4.2,16.14
1990-08-14,3.12,16.79
1990-08-15,2.09,17.55
1990-08-16,2.65,17.89
1990-08-17,0.33,17.55
1990-08-18,13.01,16.6
1990-08-19,4.78,22.44
1990-08-20,11.13,18.5
1990-08-21,1.38,21.52
1990-08-22,0.03,17.74
1990-08-23,0.0,16.09
1990-08-24,0.0,15.61
1990-08-25,1.02,15.61
1990-08-26,0.0,15.97
1990-08-27,0.01,15.71
1990-08-28,0.64,16.14
1990-08-29,2.24,17.2
1990-08-30,6.01,16.56
1990-08-31,25.15,18.69
1990-09-01,8.35,29.65
1990-09-02,9.71,20.7
1990-09-03,5.32,22.28
1990-09-04,1.13,20.85
1990-09-05,0.74,17.01
1990-09-06,5.66,16.52
1990-09-07,3.3,17.72
1990-09-08,2.31,16.1
1990-09-09,0.84,15.68
1990-09-10,12.41,15.98
1990-09-11,1.08,22.59
1990-09-12,0.21,17.24
1990-09-13,0.0,16.18
1990-09-14,0.0,15.74
1990-09-15,0.0,15.83
1990-09-16,0.0,15.4
1990-09-17,2.51,15.53
1990-09-18,1.76,17.28
1990-09-19,4.21,17.46
1990-09-20,3.62,18.92
1990-09-21,3.6,18.44
1990-09-22,1.54,18.05
1990-09-23,5.19,16.64
1990-09-24,3.34,17.93
1990-09-25,0.91,18.36
1990-09-26,0.11,16.82
1990-09-27,0.08,16.25
1990-09-28,0.01,16.2
1990-09-29,4.84,16.29
1990-09-30,3.35,17.54
1990-10-01,0.02,17.06
1990-10-02,0.0,16.7
1990-10-03,7.13,16.35
1990-10-04,0.61,19.63
1990-10-05,0.87,17.91
1990-10-06,0.04,16.6
1990-10-07,0.08,16.25
1990-10-08,0.01,15.61
1990-10-09,0.0,15.77
1990-10-10,0.0,15.74
1990-10-11,0.0,15.47
1990-10-12,0.0,15.43
1990-10-13,0.0,15.29
1990-10-14,0.0,15.06
1990-10-15,0.0,14.55
1990-10-16,0.35,15.31
1990-10-17,0.35,15.36
1990-10-18,0.2,15.52
1990-10-19,0.11,15.2
1990-10-20,0.0,15.12
1990-10-21,0.0,14.71
1990-10-22,0.0,14.35
1990-10-23,0.0,15.07
1990-10-24,0.0,15.31
1990-10-25,0.01,15.4
1990-10-26,0.07,15.89
1990-10-27,0.2,15.68
1990-10-28,12.8,15.49
1990-10-29,7.24,21.44
1990-10-30,1.05,21.67
1990-10-31,3.7,19.26
1990-11-01,8.59,21.12
1990-11-02,1.82,22.36
1990-11-03,5.26,17.98
1990-11-04,3.33,18.54
1990-11-05,0.41,16.82
1990-11-06,0.18,16.84
1990-11-07,0.02,16.61
1990-11-08,0.0,16.62
1990-11-09,0.0,16.55
1990-11-10,1.94,16.4
1990-11-11,6.11,17.63
1990-11-12,0.34,18.67
1990-11-13,4.5,16.77
1990-11-14,6.58,18.07
1990-11-15,1.56,20.84
1990-11-16,2.49,19.67
1990-11-17,25.65,22.55
1990-11-18,7.31,55.35
1990-11-19,9.51,96.88
1990-11-20,3.41,84.86
1990-11-21,0.04,95.0
1990-11-22,0.01,58.37
1990-11-23,9.37,28.36
1990-11-24,0.23,39.44
1990-11-25,4.87,41.68
1990-11-26,0.09,58.91
1990-11-27,0.2,50.11
1990-11-28,0.31,33.52
1990-11-29,5.29,29.37
1990-11-30,0.04,34.63
1990-12-01,3.81,28.33
1990-12-02,1.65,36.94
1990-12-03,1.42,47.08
1990-12-04,1.72,29.29
1990-12-05,0.04,29.02
1990-12-06,0.02,26.59
1990-12-07,0.0,24.8
1990-12-08,0.0,21.33
1990-12-09,0.0,21.72
1990-12-10,7.62,24.03
1990-12-11,6.7,32.77
1990-12-12,9.45,41.78
1990-12-13,0.63,85.48
1990-12-14,2.28,79.14
1990-12-15,0.04,54.77
1990-12-16,0.05,48.53
1990-12-17,0.0,45.08
1990-12-18,0.01,33.23
1990-12-19,1.57,30.17
1990-12-20,8.28,29.75
1990-12-21,1.75,50.63
1990-12-22,1.42,63.88
1990-12-23,0.04,52.54
1990-12-24,0.03,59.54
1990-12-25,1.57,56.98
1990-12-26,10.47,56.63
1990-12-27,3.17,84.24
1990-12-28,2.76,84.26
1990-12-29,21.61,80.71
1990-12-30,0.01,165.08
1990-12-31,2.87,166.24
1991-01-01,3.2,131.84
1991-01-02,9.8,115.36
1991-01-03,6.72,144.34
1991-01-04,2.24,163.7
1991-01-05,3.81,143.38
1991-01-06,0.11,135.3
1991-01-07,1.66,115.0
1991-01-08,7.79,91.24
1991-01-09,2.06,104.76
1991-01-10,7.57,112.58
1991-01-11,0.89,127.69
1991-01-12,1.76,93.98
1991-01-13,0.01,76.96
1991-01-14,0.0,75.02
1991-01-15,0.0,55.12
1991-01-16,0.0,45.66
1991-01-17,0.0,45.14
1991-01-18,0.0,43.3
1991-01-19,3.2,36.89
1991-01-20,2.36,40.07
1991-01-21,2.09,49.52
1991-01-22,0.03,35.19
1991-01-23,0.03,34.1
1991-01-24,0.01,33.06
1991-01-25,0.01,31.97
1991-01-26,0.14,30.69
1991-01-27,0.0,33.93
1991-01-28,0.0,33.62
1991-01-29,0.0,29.43
1991-01-30,0.0,26.78
1991-01-31,0.0,25.71
1991-02-01,0.0,24.03
1991-02-02,0.0,21.73
1991-02-03,0.0,22.48
1991-02-04,0.0,20.93
1991-02-05,1.22,20.52
1991-02-06,0.03,19.97
1991-02-07,0.05,19.12
1991-02-08,0.46,19.62
1991-02-09,0.74,21.03
1991-02-10,1.69,18.76
1991-02-11,1.23,18.29
1991-02-12,1.35,18.6
1991-02-13,2.07,18.27
1991-02-14,1.26,18.56
1991-02-15,10.11,18.86
1991-02-16,0.42,28.4
1991-02-17,0.01,24.11
1991-02-18,0.0,20.71
1991-02-19,0.0,19.59
1991-02-20,0.0,19.49
1991-02-21,0.89,20.82
1991-02-22,0.29,23.26
1991-02-23,0.03,41.43
1991-02-24,0.34,47.51
1991-02-25,0.6,46.67
1991-02-26,0.01,36.9
1991-02-27,0.01,39.2
1991-02-28,0.34,30.93
1991-03-01,0.19,28.41
1991-03-02,0.82,28.16
1991-03-03,0.0,29.67
1991-03-04,0.01,32.57
1991-03-05,1.31,22.72
1991-03-06,0.37,22.29
1991-03-07,0.02,24.09
1991-03-08,0.0,24.73
1991-03-09,0.44,23.24
1991-03-10,0.02,21.36
1991-03-11,0.41,19.15
1991-03-12,0.0,19.81
1991-03-13,0.0,20.16
1991-03-14,0.72,20.39
1991-03-15,0.32,19.85
1991-03-16,0.0,19.38
1991-03-17,0.0,19.34
1991-03-18,0.22,18.24
1991-03-19,6.98,19.22
1991-03-20,2.93,21.73
1991-03-21,19.9,23.75
1991-03-22,1.04,67.21
1991-03-23,0.18,75.26
1991-03-24,0.11,47.15
1991-03-25,0.0,38.01
1991-03-26,0.0,25.28
1991-03-27,0.0,21.7
1991-03-28,0.0,19.52
1991-03-29,0.0,19.95
1991-03-30,0.03,18.45
1991-03-31,0.02,24.45
1991-04-01,0.99,28.94
1991-04-02,0.12,20.87
1991-04-03,1.07,19.47
1991-04-04,0.12,19.58
1991-04-05,0.0,18.62
1991-04-06,0.64,17.45
1991-04-07,3.73,18.34
1991-04-08,1.6,20.1
1991-04-09,0.0,18.66
1991-04-10,0.0,17.11
1991-04-11,0.0,16.73
1991-04-12,0.0,16.95
1991-04-13,0.0,16.66
1991-04-14,0.0,16.38
1991-04-15,0.0,16.21
1991-04-16,0.41,16.41
1991-04-17,1.78,16.31
1991-04-18,1.78,16.54
1991-04-19,0.03,16.8
1991-04-20,0.25,16.31
1991-04-21,0.73,15.73
1991-04-22,6.96,17.01
1991-04-23,2.19,20.42
1991-04-24,0.92,18.5
1991-04-25,0.01,16.81
1991-04-26,0.0,16.02
1991-04-27,0.04,16.15
1991-04-28,0.0,15.59
1991-04-29,0.02,15.29
1991-04-30,0.28,15.46
1991-05-01,2.6,15.35
1991-05-02,2.61,16.36
1991-05-03,5.33,17.24
1991-05-04,1.05,17.56
1991-05-05,0.0,16.69
1991-05-06,0.42,14.95
1991-05-07,0.43,15.08
1991-05-08,0.0,16.58
1991-05-09,1.29,15.23
1991-05-10,0.01,15.12
1991-05-11,0.03,14.82
1991-05-12,0.05,14.66
1991-05-13,3.1,14.73
1991-05-14,1.32,16.36
1991-05-15,9.97,16.24
1991-05-16,0.74,20.92
1991-05-17,0.03,16.56
1991-05-18,0.17,15.62
1991-05-19,0.0,15.12
1991-05-20,0.1,14.74
1991-05-21,0.09,14.97
1991-05-22,0.0,15.37
1991-05-23,0.28,15.39
1991-05-24,0.0,15.44
1991-05-25,2.58,15.64
1991-05-26,0.55,16.6
1991-05-27,0.01,15.55
1991-05-28,0.0,15.64
1991-05-29,0.0,15.38
1991-05-30,0.0,15.86
1991-05-31,0.0,15.14
1991-06-01,0.0,15.36
1991-06-02,0.0,15.2
1991-06-03,4.34,15.44
1991-06-04,0.84,17.72
1991-06-05,0.09,16.66
1991-06-06,0.58,16.55
1991-06-07,3.16,16.75
1991-06-08,0.53,18.0
1991-06-09,6.15,15.61
1991-06-10,6.07,16.81
1991-06-11,0.56,17.85
1991-06-12,4.93,16.05
1991-06-13,1.18,17.96
1991-06-14,0.1,17.05
1991-06-15,4.34,15.72
1991-06-16,0.59,17.35
1991-06-17,0.09,15.11
1991-06-18,6.13,15.3
1991-06-19,1.99,17.4
1991-06-20,5.79,16.18
1991-06-21,1.34,17.84
1991-06-22,1.95,15.98
1991-06-23,0.68,15.23
1991-06-24,1.97,14.5
1991-06-25,1.99,15.72
1991-06-26,1.29,16.47
1991-06-27,16.86,17.02
1991-06-28,2.32,23.86
1991-06-29,0.18,17.59
1991-06-30,1.04,15.05
1991-07-01,7.85,14.88
1991-07-02,0.0,17.0
1991-07-03,0.0,15.8
1991-07-04,0.0,15.42
1991-07-05,0.0,15.52
1991-07-06,0.0,15.86
1991-07-07,0.0,15.62
1991-07-08,1.11,15.81
1991-07-09,0.02,16.98
1991-07-10,0.0,16.93
1991-07-11,0.03,16.32
1991-07-12,0.02,15.75
1991-07-13,12.94,15.55
1991-07-14,0.68,20.04
1991-07-15,0.01,15.7
1991-07-16,0.07,14.28
1991-07-17,1.16,14.33
1991-07-18,4.74,15.28
1991-07-19,0.48,17.85
1991-07-20,0.88,14.46
1991-07-21,2.35,13.89
1991-07-22,0.0,15.4
1991-07-23,0.0,14.62
1991-07-24,9.44,16.23
1991-07-25,3.79,20.27
1991-07-26,4.52,16.55
1991-07-27,0.01,18.55
1991-07-28,0.0,14.56
1991-07-29,0.0,14.29
1991-07-30,0.0,15.03
1991-07-31,3.56,14.89
1991-08-01,1.5,15.25
1991-08-02,0.0,14.54
1991-08-03,0.0,14.5
1991-08-04,0.0,14.26
1991-08-05,0.0,14.26
1991-08-06,0.0,15.32
1991-08-07,11.33,15.09
1991-08-08,21.9,36.33
1991-08-09,0.53,31.88
1991-08-10,0.37,16.36
1991-08-11,4.74,14.44
1991-08-12,0.0,14.7
1991-08-13,0.01,14.8
1991-08-14,0.02,14.5
1991-08-15,0.0,14.51
1991-08-16,0.01,14.59
1991-08-17,4.01,14.57
1991-08-18,1.83,17.16
1991-08-19,0.44,14.56
1991-08-20,1.83,15.17
1991-08-21,0.0,15.48
1991-08-22,0.05,14.92
1991-08-23,0.05,14.81
1991-08-24,0.05,14.46
1991-08-25,0.0,14.03
1991-08-26,0.0,14.05
1991-08-27,0.0,14.73
1991-08-28,0.0,14.95
1991-08-29,0.0,14.98
1991-08-30,0.0,14.66
1991-08-31,0.0,14.22
1991-09-01,0.0,14.07
1991-09-02,0.0,14.2
1991-09-03,0.0,15.1
1991-09-04,0.0,15.29
1991-09-05,0.92,15.2
1991-09-06,0.0,15.15
1991-09-07,1.28,15.07
1991-09-08,0.36,14.61
1991-09-09,0.0,14.62
1991-09-10,0.11,15.51
1991-09-11,0.11,15.23
1991-09-12,0.0,14.93
1991-09-13,0.0,15.19
1991-09-14,0.0,15.05
1991-09-15,1.97,15.0
1991-09-16,11.51,16.03
1991-09-17,0.06,21.91
1991-09-18,0.81,16.81
1991-09-19,0.23,15.86
1991-09-20,0.0,15.27
1991-09-21,0.0,15.11
1991-09-22,3.03,15.13
1991-09-23,0.39,15.8
1991-09-24,0.62,15.54
1991-09-25,11.5,16.66
1991-09-26,10.54,21.13
1991-09-27,8.76,22.61
1991-09-28,1.13,18.36
1991-09-29,0.38,15.72
1991-09-30,2.03,15.25
1991-10-01,4.92,16.35
1991-10-02,2.47,16.64
1991-10-03,0.52,15.78
1991-10-04,0.24,15.03
1991-10-05,5.92,15.33
1991-10-06,2.75,16.15
1991-10-07,0.01,16.07
1991-10-08,0.0,15.41
1991-10-09,0.0,15.55
1991-10-10,0.0,15.53
1991-10-11,0.0,15.55
1991-10-12,7.63,15.47
1991-10-13,3.1,17.54
1991-10-14,0.01,17.29
1991-10-15,5.82,15.64
1991-10-16,4.35,19.12
1991-10-17,5.21,18.72
1991-10-18,1.93,19.71
1991-10-19,2.45,16.93
1991-10-20,0.42,15.85
1991-10-21,0.0,14.95
1991-10-22,1.3,15.03
1991-10-23,1.63,15.38
1991-10-24,0.29,15.52
1991-10-25,0.01,15.12
1991-10-26,0.0,14.48
1991-10-27,0.0,14.55
1991-10-28,0.0,14.23
1991-10-29,0.0,14.68
1991-10-30,0.0,14.98
1991-10-31,0.0,14.95
1991-11-01,4.21,15.01
1991-11-02,0.47,16.72
1991-11-03,18.44,17.15
1991-11-04,10.03,26.87
1991-11-05,0.91,25.0
1991-11-06,8.13,18.39
1991-11-07,13.88,21.85
1991-11-08,15.29,29.45
1991-11-09,1.81,38.08
1991-11-10,0.28,32.87
1991-11-11,13.43,20.89
1991-11-12,6.55,33.58
1991-11-13,0.56,30.37
1991-11-14,1.09,23.94
1991-11-15,2.21,21.22
1991-11-16,0.12,20.45
1991-11-17,0.01,19.16
1991-11-18,1.66,18.37
1991-11-19,14.13,19.06
1991-11-20,2.88,40.43
1991-11-21,0.06,50.13
1991-11-22,0.51,32.74
1991-11-23,0.26,26.22
1991-11-24,0.0,24.25
1991-11-25,0.04,22.79
1991-11-26,0.0,22.2
1991-11-27,0.14,20.59
1991-11-28,0.0,20.03
1991-11-29,0.0,19.22
1991-11-30,0.0,19.08
1991-12-01,0.0,18.69
1991-12-02,0.01,18.12
1991-12-03,0.04,17.44
1991-12-04,1.13,17.46
1991-12-05,0.01,18.46
1991-12-06,0.51,17.2
1991-12-07,0.38,16.53
1991-12-08,0.4,16.44
1991-12-09,0.0,16.18
1991-12-10,0.0,16.5
1991-12-11,0.0,16.28
1991-12-12,0.0,16.37
1991-12-13,0.0,16.75
1991-12-14,0.0,16.58
1991-12-15,0.0,15.86
1991-12-16,0.6,15.63
1991-12-17,11.84,16.72
1991-12-18,5.01,31.85
1991-12-19,32.31,45.52
1991-12-20,3.8,146.18
1991-12-21,11.64,143.61
1991-12-22,7.28,138.28
1991-12-23,5.35,135.02
1991-12-24,2.39,119.53
1991-12-25,0.11,108.85
1991-12-26,6.65,98.29
1991-12-27,0.25,78.33
1991-12-28,0.02,60.5
1991-12-29,1.15,61.49
1991-12-30,0.2,52.82
1991-12-31,0.01,46.33
1992-01-01,0.0,51.67
1992-01-02,0.0,41.46
1992-01-03,0.03,32.95
1992-01-04,3.78,30.98
1992-01-05,14.71,34.42
1992-01-06,3.45,67.85
1992-01-07,0.03,87.32
1992-01-08,1.74,72.2
1992-01-09,1.54,54.12
1992-01-10,0.0,48.29
1992-01-11,0.0,41.11
1992-01-12,1.07,38.07
1992-01-13,0.74,41.35
1992-01-14,0.83,31.54
1992-01-15,0.03,28.58
1992-01-16,0.7,28.18
1992-01-17,0.06,25.82
1992-01-18,0.29,21.76
1992-01-19,10.49,27.82
1992-01-20,0.0,35.17
1992-01-21,0.0,34.45
1992-01-22,0.0,31.23
1992-01-23,0.0,24.86
1992-01-24,0.0,22.33
1992-01-25,0.37,20.96
1992-01-26,0.36,26.42
1992-01-27,0.01,22.97
1992-01-28,0.0,19.75
1992-01-29,0.17,19.03
1992-01-30,0.04,19.25
1992-01-31,0.04,19.65
1992-02-01,0.02,20.02
1992-02-02,0.99,19.64
1992-02-03,2.33,19.27
1992-02-04,1.26,21.92
1992-02-05,3.52,24.93
1992-02-06,0.04,22.96
1992-02-07,0.01,25.52
1992-02-08,0.0,23.31
1992-02-09,1.23,23.47
1992-02-10,7.08,30.47
1992-02-11,0.8,32.99
1992-02-12,1.98,33.85
1992-02-13,1.56,32.1
1992-02-14,1.25,32.71
1992-02-15,4.33,32.65
1992-02-16,6.31,38.05
1992-02-17,0.65,51.3
1992-02-18,0.13,43.53
1992-02-19,0.73,31.72
1992-02-20,0.15,31.62
1992-02-21,0.57,28.5
1992-02-22,0.24,26.83
1992-02-23,2.52,27.4
1992-02-24,0.01,31.96
1992-02-25,0.01,25.97
1992-02-26,0.01,25.52
1992-02-27,0.01,23.79
1992-02-28,0.0,23.46
1992-02-29,0.0,23.15
1992-03-01,0.9,23.06
1992-03-02,0.63,24.74
1992-03-03,0.7,20.48
1992-03-04,0.0,20.3
1992-03-05,2.66,19.81
1992-03-06,2.45,20.93
1992-03-07,0.04,20.45
1992-03-08,0.0,19.28
1992-03-09,0.01,18.72
1992-03-10,3.72,20.53
1992-03-11,5.54,23.95
1992-03-12,24.38,27.66
1992-03-13,21.68,108.8
1992-03-14,4.01,221.51
1992-03-15,0.19,186.51
1992-03-16,0.01,140.93
1992-03-17,0.32,101.14
1992-03-18,0.28,77.89
1992-03-19,0.25,64.7
1992-03-20,4.03,52.01
1992-03-21,5.97,48.79
1992-03-22,12.06,72.69
1992-03-23,2.54,107.87
1992-03-24,0.18,91.86
1992-03-25,0.52,71.8
1992-03-26,0.17,62.36
1992-03-27,2.58,52.81
1992-03-28,2.23,47.2
1992-03-29,0.71,45.84
1992-03-30,0.44,48.25
1992-03-31,0.17,40.03
1992-04-01,4.44,36.26
1992-04-02,0.82,35.1
1992-04-03,1.99,32.8
1992-04-04,0.07,30.61
1992-04-05,0.06,32.39
1992-04-06,0.36,33.74
1992-04-07,0.0,26.7
1992-04-08,0.0,23.03
1992-04-09,0.0,21.72
1992-04-10,0.0,21.0
1992-04-11,0.0,21.54
1992-04-12,3.11,20.74
1992-04-13,2.19,22.54
1992-04-14,1.69,24.6
1992-04-15,3.48,21.49
1992-04-16,1.93,23.83
1992-04-17,3.27,20.65
1992-04-18,4.41,24.18
1992-04-19,0.07,35.05
1992-04-20,0.03,32.57
1992-04-21,0.0,23.26
1992-04-22,0.01,19.97
1992-04-23,0.79,19.99
1992-04-24,0.0,19.91
1992-04-25,3.76,19.5
1992-04-26,14.18,20.42
1992-04-27,1.72,45.35
1992-04-28,9.7,47.43
1992-04-29,2.69,46.36
1992-04-30,0.05,42.61
1992-05-01,4.81,44.04
1992-05-02,0.52,37.34
1992-05-03,0.05,37.31
1992-05-04,0.0,26.63
1992-05-05,0.0,23.69
1992-05-06,0.0,21.33
1992-05-07,0.35,20.68
1992-05-08,3.29,22.19
1992-05-09,11.24,24.31
1992-05-10,4.27,28.85
1992-05-11,6.24,26.36
1992-05-12,0.0,25.37
1992-05-13,0.0,19.8
1992-05-14,0.0,19.45
1992-05-15,0.0,18.77
1992-05-16,0.0,17.31
1992-05-17,0.0,16.59
1992-05-18,0.0,16.73
1992-05-19,0.0,17.04
1992-05-20,0.0,16.68
1992-05-21,0.0,16.83
1992-05-22,0.0,16.79
1992-05-23,0.01,16.59
1992-05-24,0.0,16.41
1992-05-25,0.0,16.39
1992-05-26,0.02,17.28
1992-05-27,0.0,17.92
1992-05-28,0.0,17.07
1992-05-29,0.0,16.74
1992-05-30,0.08,17.08
1992-05-31,0.0,17.07
1992-06-01,0.36,16.41
1992-06-02,8.48,16.68
1992-06-03,7.86,24.15
1992-06-04,19.99,26.45
1992-06-05,27.17,26.71
1992-06-06,16.09,52.96
1992-06-07,5.52,57.82
1992-06-08,2.79,62.45
1992-06-09,0.07,39.22
1992-06-10,0.0,23.97
1992-06-11,3.09,19.27
1992-06-12,0.09,18.08
1992-06-13,0.0,16.69
1992-06-14,0.0,16.29
1992-06-15,0.0,15.98
1992-06-16,0.03,16.64
1992-06-17,0.0,18.35
1992-06-18,2.19,18.43
1992-06-19,5.09,19.46
1992-06-20,0.2,21.88
1992-06-21,0.45,18.83
1992-06-22,0.02,18.33
1992-06-23,0.0,18.45
1992-06-24,0.0,18.51
1992-06-25,0.0,17.08
1992-06-26,0.0,17.14
1992-06-27,0.0,17.26
1992-06-28,0.0,17.33
1992-06-29,0.0,17.43
1992-06-30,0.04,18.22
1992-07-01,0.7,17.81
1992-07-02,0.16,17.81
1992-07-03,2.88,17.5
1992-07-04,3.66,17.62
1992-07-05,13.82,18.04
1992-07-06,5.6,20.62
1992-07-07,0.0,17.55
1992-07-08,0.0,16.42
1992-07-09,2.09,16.87
1992-07-10,5.5,17.48
1992-07-11,1.23,19.47
1992-07-12,3.51,17.87
1992-07-13,8.98,18.9
1992-07-14,4.25,22.45
1992-07-15,0.01,20.04
1992-07-16,0.02,16.85
1992-07-17,2.72,16.5
1992-07-18,0.01,17.24
1992-07-19,0.0,16.26
1992-07-20,0.0,16.27
1992-07-21,2.01,17.17
1992-07-22,0.36,18.46
1992-07-23,0.0,16.55
1992-07-24,14.34,16.76
1992-07-25,0.24,23.1
1992-07-26,0.0,16.94
1992-07-27,2.28,15.86
1992-07-28,0.0,16.65
1992-07-29,0.0,16.5
1992-07-30,0.0,16.7
1992-07-31,0.0,16.87
1992-08-01,0.32,17.0
1992-08-02,0.0,16.84
1992-08-03,0.72,16.74
1992-08-04,0.0,17.64
1992-08-05,0.0,16.8
1992-08-06,0.0,16.74
1992-08-07,0.11,17.03
1992-08-08,1.53,17.96
1992-08-09,1.47,18.35
1992-08-10,1.21,17.13
1992-08-11,4.11,18.02
1992-08-12,5.95,19.7
1992-08-13,12.31,20.34
1992-08-14,9.82,26.67
1992-08-15,0.01,22.21
1992-08-16,3.63,16.38
1992-08-17,3.33,18.36
1992-08-18,0.03,18.5
1992-08-19,0.82,16.61
1992-08-20,5.25,16.49
1992-08-21,0.17,17.8
1992-08-22,6.87,16.79
1992-08-23,3.02,22.78
1992-08-24,5.92,19.11
1992-08-25,2.48,20.08
1992-08-26,6.46,18.88
1992-08-27,0.91,19.9
1992-08-28,15.2,17.97
1992-08-29,4.19,32.87
1992-08-30,1.56,21.28
1992-08-31,8.22,17.9
1992-09-01,3.85,19.8
1992-09-02,2.6,19.35
1992-09-03,3.3,17.64
1992-09-04,7.57,19.02
1992-09-05,7.4,20.08
1992-09-06,0.02,21.42
1992-09-07,0.76,17.9
1992-09-08,0.03,17.32
1992-09-09,0.0,17.17
1992-09-10,0.0,16.94
1992-09-11,4.44,16.72
1992-09-12,0.0,22.84
1992-09-13,0.97,17.35
1992-09-14,2.15,17.08
1992-09-15,0.0,17.13
1992-09-16,0.0,16.67
1992-09-17,0.0,16.35
1992-09-18,7.14,16.4
1992-09-19,9.08,22.25
1992-09-20,0.42,19.31
1992-09-21,0.0,17.96
1992-09-22,0.04,17.58
1992-09-23,0.03,17.42
1992-09-24,0.0,16.96
1992-09-25,0.0,16.93
1992-09-26,0.0,16.88
1992-09-27,0.0,16.8
1992-09-28,0.0,16.8
1992-09-29,0.0,17.22
1992-09-30,0.45,17.33
1992-10-01,1.96,17.35
1992-10-02,0.99,17.48
1992-10-03,0.37,17.5
1992-10-04,0.02,16.75
1992-10-05,3.5,16.23
1992-10-06,13.49,18.66
1992-10-07,2.19,23.9
1992-10-08,0.02,18.09
1992-10-09,2.0,16.85
1992-10-10,0.02,17.11
1992-10-11,0.84,16.17
1992-10-12,0.0,16.05
1992-10-13,0.0,16.22
1992-10-14,5.67,16.06
1992-10-15,0.36,18.31
1992-10-16,0.11,17.56
1992-10-17,0.07,16.4
1992-10-18,0.24,15.96
1992-10-19,0.0,15.6
1992-10-20,5.05,15.64
1992-10-21,4.1,18.74
1992-10-22,1.09,19.18
1992-10-23,6.65,17.07
1992-10-24,6.75,18.91
1992-10-25,18.87,21.21
1992-10-26,2.48,31.95
1992-10-27,7.05,28.78
1992-10-28,2.28,22.4
1992-10-29,4.8,21.67
1992-10-30,0.81,23.18
1992-10-31,0.03,21.17
1992-11-01,0.01,23.81
1992-11-02,5.06,19.95
1992-11-03,1.9,20.45
1992-11-04,0.61,18.9
1992-11-05,0.53,18.09
1992-11-06,0.01,17.74
1992-11-07,2.01,17.29
1992-11-08,0.0,17.45
1992-11-09,1.91,16.94
1992-11-10,2.83,17.52
1992-11-11,16.33,21.27
1992-11-12,7.03,37.27
1992-11-13,4.32,41.24
1992-11-14,1.07,42.19
1992-11-15,6.24,41.61
1992-11-16,3.71,55.45
1992-11-17,17.06,57.95
1992-11-18,2.79,106.46
1992-11-19,1.54,107.15
1992-11-20,0.13,71.01
1992-11-21,9.41,53.24
1992-11-22,17.49,62.63
1992-11-23,0.91,132.9
1992-11-24,2.11,142.0
1992-11-25,6.16,104.86
1992-11-26,2.55,99.1
1992-11-27,3.02,93.84
1992-11-28,0.03,84.02
1992-11-29,1.05,75.69
1992-11-30,1.35,65.47
1992-12-01,0.03,49.88
1992-12-02,5.12,46.64
1992-12-03,1.13,51.33
1992-12-04,9.3,52.05
1992-12-05,0.01,69.74
1992-12-06,0.46,70.1
1992-12-07,2.35,59.25
1992-12-08,0.02,54.34
1992-12-09,0.06,45.0
1992-12-10,0.01,38.33
1992-12-11,23.74,37.71
1992-12-12,2.31,85.13
1992-12-13,1.59,130.28
1992-12-14,0.01,105.64
1992-12-15,0.0,73.6
1992-12-16,0.26,67.87
1992-12-17,0.0,55.82
1992-12-18,2.37,48.49
1992-12-19,4.47,50.81
1992-12-20,7.59,55.26
1992-12-21,0.28,72.37
1992-12-22,3.58,63.18
1992-12-23,0.07,62.1
1992-12-24,0.03,61.13
1992-12-25,0.0,66.31
1992-12-26,0.0,61.66
1992-12-27,0.0,55.79
1992-12-28,0.0,43.95
1992-12-29,0.0,33.34
1992-12-30,0.0,31.49
1992-12-31,0.0,30.91
1993-01-01,0.0,39.28
1993-01-02,0.0,34.72
1993-01-03,0.0,25.38
1993-01-04,0.0,29.6
1993-01-05,2.18,22.64
1993-01-06,13.91,23.5
1993-01-07,2.44,41.65
1993-01-08,0.59,56.09
1993-01-09,4.33,48.87
1993-01-10,5.92,69.33
1993-01-11,27.58,125.14
1993-01-12,7.32,216.24
1993-01-13,2.46,265.47
1993-01-14,0.08,208.81
1993-01-15,0.05,160.12
1993-01-16,0.0,135.17
1993-01-17,0.3,115.98
1993-01-18,0.0,102.54
1993-01-19,1.61,79.08
1993-01-20,6.72,71.25
1993-01-21,4.59,89.02
1993-01-22,18.95,86.1
1993-01-23,1.36,174.41
1993-01-24,7.58,155.76
1993-01-25,3.92,147.54
1993-01-26,4.53,139.15
1993-01-27,0.67,127.69
1993-01-28,28.79,112.8
1993-01-29,1.2,175.96
1993-01-30,0.0,209.24
1993-01-31,0.0,151.36
1993-02-01,0.0,150.2
1993-02-02,0.01,126.64
1993-02-03,0.02,105.2
1993-02-04,0.12,93.61
1993-02-05,0.37,84.75
1993-02-06,1.97,69.91
1993-02-07,0.5,68.75
1993-02-08,0.04,70.85
1993-02-09,0.02,62.59
1993-02-10,0.01,62.16
1993-02-11,0.0,56.94
1993-02-12,0.02,52.14
1993-02-13,0.02,49.41
1993-02-14,0.01,50.34
1993-02-15,0.43,45.17
1993-02-16,5.62,39.75
1993-02-17,1.72,40.88
1993-02-18,3.03,49.47
1993-02-19,4.87,54.02
1993-02-20,10.11,62.39
1993-02-21,1.11,101.31
1993-02-22,0.03,114.13
1993-02-23,0.13,78.38
1993-02-24,0.0,54.82
1993-02-25,0.27,50.76
1993-02-26,1.86,44.71
1993-02-27,1.52,44.07
1993-02-28,0.15,47.21
1993-03-01,0.0,46.58
1993-03-02,0.0,36.18
1993-03-03,0.0,34.45
1993-03-04,0.07,28.79
1993-03-05,2.51,24.73
1993-03-06,3.08,30.2
1993-03-07,0.14,33.26
1993-03-08,0.0,39.96
1993-03-09,0.0,33.58
1993-03-10,0.0,31.82
1993-03-11,0.0,28.78
1993-03-12,0.0,26.33
1993-03-13,0.0,23.63
1993-03-14,0.02,28.39
1993-03-15,0.0,30.24
1993-03-16,1.58,23.36
1993-03-17,0.32,24.96
1993-03-18,1.06,22.72
1993-03-19,0.0,22.0
1993-03-20,0.0,20.45
1993-03-21,0.0,20.59
1993-03-22,3.43,23.65
1993-03-23,0.01,22.02
1993-03-24,0.22,20.72
1993-03-25,1.21,20.04
1993-03-26,0.01,20.2
1993-03-27,0.22,19.46
1993-03-28,0.01,19.76
1993-03-29,0.0,20.92
1993-03-30,0.0,20.0
1993-03-31,0.0,18.78
1993-04-01,1.43,18.83
1993-04-02,7.14,19.99
1993-04-03,0.14,21.18
1993-04-04,3.87,19.88
1993-04-05,2.33,24.22
1993-04-06,12.34,23.94
1993-04-07,0.88,32.06
1993-04-08,0.02,29.48
1993-04-09,0.07,23.07
1993-04-10,0.06,34.56
1993-04-11,1.9,35.97
1993-04-12,1.3,34.2
1993-04-13,5.86,23.46
1993-04-14,2.44,25.79
1993-04-15,0.83,25.62
1993-04-16,0.02,22.4
1993-04-17,2.71,21.77
1993-04-18,14.66,22.83
1993-04-19,8.16,56.5
1993-04-20,0.02,76.45
1993-04-21,2.41,57.23
1993-04-22,0.61,47.74
1993-04-23,0.52,38.54
1993-04-24,0.25,30.4
1993-04-25,0.0,33.44
1993-04-26,0.0,30.91
1993-04-27,0.0,21.96
1993-04-28,0.0,20.12
1993-04-29,0.0,18.8
1993-04-30,0.0,18.67
1993-05-01,2.86,18.16
1993-05-02,0.32,22.79
1993-05-03,0.01,21.7
1993-05-04,0.0,18.13
1993-05-05,0.0,17.68
1993-05-06,0.09,17.89
1993-05-07,0.0,17.51
1993-05-08,0.01,18.14
1993-05-09,1.58,17.95
1993-05-10,0.15,18.14
1993-05-11,0.02,18.2
1993-05-12,1.38,18.18
1993-05-13,7.31,19.64
1993-05-14,1.25,24.97
1993-05-15,3.93,20.14
1993-05-16,0.02,20.32
1993-05-17,0.0,17.9
1993-05-18,2.49,18.55
1993-05-19,8.37,20.74
1993-05-20,14.9,24.31
1993-05-21,0.69,30.47
1993-05-22,0.0,21.42
1993-05-23,0.0,19.08
1993-05-24,0.0,18.69
1993-05-25,0.02,18.68
1993-05-26,8.13,18.27
1993-05-27,1.41,35.01
1993-05-28,4.69,24.47
1993-05-29,0.01,21.85
1993-05-30,3.82,19.36
1993-05-31,3.28,19.46
1993-06-01,0.0,19.96
1993-06-02,5.09,18.46
1993-06-03,1.57,19.91
1993-06-04,0.0,18.47
1993-06-05,0.03,17.97
1993-06-06,0.04,17.67
1993-06-07,0.0,17.81
1993-06-08,0.0,18.34
1993-06-09,0.0,17.98
1993-06-10,4.77,18.57
1993-06-11,0.02,17.96
1993-06-12,0.01,17.85
1993-06-13,0.14,17.77
1993-06-14,2.56,17.63
1993-06-15,0.04,19.03
1993-06-16,17.08,18.23
1993-06-17,1.93,23.57
1993-06-18,1.5,18.03
1993-06-19,0.0,17.48
1993-06-20,0.0,16.66
1993-06-21,0.0,16.48
1993-06-22,0.31,16.98
1993-06-23,0.31,17.1
1993-06-24,0.74,17.46
1993-06-25,0.08,17.27
1993-06-26,1.81,16.94
1993-06-27,0.11,17.2
1993-06-28,0.0,17.02
1993-06-29,0.0,17.19
1993-06-30,0.0,16.84
1993-07-01,0.0,16.87
1993-07-02,0.0,17.15
1993-07-03,0.0,17.34
1993-07-04,0.0,16.72
1993-07-05,6.99,16.57
1993-07-06,0.04,17.96
1993-07-07,0.0,16.06
1993-07-08,0.0,15.53
1993-07-09,0.34,16.08
1993-07-10,0.37,15.75
1993-07-11,2.47,15.89
1993-07-12,2.93,15.99
1993-07-13,1.38,16.76
1993-07-14,12.61,17.84
1993-07-15,16.33,20.7
1993-07-16,13.66,28.43
1993-07-17,0.05,26.18
1993-07-18,1.14,17.26
1993-07-19,10.69,16.5
1993-07-20,5.73,22.56
1993-07-21,3.98,18.84
1993-07-22,1.02,19.97
1993-07-23,3.13,17.07
1993-07-24,3.25,17.12
1993-07-25,9.23,18.11
1993-07-26,5.66,19.92
1993-07-27,13.58,19.33
1993-07-28,0.37,25.47
1993-07-29,0.82,18.06
1993-07-30,12.93,17.2
1993-07-31,12.21,27.53
1993-08-01,0.0,30.98
1993-08-02,0.0,24.17
1993-08-03,0.52,17.53
1993-08-04,0.0,16.9
1993-08-05,5.46,17.2
1993-08-06,0.18,18.46
1993-08-07,1.27,16.35
1993-08-08,3.19,15.97
1993-08-09,6.91,16.29
1993-08-10,5.75,23.05
1993-08-11,0.18,20.39
1993-08-12,2.9,16.98
1993-08-13,0.0,17.45
1993-08-14,2.59,16.49
1993-08-15,1.78,19.55
1993-08-16,0.0,19.09
1993-08-17,0.0,17.32
1993-08-18,0.0,16.59
1993-08-19,0.0,16.55
1993-08-20,0.95,16.44
1993-08-21,0.84,16.58
1993-08-22,7.77,17.23
1993-08-23,0.08,21.43
1993-08-24,0.12,17.17
1993-08-25,1.29,16.6
1993-08-26,0.4,16.69
1993-08-27,0.03,16.61
1993-08-28,0.0,16.37
1993-08-29,0.0,16.05
1993-08-30,4.61,16.32
1993-08-31,0.94,17.28
1993-09-01,0.04,16.54
1993-09-02,6.47,16.29
1993-09-03,10.15,18.15
1993-09-04,2.39,19.23
1993-09-05,0.01,16.52
1993-09-06,0.0,15.54
1993-09-07,0.91,16.1
1993-09-08,15.81,17.07
1993-09-09,4.84,31.24
1993-09-10,7.15,26.18
1993-09-11,1.61,24.07
1993-09-12,0.78,19.78
1993-09-13,5.72,18.9
1993-09-14,5.17,22.13
1993-09-15,4.93,22.79
1993-09-16,21.58,28.77
1993-09-17,1.17,55.86
1993-09-18,0.0,47.73
1993-09-19,0.0,33.5
1993-09-20,0.34,25.95
1993-09-21,2.22,21.29
1993-09-22,3.24,20.94
1993-09-23,2.01,24.83
1993-09-24,11.91,22.68
1993-09-25,21.1,47.24
1993-09-26,0.39,129.57
1993-09-27,0.01,92.85
1993-09-28,0.0,42.49
1993-09-29,0.0,29.67
1993-09-30,1.37,24.73
1993-10-01,0.2,25.98
1993-10-02,27.53,27.49
1993-10-03,23.03,68.41
1993-10-04,0.97,177.81
1993-10-05,5.35,162.36
1993-10-06,4.67,131.58
1993-10-07,2.09,119.2
1993-10-08,1.64,95.31
1993-10-09,2.35,87.53
1993-10-10,2.47,73.24
1993-10-11,0.32,58.9
1993-10-12,0.3,51.35
1993-10-13,3.62,41.73
1993-10-14,12.33,39.99
1993-10-15,0.5,54.86
1993-10-16,0.02,52.6
1993-10-17,0.0,45.7
1993-10-18,0.0,42.62
1993-10-19,0.01,33.18
1993-10-20,1.78,27.44
1993-10-21,6.78,31.64
1993-10-22,0.2,39.99
1993-10-23,2.64,40.04
1993-10-24,0.01,37.78
1993-10-25,0.05,34.17
1993-10-26,0.57,25.92
1993-10-27,0.1,25.5
1993-10-28,0.0,22.29
1993-10-29,0.0,22.08
1993-10-30,0.0,21.44
1993-10-31,0.03,20.31
1993-11-01,0.02,23.2
1993-11-02,0.0,21.5
1993-11-03,0.0,20.78
1993-11-04,0.0,19.45
1993-11-05,0.08,19.58
1993-11-06,0.3,19.18
1993-11-07,2.45,19.07
1993-11-08,1.41,19.32
1993-11-09,0.17,19.53
1993-11-10,2.62,18.87
1993-11-11,1.82,22.05
1993-11-12,0.62,21.74
1993-11-13,5.37,22.61
1993-11-14,24.01,28.45
1993-11-15,0.6,114.55
1993-11-16,0.0,114.14
1993-11-17,0.0,68.32
1993-11-18,0.0,46.47
1993-11-19,0.66,38.46
1993-11-20,0.18,32.12
1993-11-21,0.09,32.94
1993-11-22,0.01,30.2
1993-11-23,0.01,24.92
1993-11-24,0.0,22.39
1993-11-25,0.0,21.96
1993-11-26,0.0,22.71
1993-11-27,0.0,19.37
1993-11-28,0.01,18.32
1993-11-29,0.0,19.61
1993-11-30,0.0,22.96
1993-12-01,0.44,20.05
1993-12-02,2.41,19.04
1993-12-03,0.09,21.72
1993-12-04,2.77,21.69
1993-12-05,0.07,26.0
1993-12-06,0.08,29.61
1993-12-07,5.45,26.37
1993-12-08,10.92,45.4
1993-12-09,2.37,77.33
1993-12-10,2.76,79.96
1993-12-11,1.51,56.92
1993-12-12,8.79,51.08
1993-12-13,14.8,82.06
1993-12-14,1.45,147.69
1993-12-15,1.25,129.32
1993-12-16,7.39,100.24
1993-12-17,2.49,97.32
1993-12-18,2.31,83.11
1993-12-19,11.18,95.38
1993-12-20,9.11,161.21
1993-12-21,11.47,163.96
1993-12-22,9.04,179.5
1993-12-23,2.19,209.37
1993-12-24,13.95,216.05
1993-12-25,1.99,214.41
1993-12-26,5.39,209.95
1993-12-27,4.51,170.8
1993-12-28,1.02,151.78
1993-12-29,6.14,138.83
1993-12-30,16.99,141.96
1993-12-31,8.32,218.27
1994-01-01,0.53,278.87
1994-01-02,10.52,240.24
1994-01-03,7.12,248.53
1994-01-04,1.79,258.63
1994-01-05,3.69,240.21
1994-01-06,1.15,229.83
1994-01-07,0.05,203.06
1994-01-08,0.0,156.04
1994-01-09,0.0,134.25
1994-01-10,0.0,121.92
1994-01-11,0.64,100.55
1994-01-12,8.5,83.74
1994-01-13,2.25,94.79
1994-01-14,0.4,106.34
1994-01-15,0.63,90.83
1994-01-16,0.51,87.44
1994-01-17,0.01,72.8
1994-01-18,0.11,61.35
1994-01-19,8.27,59.36
1994-01-20,0.04,59.83
1994-01-21,0.16,65.26
1994-01-22,2.55,68.08
1994-01-23,13.36,86.5
1994-01-24,0.09,169.74
1994-01-25,13.89,122.01
1994-01-26,5.63,157.43
1994-01-27,11.37,185.08
1994-01-28,2.27,190.37
1994-01-29,2.93,202.4
1994-01-30,3.43,162.73
1994-01-31,0.04,163.99
1994-02-01,0.62,127.34
1994-02-02,0.0,108.52
1994-02-03,1.9,97.2
1994-02-04,0.14,88.35
1994-02-05,0.02,81.07
1994-02-06,0.27,73.6
1994-02-07,0.03,66.92
1994-02-08,0.63,53.64
1994-02-09,2.37,48.03
1994-02-10,3.56,57.89
1994-02-11,0.49,57.52
1994-02-12,0.07,54.89
1994-02-13,0.05,56.55
1994-02-14,0.0,47.32
1994-02-15,0.0,36.38
1994-02-16,0.0,35.39
1994-02-17,0.0,33.55
1994-02-18,0.0,33.88
1994-02-19,0.0,31.78
1994-02-20,0.0,32.95
1994-02-21,0.01,32.08
1994-02-22,5.8,28.31
1994-02-23,2.57,27.44
1994-02-24,0.98,28.57
1994-02-25,0.13,33.38
1994-02-26,0.04,27.71
1994-02-27,0.12,31.33
1994-02-28,2.49,38.98
1994-03-01,3.49,37.88
1994-03-02,4.89,44.74
1994-03-03,5.68,68.01
1994-03-04,0.0,73.1
1994-03-05,3.38,61.16
1994-03-06,0.3,62.57
1994-03-07,2.17,64.38
1994-03-08,0.13,54.8
1994-03-09,0.01,49.44
1994-03-10,0.0,39.24
1994-03-11,0.03,37.0
1994-03-12,2.0,34.53
1994-03-13,6.08,43.18
1994-03-14,15.59,58.86
1994-03-15,32.04,101.61
1994-03-16,8.68,269.4
1994-03-17,2.24,276.4
1994-03-18,18.2,226.26
1994-03-19,5.15,258.12
1994-03-20,0.67,290.2
1994-03-21,0.01,238.06
1994-03-22,1.04,204.64
1994-03-23,7.63,156.46
1994-03-24,1.89,154.26
1994-03-25,15.37,156.55
1994-03-26,2.28,210.22
1994-03-27,0.04,163.18
1994-03-28,0.4,133.89
1994-03-29,0.22,121.56
1994-03-30,0.16,107.48
1994-03-31,6.46,101.49
1994-04-01,13.15,115.47
1994-04-02,4.45,164.26
1994-04-03,0.62,155.46
1994-04-04,13.48,129.12
1994-04-05,1.16,180.36
1994-04-06,1.19,154.25
1994-04-07,0.06,117.21
1994-04-08,1.74,90.61
1994-04-09,4.72,83.69
1994-04-10,3.08,102.71
1994-04-11,1.1,87.6
1994-04-12,1.93,76.58
1994-04-13,12.89,66.78
1994-04-14,0.02,79.44
1994-04-15,0.0,83.74
1994-04-16,0.0,84.95
1994-04-17,0.0,80.75
1994-04-18,0.0,70.53
1994-04-19,0.0,57.23
1994-04-20,0.0,52.96
1994-04-21,0.01,48.08
1994-04-22,0.18,45.09
1994-04-23,0.73,41.0
1994-04-24,1.45,43.84
1994-04-25,1.66,47.12
1994-04-26,0.12,36.47
1994-04-27,0.31,32.95
1994-04-28,0.03,29.31
1994-04-29,0.0,29.62
1994-04-30,0.0,27.95
1994-05-01,0.0,36.51
1994-05-02,0.0,31.8
1994-05-03,0.42,23.73
1994-05-04,13.55,25.24
1994-05-05,2.08,31.25
1994-05-06,4.02,29.31
1994-05-07,0.01,28.62
1994-05-08,3.18,27.74
1994-05-09,1.25,37.87
1994-05-10,0.02,25.61
1994-05-11,0.0,22.96
1994-05-12,0.0,21.38
1994-05-13,0.23,20.53
1994-05-14,9.09,20.2
1994-05-15,0.49,26.49
1994-05-16,1.87,25.28
1994-05-17,0.0,23.86
1994-05-18,2.44,22.24
1994-05-19,6.21,19.02
1994-05-20,3.07,19.16
1994-05-21,2.22,26.99
1994-05-22,0.58,33.52
1994-05-23,1.65,26.62
1994-05-24,4.03,25.96
1994-05-25,3.95,22.28
1994-05-26,8.72,23.96
1994-05-27,0.6,28.21
1994-05-28,3.87,27.06
1994-05-29,0.21,31.95
1994-05-30,0.0,29.46
1994-05-31,0.0,20.11
1994-06-01,0.22,18.96
1994-06-02,13.11,23.42
1994-06-03,4.37,36.2
1994-06-04,13.79,30.9
1994-06-05,2.97,45.82
1994-06-06,0.52,46.18
1994-06-07,0.01,35.46
1994-06-08,13.82,25.85
1994-06-09,3.78,48.28
1994-06-10,8.6,60.37
1994-06-11,0.07,61.16
1994-06-12,0.0,49.45
1994-06-13,0.0,39.18
1994-06-14,0.0,33.07
1994-06-15,0.07,26.07
1994-06-16,6.5,20.37
1994-06-17,0.08,25.15
1994-06-18,0.0,24.72
1994-06-19,0.12,22.72
1994-06-20,0.89,23.78
1994-06-21,0.1,19.57
1994-06-22,0.24,19.04
1994-06-23,0.0,18.7
1994-06-24,0.0,18.78
1994-06-25,1.01,18.81
1994-06-26,0.02,18.78
1994-06-27,0.27,18.84
1994-06-28,0.18,19.28
1994-06-29,1.31,19.07
1994-06-30,0.0,19.34
1994-07-01,0.0,18.68
1994-07-02,0.0,22.06
1994-07-03,0.0,20.92
1994-07-04,22.4,19.12
1994-07-05,0.05,31.68
1994-07-06,13.64,23.84
1994-07-07,7.39,23.42
1994-07-08,0.0,28.69
1994-07-09,0.0,20.28
1994-07-10,0.0,17.96
1994-07-11,0.0,17.54
1994-07-12,0.0,18.0
1994-07-13,1.34,18.04
1994-07-14,6.76,22.51
1994-07-15,0.04,21.72
1994-07-16,0.0,18.14
1994-07-17,0.0,17.76
1994-07-18,0.0,17.59
1994-07-19,0.0,17.48
1994-07-20,0.0,17.61
1994-07-21,0.0,17.43
1994-07-22,0.0,17.45
1994-07-23,0.0,17.37
1994-07-24,0.0,17.04
1994-07-25,10.6,17.21
1994-07-26,0.0,29.34
1994-07-27,0.8,18.6
1994-07-28,5.08,18.39
1994-07-29,0.0,20.1
1994-07-30,0.35,17.34
1994-07-31,0.36,16.83
1994-08-01,5.24,17.76
1994-08-02,0.0,19.16
1994-08-03,0.0,17.35
1994-08-04,0.23,17.13
1994-08-05,4.44,17.22
1994-08-06,0.0,17.29
1994-08-07,0.0,17.01
1994-08-08,0.0,16.68
1994-08-09,0.0,17.06
1994-08-10,4.56,17.32
1994-08-11,0.13,18.48
1994-08-12,3.01,17.78
1994-08-13,0.1,17.67
1994-08-14,0.52,16.54
1994-08-15,0.01,16.9
1994-08-16,0.01,16.96
1994-08-17,3.72,16.71
1994-08-18,10.89,19.02
1994-08-19,1.38,19.88
1994-08-20,0.05,17.43
1994-08-21,0.0,16.77
1994-08-22,0.6,16.57
1994-08-23,14.96,16.72
1994-08-24,0.8,23.22
1994-08-25,0.45,19.3
1994-08-26,0.13,17.79
1994-08-27,5.97,17.21
1994-08-28,0.04,18.65
1994-08-29,0.0,17.13
1994-08-30,0.0,16.95
1994-08-31,0.81,17.0
1994-09-01,0.25,17.34
1994-09-02,3.24,17.32
1994-09-03,3.85,18.98
1994-09-04,2.26,17.77
1994-09-05,2.44,17.9
1994-09-06,5.02,18.4
1994-09-07,1.98,19.34
1994-09-08,10.67,19.0
1994-09-09,1.02,26.37
1994-09-10,4.23,18.72
1994-09-11,2.04,20.12
1994-09-12,4.8,20.49
1994-09-13,0.02,20.35
1994-09-14,19.37,18.42
1994-09-15,5.8,21.47
1994-09-16,4.11,23.26
1994-09-17,4.63,21.38
1994-09-18,4.1,21.86
1994-09-19,0.39,20.95
1994-09-20,0.01,19.28
1994-09-21,0.0,18.83
1994-09-22,0.0,18.47
1994-09-23,0.0,18.5
1994-09-24,2.27,18.47
1994-09-25,4.23,20.05
1994-09-26,0.02,23.4
1994-09-27,0.4,19.61
1994-09-28,0.02,18.77
1994-09-29,0.0,18.95
1994-09-30,0.1,18.42
1994-10-01,3.93,18.32
1994-10-02,1.66,19.74
1994-10-03,23.14,22.0
1994-10-04,2.25,41.28
1994-10-05,1.45,26.07
1994-10-06,0.03,20.55
1994-10-07,0.31,19.56
1994-10-08,0.01,19.2
1994-10-09,0.0,18.94
1994-10-10,0.0,18.83
1994-10-11,0.0,18.59
1994-10-12,0.01,18.67
1994-10-13,0.02,18.9
1994-10-14,0.0,18.47
1994-10-15,0.02,18.37
1994-10-16,0.12,18.27
1994-10-17,0.0,18.13
1994-10-18,0.0,18.14
1994-10-19,0.0,18.51
1994-10-20,0.0,18.63
1994-10-21,0.01,18.56
1994-10-22,2.4,18.57
1994-10-23,0.54,18.76
1994-10-24,1.69,18.66
1994-10-25,2.43,19.11
1994-10-26,0.33,19.44
1994-10-27,4.45,18.55
1994-10-28,0.07,20.61
1994-10-29,13.5,18.62
1994-10-30,12.37,26.04
1994-10-31,11.46,33.93
1994-11-01,0.02,75.35
1994-11-02,0.0,42.55
1994-11-03,0.0,34.22
1994-11-04,0.0,28.27
1994-11-05,0.0,26.51
1994-11-06,0.78,25.1
1994-11-07,3.09,25.31
1994-11-08,0.69,30.48
1994-11-09,0.19,25.62
1994-11-10,5.23,25.17
1994-11-11,4.1,30.46
1994-11-12,2.34,30.85
1994-11-13,0.35,31.47
1994-11-14,22.29,33.28
1994-11-15,9.42,73.57
1994-11-16,2.07,102.7
1994-11-17,14.52,88.62
1994-11-18,13.14,72.76
1994-11-19,3.45,133.8
1994-11-20,1.87,123.96
1994-11-21,0.07,108.24
1994-11-22,0.0,79.74
1994-11-23,0.08,63.23
1994-11-24,1.0,51.16
1994-11-25,0.24,44.52
1994-11-26,9.99,39.17
1994-11-27,0.18,62.26
1994-11-28,0.2,61.29
1994-11-29,0.0,47.5
1994-11-30,0.0,40.82
1994-12-01,0.0,35.16
1994-12-02,0.01,32.41
1994-12-03,2.21,28.44
1994-12-04,0.59,33.09
1994-12-05,2.2,34.63
1994-12-06,0.05,30.42
1994-12-07,2.31,27.35
1994-12-08,13.24,32.34
1994-12-09,0.03,75.27
1994-12-10,3.17,74.47
1994-12-11,0.02,58.12
1994-12-12,4.71,54.33
1994-12-13,10.64,43.05
1994-12-14,0.89,63.01
1994-12-15,0.03,70.35
1994-12-16,1.36,58.4
1994-12-17,0.0,49.12
1994-12-18,1.4,47.15
1994-12-19,1.57,48.71
1994-12-20,1.01,34.74
1994-12-21,1.16,33.97
1994-12-22,0.01,32.15
1994-12-23,0.0,28.49
1994-12-24,0.0,33.64
1994-12-25,0.95,41.41
1994-12-26,5.9,41.28
1994-12-27,21.82,54.15
1994-12-28,6.15,148.12
1994-12-29,6.32,184.24
1994-12-30,2.25,180.67
1994-12-31,3.06,145.23
1995-01-01,8.96,120.68
1995-01-02,1.88,105.57
1995-01-03,0.03,91.23
1995-01-04,0.0,78.15
1995-01-05,0.0,60.57
1995-01-06,0.06,52.74
1995-01-07,0.0,46.1
1995-01-08,7.52,43.97
1995-01-09,12.9,49.62
1995-01-10,7.87,112.45
1995-01-11,3.22,152.24
1995-01-12,1.05,131.55
1995-01-13,0.31,108.9
1995-01-14,2.16,89.49
1995-01-15,0.48,90.29
1995-01-16,0.0,95.61
1995-01-17,0.12,85.26
1995-01-18,3.33,74.39
1995-01-19,0.44,72.04
1995-01-20,1.38,64.97
1995-01-21,3.57,65.34
1995-01-22,19.51,77.7
1995-01-23,2.92,167.98
1995-01-24,3.2,179.57
1995-01-25,5.59,152.48
1995-01-26,14.26,151.65
1995-01-27,8.29,226.71
1995-01-28,13.78,239.95
1995-01-29,28.48,257.76
1995-01-30,0.2,309.74
1995-01-31,0.09,313.78
1995-02-01,6.46,287.27
1995-02-02,0.02,278.02
1995-02-03,0.03,247.06
1995-02-04,1.1,205.34
1995-02-05,0.58,164.69
1995-02-06,0.43,137.6
1995-02-07,2.84,117.52
1995-02-08,12.35,116.3
1995-02-09,0.0,153.69
1995-02-10,5.46,126.72
1995-02-11,2.46,125.12
1995-02-12,0.63,129.03
1995-02-13,1.98,124.22
1995-02-14,7.65,109.32
1995-02-15,9.31,115.08
1995-02-16,8.01,175.55
1995-02-17,0.5,176.68
1995-02-18,2.09,158.07
1995-02-19,14.24,131.9
1995-02-20,0.35,191.92
1995-02-21,6.46,191.0
1995-02-22,0.5,148.46
1995-02-23,1.68,130.78
1995-02-24,4.34,113.26
1995-02-25,2.51,113.7
1995-02-26,3.25,113.89
1995-02-27,1.79,116.31
1995-02-28,0.15,102.25
1995-03-01,1.94,93.68
1995-03-02,3.13,83.52
1995-03-03,0.13,84.79
1995-03-04,0.17,78.88
1995-03-05,2.31,72.73
1995-03-06,2.03,77.54
1995-03-07,0.02,67.08
1995-03-08,2.14,59.63
1995-03-09,0.12,51.98
1995-03-10,0.0,46.0
1995-03-11,0.0,46.46
1995-03-12,0.0,52.55
1995-03-13,0.0,47.9
1995-03-14,1.74,40.82
1995-03-15,5.88,40.22
1995-03-16,1.27,45.79
1995-03-17,11.27,51.46
1995-03-18,2.78,80.36
1995-03-19,1.17,88.63
1995-03-20,3.24,75.62
1995-03-21,0.67,55.58
1995-03-22,0.0,49.81
1995-03-23,0.0,46.33
1995-03-24,0.96,43.84
1995-03-25,6.34,48.21
1995-03-26,12.38,54.39
1995-03-27,6.42,103.04
1995-03-28,5.87,122.06
1995-03-29,1.88,112.33
1995-03-30,0.07,89.81
1995-03-31,6.58,89.74
1995-04-01,2.25,100.7
1995-04-02,0.0,84.68
1995-04-03,0.0,91.86
1995-04-04,0.02,68.72
1995-04-05,0.24,62.14
1995-04-06,0.02,55.16
1995-04-07,1.02,50.4
1995-04-08,0.72,49.87
1995-04-09,3.66,49.84
1995-04-10,2.06,51.07
1995-04-11,0.07,43.9
1995-04-12,0.78,40.74
1995-04-13,0.0,37.59
1995-04-14,0.0,33.7
1995-04-15,6.29,44.25
1995-04-16,9.02,50.53
1995-04-17,11.87,60.55
1995-04-18,5.16,90.92
1995-04-19,7.18,101.98
1995-04-20,0.29,87.11
1995-04-21,0.0,78.5
1995-04-22,0.12,75.69
1995-04-23,0.0,70.65
1995-04-24,0.01,67.96
1995-04-25,1.31,51.79
1995-04-26,0.08,51.68
1995-04-27,0.01,42.39
1995-04-28,0.0,39.72
1995-04-29,0.07,34.81
1995-04-30,2.35,40.28
1995-05-01,0.0,46.11
1995-05-02,0.0,39.23
1995-05-03,0.0,27.06
1995-05-04,0.0,24.16
1995-05-05,0.0,24.79
1995-05-06,0.0,23.62
1995-05-07,0.0,28.17
1995-05-08,3.48,25.24
1995-05-09,3.44,23.27
1995-05-10,3.22,23.82
1995-05-11,0.01,24.03
1995-05-12,0.21,21.9
1995-05-13,2.59,20.98
1995-05-14,0.0,20.38
1995-05-15,0.0,22.66
1995-05-16,3.5,19.69
1995-05-17,13.26,23.53
1995-05-18,3.84,32.38
1995-05-19,0.0,23.62
1995-05-20,0.03,21.35
1995-05-21,0.01,21.26
1995-05-22,0.0,21.07
1995-05-23,0.0,20.16
1995-05-24,0.27,20.34
1995-05-25,3.53,20.36
1995-05-26,12.13,22.44
1995-05-27,2.16,23.49
1995-05-28,1.38,25.2
1995-05-29,6.65,25.68
1995-05-30,2.33,22.4
1995-05-31,1.76,21.39
1995-06-01,0.73,20.2
1995-06-02,1.11,19.76
1995-06-03,3.21,21.08
1995-06-04,3.9,20.38
1995-06-05,3.79,23.28
1995-06-06,0.09,25.18
1995-06-07,12.67,20.9
1995-06-08,0.27,27.48
1995-06-09,3.65,21.09
1995-06-10,0.68,23.93
1995-06-11,0.45,21.37
1995-06-12,3.47,20.03
1995-06-13,1.61,26.37
1995-06-14,2.22,21.55
1995-06-15,3.83,22.13
1995-06-16,4.13,24.28
1995-06-17,7.26,24.89
1995-06-18,0.42,28.68
1995-06-19,0.0,29.22
1995-06-20,0.0,21.72
1995-06-21,0.15,20.94
1995-06-22,0.93,20.34
1995-06-23,0.11,20.11
1995-06-24,0.77,19.84
1995-06-25,0.01,19.72
1995-06-26,0.0,19.5
1995-06-27,0.0,19.78
1995-06-28,0.0,19.92
1995-06-29,0.0,19.84
1995-06-30,0.0,19.74
1995-07-01,0.02,19.55
1995-07-02,8.22,19.36
1995-07-03,3.39,19.99
1995-07-04,0.02,19.88
1995-07-05,0.0,19.03
1995-07-06,0.0,18.45
1995-07-07,0.0,18.64
1995-07-08,0.0,18.52
1995-07-09,0.21,18.32
1995-07-10,0.0,18.43
1995-07-11,6.67,18.78
1995-07-12,7.4,33.64
1995-07-13,0.0,28.12
1995-07-14,11.6,20.11
1995-07-15,10.05,18.53
1995-07-16,1.09,25.86
1995-07-17,1.4,22.71
1995-07-18,2.53,19.39
1995-07-19,0.0,18.91
1995-07-20,0.0,18.45
1995-07-21,6.2,18.15
1995-07-22,0.21,20.8
1995-07-23,0.0,18.5
1995-07-24,0.0,17.5
1995-07-25,0.0,17.56
1995-07-26,6.19,17.44
1995-07-27,8.09,21.31
1995-07-28,1.95,25.26
1995-07-29,0.04,18.56
1995-07-30,0.0,17.72
1995-07-31,0.0,17.4
1995-08-01,0.0,17.15
1995-08-02,0.0,16.93
1995-08-03,0.0,16.98
1995-08-04,0.0,17.11
1995-08-05,0.0,17.34
1995-08-06,0.0,17.11
1995-08-07,0.0,16.66
1995-08-08,0.0,17.17
1995-08-09,0.0,17.13
1995-08-10,0.0,16.86
1995-08-11,0.0,16.63
1995-08-12,0.07,16.61
1995-08-13,4.9,16.66
1995-08-14,0.12,17.08
1995-08-15,0.0,16.89
1995-08-16,0.0,16.98
1995-08-17,0.0,15.82
1995-08-18,0.0,16.65
1995-08-19,0.05,16.54
1995-08-20,4.11,16.63
1995-08-21,0.0,16.41
1995-08-22,0.03,16.87
1995-08-23,8.44,16.87
1995-08-24,0.11,18.12
1995-08-25,8.25,17.35
1995-08-26,7.28,21.61
1995-08-27,1.94,19.99
1995-08-28,6.89,17.59
1995-08-29,8.76,18.51
1995-08-30,0.17,18.62
1995-08-31,0.01,16.97
1995-09-01,3.72,16.6
1995-09-02,6.59,18.17
1995-09-03,1.39,21.91
1995-09-04,1.61,17.86
1995-09-05,0.18,16.88
1995-09-06,0.03,17.37
1995-09-07,0.63,16.77
1995-09-08,12.46,16.87
1995-09-09,1.16,23.16
1995-09-10,2.19,18.2
1995-09-11,3.54,17.94
1995-09-12,2.8,18.82
1995-09-13,11.25,17.13
1995-09-14,0.01,21.59
1995-09-15,0.0,17.09
1995-09-16,0.71,16.63
1995-09-17,0.03,16.63
1995-09-18,0.0,16.43
1995-09-19,0.03,16.67
1995-09-20,4.97,16.02
1995-09-21,1.05,16.18
1995-09-22,0.44,16.32
1995-09-23,0.32,16.69
1995-09-24,2.1,16.44
1995-09-25,0.12,16.45
1995-09-26,24.45,16.67
1995-09-27,14.6,32.59
1995-09-28,2.76,28.71
1995-09-29,4.04,21.69
1995-09-30,3.43,19.07
1995-10-01,3.4,18.62
1995-10-02,0.16,23.56
1995-10-03,1.93,17.75
1995-10-04,2.23,19.94
1995-10-05,1.03,19.33
1995-10-06,0.01,17.69
1995-10-07,0.0,16.94
1995-10-08,0.0,16.53
1995-10-09,0.0,16.52
1995-10-10,0.01,16.94
1995-10-11,0.13,16.81
1995-10-12,0.0,16.79
1995-10-13,0.0,16.77
1995-10-14,0.0,16.82
1995-10-15,0.0,16.52
1995-10-16,0.0,16.32
1995-10-17,1.35,16.57
1995-10-18,0.22,16.65
1995-10-19,0.3,16.88
1995-10-20,2.31,16.64
1995-10-21,0.0,17.51
1995-10-22,0.0,16.76
1995-10-23,0.0,16.27
1995-10-24,0.0,16.28
1995-10-25,0.16,16.5
1995-10-26,0.59,16.18
1995-10-27,3.68,16.5
1995-10-28,0.84,18.38
1995-10-29,0.08,16.37
1995-10-30,0.01,16.26
1995-10-31,1.1,16.16
1995-11-01,5.08,16.68
1995-11-02,4.77,17.19
1995-11-03,1.67,17.38
1995-11-04,0.0,17.25
1995-11-05,0.0,16.02
1995-11-06,0.09,16.14
1995-11-07,0.82,16.41
1995-11-08,2.44,16.53
1995-11-09,0.22,17.42
1995-11-10,0.0,16.59
1995-11-11,0.0,16.24
1995-11-12,0.0,16.02
1995-11-13,0.34,15.93
1995-11-14,0.85,16.36
1995-11-15,2.28,16.42
1995-11-16,6.44,17.15
1995-11-17,1.86,20.94
1995-11-18,4.5,17.65
1995-11-19,6.92,18.11
1995-11-20,0.0,20.13
1995-11-21,0.0,17.53
1995-11-22,0.2,17.14
1995-11-23,0.04,16.81
1995-11-24,0.0,16.71
1995-11-25,0.0,16.63
1995-11-26,0.0,16.6
1995-11-27,0.0,16.36
1995-11-28,0.01,16.65
1995-11-29,0.0,16.93
1995-11-30,0.0,16.56
1995-12-01,0.0,16.47
1995-12-02,0.01,16.61
1995-12-03,0.0,16.55
1995-12-04,0.12,16.25
1995-12-05,0.18,16.36
1995-12-06,0.0,16.57
1995-12-07,0.17,16.44
1995-12-08,0.01,16.72
1995-12-09,0.11,16.69
1995-12-10,0.01,16.52
1995-12-11,0.96,16.39
1995-12-12,0.1,17.03
1995-12-13,0.07,16.83
1995-12-14,0.2,16.84
1995-12-15,0.0,16.89
1995-12-16,0.0,16.7
1995-12-17,0.63,16.62
1995-12-18,3.23,16.64
1995-12-19,6.53,17.92
1995-12-20,5.24,21.13
1995-12-21,1.25,20.31
1995-12-22,9.53,19.1
1995-12-23,11.25,26.2
1995-12-24,0.3,37.46
1995-12-25,0.16,42.98
1995-12-26,0.07,36.47
1995-12-27,0.0,25.18
1995-12-28,0.0,18.41
1995-12-29,0.0,17.76
1995-12-30,0.4,17.52
1995-12-31,0.6,17.35
1996-01-01,0.02,17.51
1996-01-02,0.02,17.6
1996-01-03,0.0,17.47
1996-01-04,0.0,17.1
1996-01-05,0.01,17.1
1996-01-06,0.82,16.98
1996-01-07,0.62,16.92
1996-01-08,0.04,16.93
1996-01-09,0.89,16.96
1996-01-10,0.74,16.99
1996-01-11,0.06,17.72
1996-01-12,0.01,16.86
1996-01-13,0.0,16.7
1996-01-14,0.0,16.47
1996-01-15,0.01,16.39
1996-01-16,0.01,16.36
1996-01-17,0.01,16.39
1996-01-18,0.02,16.46
1996-01-19,0.0,16.4
1996-01-20,0.0,16.46
1996-01-21,0.0,16.21
1996-01-22,0.0,16.06
1996-01-23,0.0,16.27
1996-01-24,0.0,16.25
1996-01-25,0.61,16.14
1996-01-26,6.68,15.65
1996-01-27,0.0,15.28
1996-01-28,0.0,15.66
1996-01-29,0.0,16.07
1996-01-30,0.0,15.96
1996-01-31,0.0,15.72
1996-02-01,0.0,15.74
1996-02-02,3.18,15.54
1996-02-03,0.64,15.92
1996-02-04,0.45,15.72
1996-02-05,1.04,15.65
1996-02-06,0.0,15.7
1996-02-07,0.0,15.35
1996-02-08,0.0,15.04
1996-02-09,0.07,14.61
1996-02-10,0.36,15.46
1996-02-11,3.29,16.37
1996-02-12,6.45,23.32
1996-02-13,4.09,24.24
1996-02-14,0.17,18.37
1996-02-15,4.78,16.38
1996-02-16,8.95,19.71
1996-02-17,7.28,48.69
1996-02-18,7.98,79.63
1996-02-19,2.34,84.1
1996-02-20,1.08,69.68
1996-02-21,0.74,46.98
1996-02-22,0.73,30.1
1996-02-23,0.0,22.31
1996-02-24,0.86,20.53
1996-02-25,0.03,27.18
1996-02-26,1.01,28.82
1996-02-27,0.95,25.75
1996-02-28,0.0,31.66
1996-02-29,0.34,31.83
1996-03-01,0.18,27.73
1996-03-02,0.0,24.25
1996-03-03,0.0,22.21
1996-03-04,0.95,30.95
1996-03-05,0.76,24.04
1996-03-06,2.47,21.89
1996-03-07,0.04,20.49
1996-03-08,0.0,20.11
1996-03-09,0.0,19.59
1996-03-10,0.0,19.14
1996-03-11,0.02,18.64
1996-03-12,0.01,19.82
1996-03-13,0.0,19.0
1996-03-14,0.0,17.71
1996-03-15,0.0,17.65
1996-03-16,0.0,17.39
1996-03-17,0.0,17.19
1996-03-18,0.0,16.87
1996-03-19,0.11,16.83
1996-03-20,0.09,16.99
1996-03-21,4.14,17.11
1996-03-22,0.85,18.5
1996-03-23,1.29,17.75
1996-03-24,0.03,17.66
1996-03-25,0.0,16.97
1996-03-26,0.03,17.02
1996-03-27,0.0,16.95
1996-03-28,1.99,16.95
1996-03-29,1.42,17.2
1996-03-30,1.54,17.13
1996-03-31,1.83,17.27
1996-04-01,0.01,16.94
1996-04-02,0.14,16.8
1996-04-03,0.01,16.68
1996-04-04,0.01,16.55
1996-04-05,0.0,16.68
1996-04-06,0.01,16.57
1996-04-07,0.14,16.49
1996-04-08,0.0,16.11
1996-04-09,0.0,16.18
1996-04-10,0.52,16.49
1996-04-11,1.09,16.29
1996-04-12,0.0,16.04
1996-04-13,0.0,15.92
1996-04-14,0.0,15.81
1996-04-15,0.0,15.92
1996-04-16,0.0,15.81
1996-04-17,0.0,15.92
1996-04-18,0.0,16.15
1996-04-19,0.0,15.93
1996-04-20,0.0,15.87
1996-04-21,0.0,15.91
1996-04-22,0.0,15.8
1996-04-23,2.14,15.31
1996-04-24,3.03,15.52
1996-04-25,0.14,17.63
1996-04-26,0.0,15.93
1996-04-27,0.0,15.65
1996-04-28,0.29,15.52
1996-04-29,0.03,15.41
1996-04-30,0.01,15.55
1996-05-01,2.1,15.4
1996-05-02,7.66,18.33
1996-05-03,6.31,18.83
1996-05-04,1.45,21.48
1996-05-05,0.0,17.74
1996-05-06,0.0,15.99
1996-05-07,0.0,15.76
1996-05-08,3.43,15.64
1996-05-09,1.0,16.39
1996-05-10,0.16,15.74
1996-05-11,0.09,15.64
1996-05-12,0.48,15.75
1996-05-13,0.81,15.59
1996-05-14,0.02,15.54
1996-05-15,0.42,15.56
1996-05-16,0.55,15.62
1996-05-17,3.17,15.57
1996-05-18,0.89,16.01
1996-05-19,3.36,16.59
1996-05-20,0.02,16.2
1996-05-21,7.36,15.96
1996-05-22,2.2,22.69
1996-05-23,2.25,17.18
1996-05-24,2.96,16.76
1996-05-25,12.29,18.77
1996-05-26,4.09,23.76
1996-05-27,6.55,22.87
1996-05-28,0.06,21.91
1996-05-29,0.0,17.21
1996-05-30,0.0,16.04
1996-05-31,2.91,15.59
1996-06-01,1.44,17.46
1996-06-02,2.31,17.14
1996-06-03,0.11,16.12
1996-06-04,0.0,16.19
1996-06-05,0.0,15.82
1996-06-06,0.0,16.29
1996-06-07,0.0,15.79
1996-06-08,7.82,16.3
1996-06-09,1.1,19.59
1996-06-10,0.0,17.63
1996-06-11,4.52,16.5
1996-06-12,0.0,17.97
1996-06-13,0.0,17.09
1996-06-14,0.0,16.73
1996-06-15,0.0,16.92
1996-06-16,0.0,16.69
1996-06-17,0.0,16.56
1996-06-18,0.12,17.32
1996-06-19,0.88,17.11
1996-06-20,0.39,17.09
1996-06-21,0.02,17.24
1996-06-22,2.33,17.27
1996-06-23,0.11,18.07
1996-06-24,0.04,17.02
1996-06-25,0.01,16.86
1996-06-26,0.02,16.92
1996-06-27,0.89,16.88
1996-06-28,2.4,16.84
1996-06-29,12.64,18.12
1996-06-30,3.32,21.63
1996-07-01,6.37,18.39
1996-07-02,5.16,22.26
1996-07-03,0.69,20.24
1996-07-04,5.62,16.69
1996-07-05,13.77,17.31
1996-07-06,10.15,22.57
1996-07-07,0.49,23.18
1996-07-08,1.74,16.4
1996-07-09,7.92,16.06
1996-07-10,0.21,19.69
1996-07-11,0.0,17.64
1996-07-12,1.12,15.9
1996-07-13,0.0,15.8
1996-07-14,0.09,15.52
1996-07-15,0.0,15.45
1996-07-16,0.0,15.24
1996-07-17,0.0,15.06
1996-07-18,0.0,15.28
1996-07-19,0.0,15.26
1996-07-20,0.0,15.16
1996-07-21,0.0,15.23
1996-07-22,0.0,15.02
1996-07-23,10.48,15.41
1996-07-24,13.4,21.77
1996-07-25,5.4,23.13
1996-07-26,0.0,17.53
1996-07-27,0.0,15.43
1996-07-28,0.0,15.06
1996-07-29,2.44,14.77
1996-07-30,0.33,16.01
1996-07-31,0.02,15.46
1996-08-01,0.0,15.14
1996-08-02,0.0,15.48
1996-08-03,0.0,15.06
1996-08-04,0.0,14.8
1996-08-05,0.0,14.67
1996-08-06,0.96,14.92
1996-08-07,0.11,15.65
1996-08-08,0.0,15.12
1996-08-09,0.0,15.17
1996-08-10,15.95,15.22
1996-08-11,1.86,21.78
1996-08-12,38.4,18.08
1996-08-13,4.87,32.91
1996-08-14,1.56,20.19
1996-08-15,4.06,16.63
1996-08-16,0.01,18.18
1996-08-17,0.0,16.1
1996-08-18,0.0,15.24
1996-08-19,0.0,15.16
1996-08-20,0.02,15.45
1996-08-21,4.27,15.25
1996-08-22,0.48,20.88
1996-08-23,1.34,19.22
1996-08-24,0.57,15.72
1996-08-25,1.7,15.54
1996-08-26,2.12,15.24
1996-08-27,8.44,15.82
1996-08-28,19.43,18.17
1996-08-29,11.3,29.58
1996-08-30,11.08,29.93
1996-08-31,4.16,40.68
1996-09-01,0.12,22.71
1996-09-02,0.01,17.69
1996-09-03,0.0,16.71
1996-09-04,0.0,16.17
1996-09-05,0.0,15.87
1996-09-06,0.34,15.73
1996-09-07,0.0,15.73
1996-09-08,0.87,15.44
1996-09-09,0.06,16.05
1996-09-10,2.21,15.7
1996-09-11,4.87,16.05
1996-09-12,12.18,18.5
1996-09-13,5.73,21.84
1996-09-14,1.88,21.22
1996-09-15,0.06,16.72
1996-09-16,0.0,15.81
1996-09-17,0.0,15.96
1996-09-18,0.0,15.71
1996-09-19,0.0,15.61
1996-09-20,0.54,15.52
1996-09-21,3.16,15.31
1996-09-22,2.54,15.58
1996-09-23,0.35,16.22
1996-09-24,0.1,15.54
1996-09-25,0.0,15.17
1996-09-26,0.12,15.22
1996-09-27,3.73,15.2
1996-09-28,0.35,15.21
1996-09-29,4.82,15.43
1996-09-30,6.62,16.54
1996-10-01,26.37,20.96
1996-10-02,0.66,31.59
1996-10-03,0.46,29.47
1996-10-04,1.51,20.42
1996-10-05,1.54,17.3
1996-10-06,0.02,17.01
1996-10-07,0.0,15.7
1996-10-08,0.01,15.98
1996-10-09,1.16,15.54
1996-10-10,0.39,15.9
1996-10-11,0.0,15.59
1996-10-12,0.0,15.26
1996-10-13,0.0,15.14
1996-10-14,0.0,15.11
1996-10-15,3.58,15.38
1996-10-16,7.74,15.83
1996-10-17,0.01,15.92
1996-10-18,2.0,15.18
1996-10-19,1.7,17.01
1996-10-20,19.56,16.82
1996-10-21,5.74,28.47
1996-10-22,0.01,32.44
1996-10-23,0.0,32.06
1996-10-24,0.0,24.3
1996-10-25,0.12,17.14
1996-10-26,0.22,16.05
1996-10-27,5.63,15.75
1996-10-28,2.08,17.73
1996-10-29,6.57,19.79
1996-10-30,0.06,20.26
1996-10-31,8.77,16.81
1996-11-01,1.07,33.98
1996-11-02,5.26,28.57
1996-11-03,0.99,32.32
1996-11-04,2.68,36.38
1996-11-05,2.97,31.25
1996-11-06,3.25,31.24
1996-11-07,16.92,32.25
1996-11-08,0.27,67.38
1996-11-09,2.33,58.08
1996-11-10,1.65,56.99
1996-11-11,3.29,56.34
1996-11-12,4.65,49.8
1996-11-13,2.22,40.78
1996-11-14,0.01,36.42
1996-11-15,0.02,34.83
1996-11-16,0.04,31.79
1996-11-17,0.1,30.34
1996-11-18,10.49,32.05
1996-11-19,1.11,27.62
1996-11-20,2.56,36.08
1996-11-21,3.88,38.93
1996-11-22,0.04,35.99
1996-11-23,1.41,39.6
1996-11-24,0.6,43.02
1996-11-25,5.85,38.24
1996-11-26,2.52,36.54
1996-11-27,1.07,44.1
1996-11-28,1.11,37.4
1996-11-29,10.91,36.08
1996-11-30,4.64,70.8
1996-12-01,8.01,85.44
1996-12-02,3.36,77.16
1996-12-03,7.41,82.68
1996-12-04,1.14,105.98
1996-12-05,0.8,93.62
1996-12-06,0.09,84.53
1996-12-07,0.02,72.08
1996-12-08,0.0,60.42
1996-12-09,0.0,57.03
1996-12-10,0.0,41.16
1996-12-11,0.01,37.79
1996-12-12,0.24,31.36
1996-12-13,0.52,29.58
1996-12-14,0.21,28.1
1996-12-15,1.68,27.42
1996-12-16,0.3,32.85
1996-12-17,0.74,23.06
1996-12-18,3.11,22.3
1996-12-19,13.43,31.47
1996-12-20,0.1,55.48
1996-12-21,0.0,61.95
1996-12-22,0.0,48.82
1996-12-23,0.0,40.04
1996-12-24,0.0,35.8
1996-12-25,0.0,33.29
1996-12-26,0.0,35.5
1996-12-27,0.0,27.93
1996-12-28,0.0,20.22
1996-12-29,3.94,19.74
1996-12-30,0.69,21.94
1996-12-31,0.0,25.11
1997-01-01,0.0,27.55
1997-01-02,0.0,20.33
1997-01-03,1.72,25.64
1997-01-04,0.32,25.75
1997-01-05,0.0,25.97
1997-01-06,0.0,22.6
1997-01-07,0.0,21.35
1997-01-08,0.03,20.84
1997-01-09,0.0,23.2
1997-01-10,0.03,21.35
1997-01-11,0.01,20.11
1997-01-12,0.0,21.72
1997-01-13,0.0,22.18
1997-01-14,0.0,19.51
1997-01-15,0.0,18.5
1997-01-16,0.0,18.49
1997-01-17,0.02,18.52
1997-01-18,0.04,18.2
1997-01-19,2.19,18.82
1997-01-20,0.6,19.17
1997-01-21,0.01,19.46
1997-01-22,0.07,18.77
1997-01-23,0.24,18.65
1997-01-24,0.13,18.72
1997-01-25,0.04,19.06
1997-01-26,0.01,18.78
1997-01-27,0.18,18.6
1997-01-28,0.32,18.64
1997-01-29,0.33,18.51
1997-01-30,0.29,18.51
1997-01-31,0.8,18.74
1997-02-01,0.0,19.27
1997-02-02,0.56,19.18
1997-02-03,0.2,19.06
1997-02-04,10.52,20.68
1997-02-05,6.34,55.68
1997-02-06,0.01,76.82
1997-02-07,1.37,52.04
1997-02-08,0.05,40.91
1997-02-09,0.0,45.51
1997-02-10,2.68,46.94
1997-02-11,6.25,45.14
1997-02-12,12.16,48.93
1997-02-13,9.46,111.8
1997-02-14,0.17,158.61
1997-02-15,0.28,108.09
1997-02-16,0.0,79.33
1997-02-17,5.25,67.13
1997-02-18,8.5,65.08
1997-02-19,4.39,86.26
1997-02-20,0.34,85.67
1997-02-21,6.54,70.55
1997-02-22,0.03,75.47
1997-02-23,0.04,73.86
1997-02-24,14.91,71.38
1997-02-25,6.54,113.74
1997-02-26,14.37,126.51
1997-02-27,0.05,153.22
1997-02-28,0.48,120.99
1997-03-01,0.01,107.72
1997-03-02,2.04,102.36
1997-03-03,0.02,87.68
1997-03-04,0.0,61.66
1997-03-05,0.21,51.06
1997-03-06,0.35,45.21
1997-03-07,0.0,37.55
1997-03-08,0.0,32.01
1997-03-09,0.0,34.13
1997-03-10,0.0,37.73
1997-03-11,0.0,30.19
1997-03-12,0.0,28.89
1997-03-13,0.0,22.8
1997-03-14,1.09,24.34
1997-03-15,6.08,24.34
1997-03-16,9.91,33.19
1997-03-17,0.13,43.57
1997-03-18,5.49,41.35
1997-03-19,3.98,44.62
1997-03-20,1.07,50.96
1997-03-21,1.66,44.39
1997-03-22,0.07,38.98
1997-03-23,0.96,40.76
1997-03-24,1.75,44.22
1997-03-25,0.75,34.24
1997-03-26,1.27,30.78
1997-03-27,2.73,28.39
1997-03-28,3.32,32.07
1997-03-29,2.74,35.55
1997-03-30,0.39,39.61
1997-03-31,0.0,42.15
1997-04-01,0.0,37.16
1997-04-02,0.0,25.22
1997-04-03,1.1,22.59
1997-04-04,4.9,21.78
1997-04-05,10.06,25.64
1997-04-06,0.0,37.78
1997-04-07,0.0,41.09
1997-04-08,0.0,31.41
1997-04-09,0.0,26.31
1997-04-10,0.03,23.47
1997-04-11,1.45,21.71
1997-04-12,0.08,21.23
1997-04-13,0.36,21.38
1997-04-14,0.89,23.7
1997-04-15,0.0,20.95
1997-04-16,0.0,20.29
1997-04-17,0.0,19.06
1997-04-18,0.2,19.03
1997-04-19,2.73,19.91
1997-04-20,0.01,20.8
1997-04-21,0.11,19.12
1997-04-22,0.07,18.73
1997-04-23,0.0,18.8
1997-04-24,0.0,18.53
1997-04-25,4.33,18.51
1997-04-26,1.54,20.24
1997-04-27,5.75,21.47
1997-04-28,6.85,22.9
1997-04-29,6.72,29.64
1997-04-30,0.01,23.05
1997-05-01,0.0,19.48
1997-05-02,0.0,19.68
1997-05-03,0.03,18.37
1997-05-04,5.99,18.42
1997-05-05,12.19,31.48
1997-05-06,11.56,49.97
1997-05-07,4.71,53.03
1997-05-08,0.53,50.77
1997-05-09,5.82,45.45
1997-05-10,1.15,35.96
1997-05-11,0.76,35.28
1997-05-12,0.01,29.09
1997-05-13,2.32,23.07
1997-05-14,0.73,29.1
1997-05-15,0.05,26.18
1997-05-16,0.12,22.25
1997-05-17,2.97,22.76
1997-05-18,2.63,19.47
1997-05-19,1.22,20.16
1997-05-20,2.99,24.4
1997-05-21,5.44,20.76
1997-05-22,2.7,25.77
1997-05-23,0.13,19.87
1997-05-24,0.01,18.72
1997-05-25,0.0,17.42
1997-05-26,0.01,17.08
1997-05-27,0.39,17.25
1997-05-28,0.05,16.96
1997-05-29,0.0,16.9
1997-05-30,0.0,16.47
1997-05-31,0.01,16.46
1997-06-01,0.03,16.2
1997-06-02,0.0,16.61
1997-06-03,0.0,16.74
1997-06-04,0.0,16.72
1997-06-05,0.0,16.7
1997-06-06,0.2,16.68
1997-06-07,0.8,16.66
1997-06-08,4.95,17.07
1997-06-09,0.0,18.09
1997-06-10,0.0,16.99
1997-06-11,3.93,17.12
1997-06-12,0.4,19.46
1997-06-13,9.76,17.16
1997-06-14,15.76,20.56
1997-06-15,0.03,27.88
1997-06-16,0.0,21.94
1997-06-17,0.0,17.58
1997-06-18,0.0,16.48
1997-06-19,0.88,16.3
1997-06-20,4.29,16.91
1997-06-21,4.13,18.07
1997-06-22,3.33,21.08
1997-06-23,7.26,18.8
1997-06-24,1.49,19.57
1997-06-25,1.68,17.07
1997-06-26,4.06,17.38
1997-06-27,2.72,20.47
1997-06-28,0.15,19.04
1997-06-29,21.53,18.87
1997-06-30,2.98,40.52
1997-07-01,3.98,24.05
1997-07-02,2.82,23.12
1997-07-03,0.47,23.32
1997-07-04,0.81,19.13
1997-07-05,3.28,18.01
1997-07-06,0.14,18.37
1997-07-07,0.04,17.44
1997-07-08,0.06,17.21
1997-07-09,0.0,16.96
1997-07-10,0.0,16.67
1997-07-11,0.0,16.55
1997-07-12,0.09,16.37
1997-07-13,1.43,16.16
1997-07-14,10.49,17.39
1997-07-15,0.14,28.54
1997-07-16,0.71,21.63
1997-07-17,3.95,17.35
1997-07-18,5.75,19.65
1997-07-19,4.1,18.9
1997-07-20,10.92,18.65
1997-07-21,7.8,23.16
1997-07-22,6.55,23.12
1997-07-23,0.0,36.39
1997-07-24,2.89,21.05
1997-07-25,11.02,19.59
1997-07-26,0.85,26.37
1997-07-27,0.08,21.89
1997-07-28,0.42,18.36
1997-07-29,0.09,18.0
1997-07-30,3.96,17.05
1997-07-31,9.63,19.13
1997-08-01,0.5,20.46
1997-08-02,0.74,19.73
1997-08-03,3.03,18.24
1997-08-04,0.08,17.64
1997-08-05,0.0,17.35
1997-08-06,0.0,16.5
1997-08-07,0.0,16.32
1997-08-08,0.0,17.0
1997-08-09,0.0,16.87
1997-08-10,0.0,16.69
1997-08-11,0.0,16.55
1997-08-12,0.0,16.78
1997-08-13,0.0,16.74
1997-08-14,0.0,16.5
1997-08-15,0.0,16.4
1997-08-16,0.01,16.39
1997-08-17,0.57,16.44
1997-08-18,0.06,16.43
1997-08-19,1.41,16.67
1997-08-20,0.7,16.65
1997-08-21,0.36,17.44
1997-08-22,1.38,17.09
1997-08-23,0.04,17.41
1997-08-24,0.18,16.63
1997-08-25,1.62,16.67
1997-08-26,7.95,17.84
1997-08-27,7.99,18.85
1997-08-28,13.38,26.26
1997-08-29,0.12,26.06
1997-08-30,0.07,17.66
1997-08-31,0.0,16.8
1997-09-01,4.73,16.42
1997-09-02,1.27,20.18
1997-09-03,0.0,17.7
1997-09-04,0.4,17.14
1997-09-05,3.96,17.04
1997-09-06,1.06,16.83
1997-09-07,1.83,16.86
1997-09-08,0.02,17.86
1997-09-09,0.16,16.97
1997-09-10,0.0,16.72
1997-09-11,0.02,16.51
1997-09-12,2.3,16.69
1997-09-13,2.0,17.83
1997-09-14,0.0,17.64
1997-09-15,0.0,16.53
1997-09-16,0.0,16.65
1997-09-17,0.0,16.73
1997-09-18,0.0,16.86
1997-09-19,0.0,16.63
1997-09-20,0.0,16.1
1997-09-21,0.0,16.4
1997-09-22,0.0,16.14
1997-09-23,0.0,16.61
1997-09-24,0.01,16.61
1997-09-25,0.0,16.61
1997-09-26,0.0,16.61
1997-09-27,0.0,16.35
1997-09-28,0.01,15.91
1997-09-29,0.33,16.2
1997-09-30,3.91,16.1
1997-10-01,8.37,20.73
1997-10-02,0.98,21.16
1997-10-03,0.0,17.2
1997-10-04,0.0,16.41
1997-10-05,0.02,16.08
1997-10-06,0.58,16.29
1997-10-07,2.44,16.59
1997-10-08,2.67,16.47
1997-10-09,19.0,17.26
1997-10-10,25.29,31.49
1997-10-11,5.66,31.25
1997-10-12,1.96,26.66
1997-10-13,3.35,19.41
1997-10-14,3.3,19.8
1997-10-15,0.88,18.61
1997-10-16,0.06,17.97
1997-10-17,0.0,17.28
1997-10-18,0.03,17.09
1997-10-19,0.04,16.68
1997-10-20,0.27,16.38
1997-10-21,0.0,16.41
1997-10-22,0.0,15.88
1997-10-23,0.33,16.44
1997-10-24,0.18,16.24
1997-10-25,1.99,16.19
1997-10-26,0.54,16.32
1997-10-27,0.0,16.47
1997-10-28,0.0,15.59
1997-10-29,0.0,16.08
1997-10-30,0.0,16.16
1997-10-31,0.0,16.43
1997-11-01,0.0,16.55
1997-11-02,0.02,16.37
1997-11-03,0.09,16.38
1997-11-04,1.1,16.66
1997-11-05,3.11,16.35
1997-11-06,8.06,17.57
1997-11-07,0.27,24.97
1997-11-08,1.06,18.62
1997-11-09,1.32,16.87
1997-11-10,0.19,16.87
1997-11-11,0.36,17.25
1997-11-12,5.79,16.92
1997-11-13,0.08,16.88
1997-11-14,0.17,17.31
1997-11-15,5.63,16.18
1997-11-16,0.03,18.09
1997-11-17,0.0,16.99
1997-11-18,0.0,16.71
1997-11-19,0.0,16.85
1997-11-20,1.45,16.77
1997-11-21,0.61,16.8
1997-11-22,0.07,16.73
1997-11-23,0.0,16.66
1997-11-24,0.0,16.41
1997-11-25,0.01,16.37
1997-11-26,0.0,16.44
1997-11-27,0.37,16.5
1997-11-28,2.15,16.72
1997-11-29,1.71,17.51
1997-11-30,3.49,17.07
1997-12-01,0.02,17.13
1997-12-02,0.1,16.74
1997-12-03,2.5,16.91
1997-12-04,0.63,17.13
1997-12-05,0.07,17.32
1997-12-06,8.14,16.98
1997-12-07,0.03,20.41
1997-12-08,0.23,17.81
1997-12-09,5.6,17.56
1997-12-10,7.66,25.81
1997-12-11,5.92,47.96
1997-12-12,9.53,40.08
1997-12-13,3.87,43.58
1997-12-14,1.6,33.01
1997-12-15,0.02,29.12
1997-12-16,0.0,26.46
1997-12-17,0.07,22.15
1997-12-18,1.27,23.05
1997-12-19,0.17,23.47
1997-12-20,6.97,20.77
1997-12-21,8.85,26.66
1997-12-22,0.4,42.28
1997-12-23,1.07,38.42
1997-12-24,3.21,39.62
1997-12-25,3.33,47.81
1997-12-26,7.45,57.88
1997-12-27,2.76,68.18
1997-12-28,2.73,62.42
1997-12-29,1.05,59.01
1997-12-30,0.18,47.52
1997-12-31,1.79,44.9
1998-01-01,1.17,46.35
1998-01-02,4.55,43.24
1998-01-03,4.93,43.72
1998-01-04,0.85,61.39
1998-01-05,7.81,54.2
1998-01-06,1.59,64.71
1998-01-07,18.68,55.22
1998-01-08,2.06,100.67
1998-01-09,0.09,120.96
1998-01-10,0.0,88.36
1998-01-11,0.0,69.4
1998-01-12,0.0,55.98
1998-01-13,0.11,44.5
1998-01-14,0.61,38.33
1998-01-15,1.53,35.4
1998-01-16,1.7,33.27
1998-01-17,0.04,32.35
1998-01-18,1.68,29.85
1998-01-19,7.24,34.34
1998-01-20,1.44,38.31
1998-01-21,0.15,36.71
1998-01-22,0.02,32.81
1998-01-23,0.69,30.17
1998-01-24,0.76,29.51
1998-01-25,0.0,26.58
1998-01-26,0.0,25.98
1998-01-27,0.0,25.12
1998-01-28,1.74,24.4
1998-01-29,0.06,24.82
1998-01-30,2.93,23.58
1998-01-31,0.01,24.42
1998-02-01,0.0,23.06
1998-02-02,2.13,22.75
1998-02-03,0.04,22.99
1998-02-04,0.0,21.97
1998-02-05,0.0,20.94
1998-02-06,0.0,20.89
1998-02-07,1.58,20.95
1998-02-08,0.09,21.54
1998-02-09,0.09,20.66
1998-02-10,0.0,20.7
1998-02-11,0.0,20.71
1998-02-12,0.0,20.88
1998-02-13,0.0,20.81
1998-02-14,0.0,20.34
1998-02-15,0.0,20.29
1998-02-16,2.65,20.26
1998-02-17,0.01,20.46
1998-02-18,0.0,18.95
1998-02-19,0.0,18.69
1998-02-20,0.0,18.76
1998-02-21,0.09,18.68
1998-02-22,0.89,18.39
1998-02-23,0.41,18.21
1998-02-24,0.9,18.14
1998-02-25,0.28,18.26
1998-02-26,0.04,18.29
1998-02-27,2.77,18.28
1998-02-28,2.86,19.75
1998-03-01,3.37,20.99
1998-03-02,4.29,21.66
1998-03-03,8.87,29.41
1998-03-04,11.71,55.32
1998-03-05,13.58,70.05
1998-03-06,26.59,116.25
1998-03-07,12.85,204.98
1998-03-08,5.34,256.0
1998-03-09,0.09,223.95
1998-03-10,0.2,141.42
1998-03-11,0.7,121.36
1998-03-12,0.42,111.7
1998-03-13,3.75,94.85
1998-03-14,2.53,82.74
1998-03-15,5.71,75.83
1998-03-16,0.21,76.89
1998-03-17,0.1,58.76
1998-03-18,0.06,56.21
1998-03-19,0.03,49.1
1998-03-20,1.12,45.7
1998-03-21,0.0,46.25
1998-03-22,4.28,48.65
1998-03-23,0.18,49.03
1998-03-24,0.0,37.15
1998-03-25,0.0,34.41
1998-03-26,0.3,30.32
1998-03-27,0.28,28.69
1998-03-28,0.0,28.74
1998-03-29,0.0,29.27
1998-03-30,0.0,28.2
1998-03-31,0.11,22.46
1998-04-01,6.62,25.02
1998-04-02,3.46,29.33
1998-04-03,5.79,26.62
1998-04-04,1.14,36.07
1998-04-05,3.46,39.39
1998-04-06,1.84,42.49
1998-04-07,14.79,40.17
1998-04-08,6.56,90.08
1998-04-09,1.05,99.56
1998-04-10,8.82,76.72
1998-04-11,0.56,66.44
1998-04-12,0.08,83.38
1998-04-13,0.52,74.03
1998-04-14,0.25,56.11
1998-04-15,2.95,39.24
1998-04-16,0.94,34.2
1998-04-17,0.42,33.35
1998-04-18,1.75,33.02
1998-04-19,0.17,29.85
1998-04-20,4.38,24.68
1998-04-21,0.24,26.35
1998-04-22,0.0,25.08
1998-04-23,2.05,23.03
1998-04-24,1.26,24.33
1998-04-25,1.62,23.97
1998-04-26,9.35,26.53
1998-04-27,9.05,32.94
1998-04-28,0.82,33.35
1998-04-29,1.16,35.18
1998-04-30,0.09,29.0
1998-05-01,3.36,37.72
1998-05-02,7.63,43.99
1998-05-03,0.22,58.19
1998-05-04,0.03,39.8
1998-05-05,2.84,28.84
1998-05-06,1.34,28.33
1998-05-07,0.01,28.78
1998-05-08,0.0,22.36
1998-05-09,0.0,19.95
1998-05-10,0.0,19.43
1998-05-11,0.0,19.17
1998-05-12,0.0,19.62
1998-05-13,0.0,19.99
1998-05-14,0.0,19.76
1998-05-15,0.0,19.53
1998-05-16,0.0,19.37
1998-05-17,0.07,19.21
1998-05-18,0.04,18.97
1998-05-19,0.0,19.0
1998-05-20,0.07,18.82
1998-05-21,0.72,18.75
1998-05-22,0.0,18.34
1998-05-23,0.5,18.32
1998-05-24,4.17,18.34
1998-05-25,2.46,19.11
1998-05-26,5.35,20.51
1998-05-27,6.43,20.6
1998-05-28,1.41,19.17
1998-05-29,0.32,18.91
1998-05-30,1.44,18.01
1998-05-31,17.18,17.53
1998-06-01,3.04,21.8
1998-06-02,11.5,26.67
1998-06-03,1.73,20.36
1998-06-04,0.02,21.11
1998-06-05,0.35,18.55
1998-06-06,6.55,22.25
1998-06-07,15.22,31.38
1998-06-08,0.05,42.56
1998-06-09,4.84,25.8
1998-06-10,3.45,27.03
1998-06-11,6.79,27.84
1998-06-12,5.92,27.11
1998-06-13,0.11,25.66
1998-06-14,0.51,22.92
1998-06-15,6.52,20.47
1998-06-16,3.67,24.01
1998-06-17,3.82,23.36
1998-06-18,9.42,20.28
1998-06-19,0.41,26.41
1998-06-20,0.02,22.38
1998-06-21,7.97,20.07
1998-06-22,0.02,22.68
1998-06-23,3.79,20.22
1998-06-24,0.08,21.14
1998-06-25,4.73,18.3
1998-06-26,0.13,20.06
1998-06-27,5.53,18.0
1998-06-28,1.86,18.82
1998-06-29,2.09,19.66
1998-06-30,4.52,19.78
1998-07-01,0.35,19.5
1998-07-02,0.0,18.15
1998-07-03,0.2,17.68
1998-07-04,2.8,17.39
1998-07-05,2.72,17.31
1998-07-06,0.9,17.57
1998-07-07,3.92,17.77
1998-07-08,1.22,19.78
1998-07-09,5.48,18.28
1998-07-10,2.98,20.13
1998-07-11,9.13,20.29
1998-07-12,6.97,24.4
1998-07-13,3.55,25.65
1998-07-14,0.79,23.58
1998-07-15,4.14,21.45
1998-07-16,2.97,24.3
1998-07-17,3.11,22.76
1998-07-18,1.39,20.08
1998-07-19,0.0,19.34
1998-07-20,0.0,18.58
1998-07-21,0.28,18.53
1998-07-22,0.0,18.16
1998-07-23,2.31,17.55
1998-07-24,0.06,17.3
1998-07-25,0.0,17.1
1998-07-26,0.23,16.83
1998-07-27,4.52,16.9
1998-07-28,7.63,19.55
1998-07-29,4.54,24.12
1998-07-30,1.73,19.94
1998-07-31,1.22,19.03
1998-08-01,5.97,17.98
1998-08-02,1.49,18.34
1998-08-03,0.24,17.81
1998-08-04,1.02,17.55
1998-08-05,0.0,17.37
1998-08-06,0.0,17.15
1998-08-07,0.0,17.2
1998-08-08,0.0,16.98
1998-08-09,0.0,17.07
1998-08-10,0.0,17.02
1998-08-11,0.0,17.04
1998-08-12,0.0,16.79
1998-08-13,0.0,16.66
1998-08-14,0.0,16.31
1998-08-15,0.0,16.34
1998-08-16,0.0,16.24
1998-08-17,0.0,16.28
1998-08-18,0.38,16.47
1998-08-19,0.01,16.46
1998-08-20,0.67,16.46
1998-08-21,9.83,16.98
1998-08-22,3.55,20.61
1998-08-23,18.64,18.15
1998-08-24,2.26,31.44
1998-08-25,0.98,22.47
1998-08-26,24.96,20.11
1998-08-27,3.13,34.96
1998-08-28,3.08,22.41
1998-08-29,0.66,19.3
1998-08-30,0.51,18.23
1998-08-31,0.0,17.65
1998-09-01,0.7,17.8
1998-09-02,2.7,17.62
1998-09-03,6.12,19.04
1998-09-04,3.45,19.52
1998-09-05,5.99,19.26
1998-09-06,0.97,20.2
1998-09-07,6.77,18.39
1998-09-08,1.75,21.86
1998-09-09,7.77,20.64
1998-09-10,1.37,39.6
1998-09-11,0.98,33.64
1998-09-12,11.0,27.63
1998-09-13,3.0,45.92
1998-09-14,41.96,41.38
1998-09-15,13.71,154.95
1998-09-16,10.97,203.68
1998-09-17,9.23,176.64
1998-09-18,0.09,215.66
1998-09-19,0.18,140.38
1998-09-20,0.0,107.24
1998-09-21,0.0,90.0
1998-09-22,0.0,72.67
1998-09-23,0.0,59.56
1998-09-24,0.0,49.55
1998-09-25,0.01,39.97
1998-09-26,3.62,37.85
1998-09-27,0.18,37.4
1998-09-28,0.42,30.42
1998-09-29,0.11,26.09
1998-09-30,13.29,26.32
1998-10-01,10.12,29.89
1998-10-02,1.36,51.48
1998-10-03,0.41,54.1
1998-10-04,1.6,51.92
1998-10-05,1.61,41.34
1998-10-06,8.31,37.49
1998-10-07,15.4,40.97
1998-10-08,0.41,69.67
1998-10-09,2.44,95.78
1998-10-10,4.8,78.7
1998-10-11,6.42,87.54
1998-10-12,13.48,110.36
1998-10-13,3.88,172.07
1998-10-14,4.43,126.96
1998-10-15,0.02,114.56
1998-10-16,0.11,99.12
1998-10-17,5.22,81.38
1998-10-18,0.01,75.82
1998-10-19,2.2,67.0
1998-10-20,3.85,60.48
1998-10-21,2.7,59.44
1998-10-22,0.09,58.07
1998-10-23,11.97,62.84
1998-10-24,11.61,92.04
1998-10-25,3.17,138.83
1998-10-26,4.94,145.68
1998-10-27,13.16,109.96
1998-10-28,22.72,155.8
1998-10-29,9.04,285.36
1998-10-30,7.3,286.1
1998-10-31,33.13,245.19
1998-11-01,4.68,271.85
1998-11-02,4.2,398.2
1998-11-03,1.46,380.93
1998-11-04,5.74,323.71
1998-11-05,2.26,270.59
1998-11-06,1.29,232.97
1998-11-07,0.01,196.14
1998-11-08,9.26,157.12
1998-11-09,8.77,165.39
1998-11-10,4.5,182.66
1998-11-11,0.17,157.95
1998-11-12,0.31,143.6
1998-11-13,1.46,133.1
1998-11-14,4.71,123.39
1998-11-15,1.62,117.29
1998-11-16,0.79,107.68
1998-11-17,1.0,98.39
1998-11-18,2.71,86.84
1998-11-19,0.02,84.39
1998-11-20,0.0,77.22
1998-11-21,0.0,68.88
1998-11-22,0.0,65.08
1998-11-23,0.37,59.59
1998-11-24,0.0,53.27
1998-11-25,0.01,48.34
1998-11-26,4.92,47.57
1998-11-27,4.08,49.01
1998-11-28,0.04,53.22
1998-11-29,0.01,59.4
1998-11-30,0.01,58.75
1998-12-01,0.0,52.05
1998-12-02,0.0,48.18
1998-12-03,0.06,44.87
1998-12-04,2.71,42.73
1998-12-05,3.71,42.03
1998-12-06,1.28,40.26
1998-12-07,0.04,37.16
1998-12-08,0.19,33.75
1998-12-09,8.02,33.77
1998-12-10,0.17,44.57
1998-12-11,0.94,45.78
1998-12-12,6.95,47.16
1998-12-13,0.82,77.66
1998-12-14,1.33,86.38
1998-12-15,9.34,81.26
1998-12-16,0.02,91.5
1998-12-17,0.03,99.84
1998-12-18,1.59,83.84
1998-12-19,6.22,78.61
1998-12-20,0.58,90.25
1998-12-21,0.14,85.7
1998-12-22,1.81,71.98
1998-12-23,0.22,60.34
1998-12-24,0.37,72.22
1998-12-25,2.86,66.55
1998-12-26,1.58,69.32
1998-12-27,4.61,74.41
1998-12-28,1.47,82.04
1998-12-29,0.0,81.51
1998-12-30,0.0,67.44
1998-12-31,0.0,55.96
1999-01-01,0.01,62.2
1999-01-02,1.63,54.47
1999-01-03,7.72,48.43
1999-01-04,6.14,74.07
1999-01-05,0.08,82.92
1999-01-06,3.72,77.82
1999-01-07,7.02,73.55
1999-01-08,0.81,88.85
1999-01-09,1.87,93.64
1999-01-10,0.05,80.26
1999-01-11,1.06,67.76
1999-01-12,2.52,56.95
1999-01-13,3.14,56.32
1999-01-14,4.41,53.39
1999-01-15,0.84,65.17
1999-01-16,4.9,70.62
1999-01-17,2.18,115.65
1999-01-18,0.01,99.26
1999-01-19,0.0,71.04
1999-01-20,0.0,62.57
1999-01-21,1.6,51.68
1999-01-22,0.17,49.55
1999-01-23,0.05,49.29
1999-01-24,0.41,48.32
1999-01-25,8.62,45.93
1999-01-26,6.0,68.28
1999-01-27,4.32,91.31
1999-01-28,7.46,102.66
1999-01-29,0.26,125.77
1999-01-30,0.03,98.23
1999-01-31,3.04,79.21
1999-02-01,1.89,67.62
1999-02-02,0.28,60.56
1999-02-03,0.46,62.69
1999-02-04,4.28,60.95
1999-02-05,4.92,67.42
1999-02-06,5.17,73.67
1999-02-07,5.15,90.43
1999-02-08,2.25,97.87
1999-02-09,0.9,88.97
1999-02-10,2.11,75.14
1999-02-11,0.12,65.38
1999-02-12,0.0,57.1
1999-02-13,0.0,51.22
1999-02-14,0.1,52.01
1999-02-15,1.46,50.33
1999-02-16,9.52,46.21
1999-02-17,1.09,70.1
1999-02-18,0.74,79.73
1999-02-19,8.66,76.37
1999-02-20,0.09,112.17
1999-02-21,14.54,111.09
1999-02-22,5.66,166.53
1999-02-23,2.97,170.69
1999-02-24,0.91,151.94
1999-02-25,0.66,128.99
1999-02-26,0.01,118.39
1999-02-27,0.8,107.35
1999-02-28,1.43,100.8
1999-03-01,16.33,98.86
1999-03-02,17.69,170.97
1999-03-03,2.56,236.87
1999-03-04,0.07,235.59
1999-03-05,1.3,174.3
1999-03-06,0.61,157.56
1999-03-07,1.81,141.55
1999-03-08,4.05,127.44
1999-03-09,1.48,119.57
1999-03-10,0.28,109.67
1999-03-11,0.01,96.33
1999-03-12,0.0,86.38
1999-03-13,0.57,70.67
1999-03-14,0.0,68.06
1999-03-15,0.0,53.35
1999-03-16,0.0,49.86
1999-03-17,0.0,49.32
1999-03-18,4.96,37.21
1999-03-19,2.27,40.27
1999-03-20,1.91,42.81
1999-03-21,2.63,46.92
1999-03-22,8.13,53.65
1999-03-23,3.37,62.08
1999-03-24,0.01,62.27
1999-03-25,0.23,58.71
1999-03-26,2.15,52.21
1999-03-27,0.15,48.56
1999-03-28,0.0,46.65
1999-03-29,0.0,46.07
1999-03-30,0.01,34.12
1999-03-31,0.0,36.32
1999-04-01,0.0,30.52
1999-04-02,0.0,30.54
1999-04-03,7.82,33.2
1999-04-04,5.74,43.92
1999-04-05,3.59,54.21
1999-04-06,4.43,53.11
1999-04-07,10.7,43.9
1999-04-08,0.19,64.38
1999-04-09,0.01,56.75
1999-04-10,1.4,50.18
1999-04-11,0.35,47.1
1999-04-12,7.52,45.6
1999-04-13,7.92,56.61
1999-04-14,11.88,54.25
1999-04-15,0.81,88.45
1999-04-16,0.08,101.38
1999-04-17,1.62,77.27
1999-04-18,0.08,70.29
1999-04-19,0.16,53.99
1999-04-20,3.37,45.14
1999-04-21,1.36,41.02
1999-04-22,1.44,43.56
1999-04-23,0.14,41.51
1999-04-24,0.47,36.13
1999-04-25,0.97,30.23
1999-04-26,0.05,33.98
1999-04-27,1.17,24.02
1999-04-28,0.0,24.93
1999-04-29,0.0,23.42
1999-04-30,0.0,22.13
1999-05-01,0.0,22.32
1999-05-02,0.0,30.98
1999-05-03,0.0,21.97
1999-05-04,0.0,21.07
1999-05-05,13.94,19.01
1999-05-06,3.95,39.89
1999-05-07,1.96,33.34
1999-05-08,0.73,27.94
1999-05-09,0.0,23.5
1999-05-10,8.08,22.85
1999-05-11,9.68,30.46
1999-05-12,3.2,37.25
1999-05-13,0.96,34.88
1999-05-14,1.23,30.57
1999-05-15,0.01,23.97
1999-05-16,0.0,22.26
1999-05-17,0.0,20.9
1999-05-18,0.0,20.6
1999-05-19,5.69,20.22
1999-05-20,0.02,22.85
1999-05-21,0.58,22.02
1999-05-22,1.06,21.24
1999-05-23,0.0,20.43
1999-05-24,0.0,19.55
1999-05-25,0.12,19.15
1999-05-26,0.0,18.98
1999-05-27,0.0,18.98
1999-05-28,0.48,18.83
1999-05-29,1.98,19.11
1999-05-30,14.32,19.05
1999-05-31,0.08,25.18
1999-06-01,0.02,19.63
1999-06-02,6.76,20.01
1999-06-03,1.44,23.11
1999-06-04,6.71,20.54
1999-06-05,3.58,23.96
1999-06-06,1.29,20.31
1999-06-07,3.41,17.56
1999-06-08,1.49,17.61
1999-06-09,0.09,16.85
1999-06-10,0.15,16.65
1999-06-11,0.07,17.16
1999-06-12,0.0,17.64
1999-06-13,0.02,17.52
1999-06-14,0.0,17.15
1999-06-15,0.0,16.76
1999-06-16,0.0,17.31
1999-06-17,4.14,17.64
1999-06-18,0.0,17.56
1999-06-19,0.0,17.4
1999-06-20,10.93,17.42
1999-06-21,6.11,22.6
1999-06-22,0.48,22.08
1999-06-23,0.3,17.99
1999-06-24,0.06,17.06
1999-06-25,0.0,16.82
1999-06-26,1.3,16.7
1999-06-27,2.13,16.6
1999-06-28,3.31,17.32
1999-06-29,0.38,18.06
1999-06-30,5.44,17.05
1999-07-01,0.09,18.7
1999-07-02,0.0,16.75
1999-07-03,0.48,16.65
1999-07-04,5.25,16.4
1999-07-05,0.65,17.48
1999-07-06,0.92,16.5
1999-07-07,0.31,16.41
1999-07-08,0.12,16.5
1999-07-09,0.0,16.12
1999-07-10,0.0,15.68
1999-07-11,0.0,15.62
1999-07-12,3.4,16.03
1999-07-13,5.79,24.22
1999-07-14,5.22,23.7
1999-07-15,3.27,19.38
1999-07-16,0.02,17.94
1999-07-17,0.0,16.48
1999-07-18,0.21,16.19
1999-07-19,14.08,15.6
1999-07-20,1.79,16.74
1999-07-21,0.01,16.61
1999-07-22,8.15,15.55
1999-07-23,0.26,17.81
1999-07-24,0.0,15.77
1999-07-25,0.33,15.43
1999-07-26,0.27,15.49
1999-07-27,0.0,15.24
1999-07-28,0.0,15.32
1999-07-29,0.0,15.28
1999-07-30,0.0,15.23
1999-07-31,0.0,15.29
1999-08-01,0.0,15.28
1999-08-02,0.0,15.26
1999-08-03,0.0,15.29
1999-08-04,0.25,17.08
1999-08-05,11.02,19.57
1999-08-06,1.8,18.96
1999-08-07,5.55,18.83
1999-08-08,7.24,19.79
1999-08-09,0.31,23.83
1999-08-10,11.21,17.44
1999-08-11,0.05,19.2
1999-08-12,0.0,16.77
1999-08-13,1.03,15.87
1999-08-14,16.18,17.28
1999-08-15,5.12,23.4
1999-08-16,3.69,19.21
1999-08-17,0.63,18.88
1999-08-18,5.87,16.93
1999-08-19,1.29,17.66
1999-08-20,4.63,17.27
1999-08-21,0.21,17.22
1999-08-22,0.0,16.12
1999-08-23,0.0,15.8
1999-08-24,0.01,15.84
1999-08-25,1.03,15.83
1999-08-26,3.99,16.03
1999-08-27,0.01,17.77
1999-08-28,0.01,15.92
1999-08-29,0.0,15.66
1999-08-30,0.01,15.59
1999-08-31,0.22,15.52
1999-09-01,0.0,15.72
1999-09-02,0.0,15.55
1999-09-03,0.0,15.32
1999-09-04,0.0,15.3
1999-09-05,0.0,15.17
1999-09-06,6.43,15.17
1999-09-07,0.0,15.28
1999-09-08,0.0,15.33
1999-09-09,0.0,15.22
1999-09-10,0.0,15.15
1999-09-11,0.0,14.84
1999-09-12,0.0,14.72
1999-09-13,0.24,14.7
1999-09-14,0.36,15.08
1999-09-15,9.6,15.61
1999-09-16,0.07,21.21
1999-09-17,5.2,17.06
1999-09-18,0.02,16.98
1999-09-19,0.0,15.03
1999-09-20,0.74,15.12
1999-09-21,0.81,15.01
1999-09-22,2.15,14.85
1999-09-23,6.31,16.84
1999-09-24,0.47,16.96
1999-09-25,0.86,15.24
1999-09-26,2.66,15.41
1999-09-27,0.61,15.4
1999-09-28,1.81,15.52
1999-09-29,8.95,16.49
1999-09-30,18.62,22.43
1999-10-01,1.84,30.54
1999-10-02,14.34,20.39
1999-10-03,1.76,23.23
1999-10-04,4.22,19.93
1999-10-05,1.66,20.47
1999-10-06,0.97,17.87
1999-10-07,1.01,17.25
1999-10-08,4.26,17.07
1999-10-09,2.76,19.09
1999-10-10,0.85,18.16
1999-10-11,2.22,17.28
1999-10-12,0.02,16.99
1999-10-13,0.01,16.39
1999-10-14,0.04,16.03
1999-10-15,0.0,15.87
1999-10-16,0.0,15.76
1999-10-17,0.02,15.51
1999-10-18,0.0,15.44
1999-10-19,0.0,15.83
1999-10-20,0.0,15.34
1999-10-21,0.54,15.28
1999-10-22,1.07,15.23
1999-10-23,0.82,15.78
1999-10-24,0.7,15.74
1999-10-25,0.37,15.17
1999-10-26,0.73,15.23
1999-10-27,0.0,14.93
1999-10-28,0.06,14.97
1999-10-29,0.01,15.06
1999-10-30,3.26,15.09
1999-10-31,0.01,14.8
1999-11-01,5.17,13.85
1999-11-02,3.89,16.78
1999-11-03,0.03,16.89
1999-11-04,0.01,14.05
1999-11-05,0.16,13.25
1999-11-06,1.87,13.49
1999-11-07,5.11,14.16
1999-11-08,0.61,15.26
1999-11-09,1.36,14.6
1999-11-10,1.08,14.65
1999-11-11,0.04,14.66
1999-11-12,0.0,14.59
1999-11-13,1.38,14.42
1999-11-14,0.48,14.54
1999-11-15,0.0,14.62
1999-11-16,1.29,14.53
1999-11-17,4.03,14.66
1999-11-18,6.19,17.09
1999-11-19,3.36,18.44
1999-11-20,0.73,17.16
1999-11-21,4.53,16.12
1999-11-22,11.59,16.08
1999-11-23,1.29,22.73
1999-11-24,0.09,18.42
1999-11-25,1.87,16.64
1999-11-26,0.05,17.11
1999-11-27,0.74,15.91
1999-11-28,0.02,15.68
1999-11-29,0.31,15.61
1999-11-30,1.7,15.66
1999-12-01,2.77,15.94
1999-12-02,1.19,16.46
1999-12-03,3.45,15.81
1999-12-04,0.6,17.54
1999-12-05,1.15,15.75
1999-12-06,4.98,16.01
1999-12-07,7.06,18.6
1999-12-08,2.1,22.35
1999-12-09,0.76,20.35
1999-12-10,2.8,18.58
1999-12-11,10.6,19.28
1999-12-12,14.11,32.93
1999-12-13,4.88,63.09
1999-12-14,4.8,50.63
1999-12-15,1.74,53.52
1999-12-16,0.75,42.62
1999-12-17,4.8,33.4
1999-12-18,0.33,46.15
1999-12-19,3.28,49.17
1999-12-20,0.77,35.54
1999-12-21,0.0,27.86
1999-12-22,1.12,25.47
1999-12-23,3.17,25.35
1999-12-24,7.94,34.71
1999-12-25,4.06,66.78
1999-12-26,15.89,92.93
1999-12-27,1.31,115.39
1999-12-28,2.26,102.03
1999-12-29,4.78,80.51
1999-12-30,1.25,75.28
1999-12-31,0.47,71.35
2000-01-01,1.56,65.06
2000-01-02,0.09,63.39
2000-01-03,4.18,52.23
2000-01-04,7.03,53.18
2000-01-05,0.1,81.51
2000-01-06,2.63,67.11
2000-01-07,0.01,59.75
2000-01-08,0.52,53.22
2000-01-09,0.06,49.88
2000-01-10,0.01,42.0
2000-01-11,0.0,36.82
2000-01-12,0.0,30.11
2000-01-13,0.03,27.61
2000-01-14,0.03,26.49
2000-01-15,0.16,25.99
2000-01-16,2.69,23.12
2000-01-17,2.08,23.11
2000-01-18,1.56,24.2
2000-01-19,0.9,25.31
2000-01-20,3.94,23.21
2000-01-21,3.36,23.66
2000-01-22,7.59,32.82
2000-01-23,1.52,56.26
2000-01-24,0.03,60.05
2000-01-25,0.0,41.54
2000-01-26,1.11,36.82
2000-01-27,0.04,31.7
2000-01-28,4.05,29.22
2000-01-29,17.14,40.34
2000-01-30,4.97,115.41
2000-01-31,5.16,130.02
2000-02-01,3.21,124.82
2000-02-02,1.92,107.43
2000-02-03,0.3,97.2
2000-02-04,3.04,79.73
2000-02-05,0.01,74.72
2000-02-06,1.89,69.64
2000-02-07,1.26,63.0
2000-02-08,6.03,55.77
2000-02-09,1.07,68.63
2000-02-10,5.67,60.61
2000-02-11,0.02,62.16
2000-02-12,2.45,64.03
2000-02-13,1.88,56.53
2000-02-14,3.49,56.2
2000-02-15,3.29,51.26
2000-02-16,6.05,53.9
2000-02-17,2.9,64.18
2000-02-18,9.27,75.54
2000-02-19,5.91,99.81
2000-02-20,0.16,112.53
2000-02-21,0.4,95.46
2000-02-22,0.15,77.67
2000-02-23,1.93,65.05
2000-02-24,21.53,60.54
2000-02-25,1.09,111.35
2000-02-26,0.0,156.96
2000-02-27,0.0,121.73
2000-02-28,9.68,105.9
2000-02-29,9.32,126.92
2000-03-01,5.54,137.04
2000-03-02,4.47,148.24
2000-03-03,10.56,147.45
2000-03-04,2.11,183.75
2000-03-05,0.25,143.38
2000-03-06,0.04,123.89
2000-03-07,3.45,109.5
2000-03-08,23.38,113.79
2000-03-09,6.37,171.87
2000-03-10,5.52,170.64
2000-03-11,3.47,143.27
2000-03-12,0.19,143.95
2000-03-13,2.32,144.02
2000-03-14,9.57,139.98
2000-03-15,4.24,150.99
2000-03-16,0.62,139.74
2000-03-17,3.39,125.43
2000-03-18,3.18,118.91
2000-03-19,0.03,112.96
2000-03-20,0.0,107.48
2000-03-21,0.0,97.85
2000-03-22,0.0,94.68
2000-03-23,0.2,84.55
2000-03-24,4.78,81.43
2000-03-25,7.89,83.21
2000-03-26,3.78,82.14
2000-03-27,4.05,103.46
2000-03-28,3.28,114.44
2000-03-29,0.21,100.73
2000-03-30,0.22,86.83
2000-03-31,0.62,77.7
2000-04-01,2.07,70.47
2000-04-02,0.1,70.32
2000-04-03,0.31,66.56
2000-04-04,2.25,55.84
2000-04-05,0.04,54.26
2000-04-06,0.0,44.91
2000-04-07,0.0,38.2
2000-04-08,0.0,35.11
2000-04-09,0.0,37.26
2000-04-10,0.01,36.07
2000-04-11,0.75,29.26
2000-04-12,2.23,32.92
2000-04-13,3.4,31.37
2000-04-14,1.25,35.33
2000-04-15,0.76,32.3
2000-04-16,0.15,33.62
2000-04-17,0.01,32.79
2000-04-18,1.65,25.26
2000-04-19,0.04,20.6
2000-04-20,0.0,19.66
2000-04-21,0.0,18.78
2000-04-22,1.78,18.46
2000-04-23,8.38,23.78
2000-04-24,3.53,35.97
2000-04-25,0.0,28.94
2000-04-26,1.78,19.77
2000-04-27,0.09,20.56
2000-04-28,0.01,19.26
2000-04-29,1.0,17.96
2000-04-30,0.45,18.13
2000-05-01,0.17,17.7
2000-05-02,1.0,21.87
2000-05-03,0.36,18.17
2000-05-04,0.0,19.12
2000-05-05,0.0,17.31
2000-05-06,0.0,16.83
2000-05-07,5.05,16.79
2000-05-08,0.25,17.74
2000-05-09,0.01,17.08
2000-05-10,0.0,17.04
2000-05-11,0.0,16.76
2000-05-12,0.0,16.45
2000-05-13,0.0,16.34
2000-05-14,0.0,16.19
2000-05-15,0.0,15.86
2000-05-16,1.36,15.86
2000-05-17,4.69,17.2
2000-05-18,3.2,17.73
2000-05-19,11.12,18.88
2000-05-20,2.46,21.05
2000-05-21,3.06,17.09
2000-05-22,3.84,17.41
2000-05-23,1.47,18.04
2000-05-24,4.09,16.79
2000-05-25,3.72,19.49
2000-05-26,0.3,17.98
2000-05-27,0.9,16.84
2000-05-28,2.24,17.02
2000-05-29,5.34,16.8
2000-05-30,0.93,18.16
2000-05-31,0.02,16.02
2000-06-01,0.0,15.64
2000-06-02,0.0,15.12
2000-06-03,8.26,15.23
2000-06-04,0.39,17.87
2000-06-05,8.94,16.17
2000-06-06,4.79,27.04
2000-06-07,3.72,22.84
2000-06-08,0.0,18.82
2000-06-09,0.0,15.85
2000-06-10,0.91,15.62
2000-06-11,0.64,15.18
2000-06-12,0.0,14.73
2000-06-13,0.0,14.78
2000-06-14,1.99,14.76
2000-06-15,2.07,14.97
2000-06-16,0.0,15.04
2000-06-17,0.0,14.28
2000-06-18,0.0,14.36
2000-06-19,0.0,13.98
2000-06-20,0.01,14.16
2000-06-21,11.6,14.31
2000-06-22,3.02,17.47
2000-06-23,5.92,14.57
2000-06-24,7.13,16.29
2000-06-25,4.96,19.56
2000-06-26,0.18,16.51
2000-06-27,0.0,14.13
2000-06-28,0.0,13.95
2000-06-29,0.0,13.64
2000-06-30,0.09,13.65
2000-07-01,2.43,13.58
2000-07-02,7.17,14.0
2000-07-03,3.16,22.42
2000-07-04,24.97,16.0
2000-07-05,4.62,21.29
2000-07-06,0.45,18.1
2000-07-07,0.11,14.81
2000-07-08,0.54,14.29
2000-07-09,2.39,14.27
2000-07-10,2.83,14.43
2000-07-11,7.53,15.06
2000-07-12,0.69,17.36
2000-07-13,6.37,14.21
2000-07-14,8.43,16.0
2000-07-15,8.5,20.97
2000-07-16,3.2,23.91
2000-07-17,0.57,19.51
2000-07-18,1.02,15.54
2000-07-19,0.85,17.38
2000-07-20,0.01,15.53
2000-07-21,0.03,14.24
2000-07-22,2.31,13.99
2000-07-23,0.08,15.64
2000-07-24,9.26,14.57
2000-07-25,9.11,23.98
2000-07-26,0.72,27.32
2000-07-27,4.52,19.24
2000-07-28,8.32,18.57
2000-07-29,5.56,27.39
2000-07-30,2.71,18.93
2000-07-31,0.04,16.83
2000-08-01,0.94,16.07
2000-08-02,0.98,14.61
2000-08-03,2.33,16.88
2000-08-04,0.01,19.48
2000-08-05,0.06,17.68
2000-08-06,1.1,15.19
2000-08-07,1.29,15.29
2000-08-08,2.03,16.18
2000-08-09,0.06,14.66
2000-08-10,0.12,13.97
2000-08-11,0.0,13.79
2000-08-12,0.0,13.83
2000-08-13,0.0,13.79
2000-08-14,3.44,13.72
2000-08-15,1.34,14.35
2000-08-16,6.77,14.12
2000-08-17,1.33,16.1
2000-08-18,18.46,14.5
2000-08-19,3.71,16.22
2000-08-20,6.14,14.95
2000-08-21,0.12,16.28
2000-08-22,0.0,14.43
2000-08-23,0.0,13.67
2000-08-24,0.0,13.61
2000-08-25,0.0,13.73
2000-08-26,2.78,13.78
2000-08-27,10.45,17.03
2000-08-28,0.59,31.08
2000-08-29,0.05,17.15
2000-08-30,0.03,17.11
2000-08-31,0.01,14.78
2000-09-01,6.0,14.13
2000-09-02,11.65,21.83
2000-09-03,3.71,22.26
2000-09-04,0.55,17.86
2000-09-05,1.1,16.32
2000-09-06,13.91,15.28
2000-09-07,2.6,26.85
2000-09-08,0.24,23.54
2000-09-09,0.21,17.73
2000-09-10,0.01,15.36
2000-09-11,0.0,16.36
2000-09-12,0.03,15.22
2000-09-13,0.18,15.26
2000-09-14,0.03,14.77
2000-09-15,10.88,14.79
2000-09-16,3.77,22.96
2000-09-17,0.47,25.56
2000-09-18,0.02,15.62
2000-09-19,0.02,14.34
2000-09-20,6.2,13.92
2000-09-21,6.81,22.26
2000-09-22,0.01,30.87
2000-09-23,0.01,20.14
2000-09-24,0.96,17.07
2000-09-25,3.82,16.2
2000-09-26,0.27,16.47
2000-09-27,2.53,16.16
2000-09-28,1.31,16.64
2000-09-29,0.01,15.79
2000-09-30,0.96,15.18
2000-10-01,5.37,16.7
2000-10-02,0.04,21.77
2000-10-03,0.0,17.88
2000-10-04,0.27,16.35
2000-10-05,3.51,15.61
2000-10-06,1.88,17.28
2000-10-07,0.02,19.01
2000-10-08,4.81,16.55
2000-10-09,0.84,17.44
2000-10-10,3.71,16.53
2000-10-11,1.13,18.52
2000-10-12,2.04,18.54
2000-10-13,0.18,17.72
2000-10-14,0.0,16.29
2000-10-15,0.04,15.91
2000-10-16,0.19,15.51
2000-10-17,1.23,14.98
2000-10-18,1.68,14.89
2000-10-19,2.88,15.19
2000-10-20,0.0,15.37
2000-10-21,0.0,14.67
2000-10-22,0.0,14.34
2000-10-23,4.13,14.45
2000-10-24,0.04,16.11
2000-10-25,0.9,14.99
2000-10-26,2.74,14.76
2000-10-27,8.95,16.36
2000-10-28,0.73,19.12
2000-10-29,0.89,17.95
2000-10-30,5.62,22.55
2000-10-31,0.79,25.86
2000-11-01,5.69,22.72
2000-11-02,1.01,28.85
2000-11-03,0.1,31.8
2000-11-04,0.64,19.66
2000-11-05,0.01,18.04
2000-11-06,0.38,19.54
2000-11-07,0.84,17.69
2000-11-08,1.46,17.22
2000-11-09,0.33,19.86
2000-11-10,0.01,18.95
2000-11-11,0.0,16.59
2000-11-12,6.98,16.86
2000-11-13,0.72,33.34
2000-11-14,0.16,26.33
2000-11-15,0.8,18.99
2000-11-16,0.18,19.91
2000-11-17,1.46,18.78
2000-11-18,0.31,18.4
2000-11-19,1.0,16.99
2000-11-20,0.27,16.86
2000-11-21,0.5,16.63
2000-11-22,2.97,16.3
2000-11-23,1.16,17.79
2000-11-24,0.09,17.93
2000-11-25,0.85,18.26
2000-11-26,0.47,17.7
2000-11-27,3.06,17.46
2000-11-28,1.45,18.18
2000-11-29,0.26,19.26
2000-11-30,0.01,20.86
2000-12-01,2.01,17.43
2000-12-02,0.3,18.15
2000-12-03,0.06,17.93
2000-12-04,0.45,16.94
2000-12-05,0.21,16.3
2000-12-06,3.57,16.94
2000-12-07,1.52,20.11
2000-12-08,0.02,19.06
2000-12-09,0.52,20.08
2000-12-10,6.33,21.42
2000-12-11,4.65,24.86
2000-12-12,2.75,29.63
2000-12-13,4.5,38.69
2000-12-14,1.8,42.93
2000-12-15,8.65,44.0
2000-12-16,1.4,42.0
2000-12-17,0.58,38.17
2000-12-18,0.12,26.04
2000-12-19,0.0,23.35
2000-12-20,0.0,22.77
2000-12-21,0.01,22.36
2000-12-22,0.0,20.6
2000-12-23,0.09,19.35
2000-12-24,3.15,19.42
2000-12-25,2.47,19.55
2000-12-26,0.91,19.3
2000-12-27,2.1,18.17
2000-12-28,0.5,20.74
2000-12-29,0.76,19.93
2000-12-30,2.72,19.42
2000-12-31,0.22,19.28
2001-01-01,3.19,20.63
2001-01-02,0.91,33.73
2001-01-03,1.31,40.24
2001-01-04,1.84,32.52
2001-01-05,15.68,39.35
2001-01-06,1.15,80.42
2001-01-07,0.28,79.28
2001-01-08,0.46,44.49
2001-01-09,0.41,33.16
2001-01-10,2.3,30.35
2001-01-11,0.02,28.97
2001-01-12,0.0,21.82
2001-01-13,0.0,22.44
2001-01-14,0.0,22.21
2001-01-15,0.0,21.44
2001-01-16,0.0,19.76
2001-01-17,0.19,19.24
2001-01-18,0.13,18.77
2001-01-19,0.39,18.74
2001-01-20,2.58,18.98
2001-01-21,5.3,19.42
2001-01-22,1.62,21.81
2001-01-23,1.32,29.48
2001-01-24,3.07,38.54
2001-01-25,3.28,43.4
2001-01-26,1.64,38.99
2001-01-27,9.32,53.65
2001-01-28,1.3,72.77
2001-01-29,0.18,65.98
2001-01-30,0.12,45.16
2001-01-31,0.17,37.37
2001-02-01,2.89,29.33
2001-02-02,5.7,27.39
2001-02-03,9.69,29.3
2001-02-04,14.7,53.9
2001-02-05,4.01,151.72
2001-02-06,4.22,195.48
2001-02-07,2.77,164.63
2001-02-08,1.7,124.68
2001-02-09,0.25,99.1
2001-02-10,0.13,78.66
2001-02-11,0.02,60.93
2001-02-12,2.84,52.51
2001-02-13,0.02,47.33
2001-02-14,0.0,43.08
2001-02-15,0.0,36.42
2001-02-16,4.27,32.04
2001-02-17,0.19,32.85
2001-02-18,0.05,38.59
2001-02-19,1.78,31.16
2001-02-20,0.45,25.66
2001-02-21,1.32,25.7
2001-02-22,6.11,25.6
2001-02-23,0.67,28.64
2001-02-24,0.06,36.36
2001-02-25,1.08,25.62
2001-02-26,0.73,24.36
2001-02-27,0.04,26.89
2001-02-28,0.55,20.07
2001-03-01,3.32,21.45
2001-03-02,2.63,24.86
2001-03-03,0.71,25.56
2001-03-04,1.6,23.45
2001-03-05,0.01,21.86
2001-03-06,0.04,21.15
2001-03-07,2.44,23.08
2001-03-08,0.75,22.68
2001-03-09,4.47,24.39
2001-03-10,4.77,26.69
2001-03-11,1.92,45.9
2001-03-12,0.51,48.25
2001-03-13,5.32,34.32
2001-03-14,0.22,50.82
2001-03-15,0.96,42.01
2001-03-16,3.66,32.07
2001-03-17,6.71,36.43
2001-03-18,7.24,57.6
2001-03-19,2.62,101.27
2001-03-20,0.38,85.95
2001-03-21,6.42,69.76
2001-03-22,0.16,58.74
2001-03-23,7.97,63.89
2001-03-24,8.37,88.52
2001-03-25,6.98,90.46
2001-03-26,0.32,113.89
2001-03-27,0.13,111.2
2001-03-28,4.35,91.53
2001-03-29,3.58,84.92
2001-03-30,0.75,83.92
2001-03-31,0.04,65.26
2001-04-01,0.05,57.96
2001-04-02,0.26,51.49
2001-04-03,0.45,40.18
2001-04-04,3.33,37.83
2001-04-05,5.44,42.7
2001-04-06,5.74,42.77
2001-04-07,0.41,57.28
2001-04-08,0.77,60.02
2001-04-09,1.71,44.42
2001-04-10,8.97,37.58
2001-04-11,1.21,50.04
2001-04-12,0.96,37.32
2001-04-13,0.26,36.38
2001-04-14,8.46,40.0
2001-04-15,12.43,43.59
2001-04-16,1.99,78.2
2001-04-17,0.69,84.19
2001-04-18,3.9,69.75
2001-04-19,1.25,70.22
2001-04-20,1.85,58.43
2001-04-21,0.08,58.09
2001-04-22,0.0,53.72
2001-04-23,0.01,46.39
2001-04-24,2.52,36.38
2001-04-25,8.11,37.99
2001-04-26,3.65,47.61
2001-04-27,3.16,45.92
2001-04-28,0.74,51.48
2001-04-29,2.21,47.63
2001-04-30,1.25,46.31
2001-05-01,0.04,35.86
2001-05-02,0.0,41.26
2001-05-03,9.92,27.99
2001-05-04,0.05,52.67
2001-05-05,0.01,58.86
2001-05-06,1.59,41.33
2001-05-07,0.0,32.62
2001-05-08,0.0,23.13
2001-05-09,0.0,20.27
2001-05-10,0.0,18.86
2001-05-11,0.0,18.65
2001-05-12,0.0,18.9
2001-05-13,0.0,18.62
2001-05-14,7.7,18.71
2001-05-15,0.89,28.27
2001-05-16,9.36,22.65
2001-05-17,1.74,24.13
2001-05-18,5.22,20.46
2001-05-19,0.0,23.08
2001-05-20,0.0,18.03
2001-05-21,0.0,17.45
2001-05-22,0.0,17.28
2001-05-23,0.0,16.95
2001-05-24,0.0,16.58
2001-05-25,0.0,16.4
2001-05-26,0.0,16.43
2001-05-27,0.04,16.48
2001-05-28,0.75,16.26
2001-05-29,0.01,16.15
2001-05-30,0.0,15.93
2001-05-31,6.56,15.73
2001-06-01,3.08,16.67
2001-06-02,11.84,17.43
2001-06-03,5.98,20.23
2001-06-04,0.4,18.27
2001-06-05,2.22,16.32
2001-06-06,6.72,16.04
2001-06-07,7.47,16.28
2001-06-08,1.34,18.98
2001-06-09,0.14,16.99
2001-06-10,2.22,15.67
2001-06-11,1.35,15.67
2001-06-12,0.0,16.07
2001-06-13,0.02,15.72
2001-06-14,0.0,15.16
2001-06-15,3.28,15.0
2001-06-16,2.81,15.96
2001-06-17,13.23,15.58
2001-06-18,4.52,20.03
2001-06-19,0.02,20.13
2001-06-20,0.0,16.09
2001-06-21,0.08,15.33
2001-06-22,3.17,15.24
2001-06-23,0.0,15.96
2001-06-24,0.0,15.42
2001-06-25,0.0,15.12
2001-06-26,0.0,14.85
2001-06-27,14.02,15.54
2001-06-28,0.14,53.12
2001-06-29,0.0,17.48
2001-06-30,22.69,24.17
2001-07-01,0.0,43.13
2001-07-02,0.0,17.42
2001-07-03,0.0,17.03
2001-07-04,0.0,15.5
2001-07-05,0.0,15.12
2001-07-06,0.31,14.89
2001-07-07,0.21,14.68
2001-07-08,15.93,14.36
2001-07-09,3.81,19.96
2001-07-10,3.4,18.58
2001-07-11,0.4,15.58
2001-07-12,0.11,14.74
2001-07-13,3.26,14.58
2001-07-14,10.59,14.89
2001-07-15,0.56,18.14
2001-07-16,1.05,14.84
2001-07-17,2.6,14.84
2001-07-18,0.94,15.21
2001-07-19,5.77,15.27
2001-07-20,1.87,18.95
2001-07-21,0.02,15.81
2001-07-22,0.02,14.58
2001-07-23,5.52,14.4
2001-07-24,0.01,16.09
2001-07-25,0.0,14.71
2001-07-26,0.0,13.96
2001-07-27,0.05,14.04
2001-07-28,0.25,13.93
2001-07-29,0.0,13.82
2001-07-30,0.0,13.7
2001-07-31,0.07,13.7
2001-08-01,0.0,13.63
2001-08-02,1.08,13.41
2001-08-03,2.43,14.52
2001-08-04,3.29,14.41
2001-08-05,8.32,14.52
2001-08-06,4.57,19.37
2001-08-07,6.06,16.37
2001-08-08,2.34,15.56
2001-08-09,8.02,15.46
2001-08-10,2.12,17.36
2001-08-11,0.01,15.31
2001-08-12,0.47,14.32
2001-08-13,0.01,14.17
2001-08-14,0.0,14.1
2001-08-15,0.16,16.73
2001-08-16,1.65,14.27
2001-08-17,0.24,14.48
2001-08-18,1.6,13.84
2001-08-19,1.5,13.9
2001-08-20,0.71,13.52
2001-08-21,0.0,15.8
2001-08-22,0.0,19.88
2001-08-23,0.0,19.79
2001-08-24,0.0,17.87
2001-08-25,0.28,15.83
2001-08-26,4.38,15.63
2001-08-27,4.52,16.75
2001-08-28,0.0,15.98
2001-08-29,0.0,13.89
2001-08-30,0.24,13.75
2001-08-31,0.87,13.54
2001-09-01,0.62,13.57
2001-09-02,1.87,13.72
2001-09-03,12.1,13.88
2001-09-04,7.63,17.41
2001-09-05,4.18,17.42
2001-09-06,5.65,15.52
2001-09-07,11.46,17.28
2001-09-08,7.82,19.99
2001-09-09,4.64,21.08
2001-09-10,2.27,18.45
2001-09-11,4.81,17.7
2001-09-12,4.26,18.36
2001-09-13,11.7,19.4
2001-09-14,3.56,21.45
2001-09-15,3.87,17.81
2001-09-16,6.55,17.85
2001-09-17,1.37,17.06
2001-09-18,0.02,14.97
2001-09-19,6.65,14.79
2001-09-20,9.67,19.07
2001-09-21,4.35,24.47
2001-09-22,4.42,24.83
2001-09-23,0.93,22.02
2001-09-24,0.61,22.06
2001-09-25,0.25,21.35
2001-09-26,6.04,19.45
2001-09-27,4.12,21.25
2001-09-28,0.0,22.07
2001-09-29,2.27,17.59
2001-09-30,0.72,16.9
2001-10-01,10.49,17.2
2001-10-02,11.18,21.21
2001-10-03,1.95,27.14
2001-10-04,0.01,34.33
2001-10-05,0.0,23.63
2001-10-06,1.19,21.96
2001-10-07,0.03,21.99
2001-10-08,0.14,20.82
2001-10-09,0.0,16.79
2001-10-10,0.0,15.51
2001-10-11,0.02,15.1
2001-10-12,0.0,14.19
2001-10-13,0.0,14.0
2001-10-14,0.0,14.11
2001-10-15,0.01,14.04
2001-10-16,0.0,13.96
2001-10-17,0.0,13.85
2001-10-18,0.03,13.77
2001-10-19,0.0,13.82
2001-10-20,0.02,13.84
2001-10-21,0.61,13.88
2001-10-22,0.01,14.22
2001-10-23,8.91,14.04
2001-10-24,1.24,18.82
2001-10-25,0.66,16.27
2001-10-26,1.28,14.46
2001-10-27,4.15,15.55
2001-10-28,0.28,15.94
2001-10-29,0.14,14.27
2001-10-30,0.0,13.88
2001-10-31,3.06,13.94
2001-11-01,0.18,15.17
2001-11-02,0.0,13.74
2001-11-03,0.0,13.62
2001-11-04,1.18,14.02
2001-11-05,0.08,14.4
2001-11-06,3.55,14.22
2001-11-07,21.52,15.3
2001-11-08,11.77,25.72
2001-11-09,0.13,32.68
2001-11-10,0.01,42.32
2001-11-11,0.63,22.99
2001-11-12,6.06,23.27
2001-11-13,0.25,24.48
2001-11-14,0.0,22.18
2001-11-15,0.63,20.29
2001-11-16,0.18,18.21
2001-11-17,0.23,19.02
2001-11-18,0.04,18.63
2001-11-19,0.33,17.76
2001-11-20,0.22,17.69
2001-11-21,5.35,17.69
2001-11-22,10.88,31.02
2001-11-23,1.03,30.69
2001-11-24,3.94,28.11
2001-11-25,8.37,37.58
2001-11-26,2.41,39.07
2001-11-27,2.39,54.29
2001-11-28,1.2,53.39
2001-11-29,11.95,46.06
2001-11-30,7.06,73.62
2001-12-01,4.91,106.12
2001-12-02,0.5,118.74
2001-12-03,1.27,90.93
2001-12-04,3.9,69.49
2001-12-05,6.83,59.5
2001-12-06,0.24,60.19
2001-12-07,0.0,59.39
2001-12-08,0.0,59.48
2001-12-09,0.0,53.56
2001-12-10,0.25,48.0
2001-12-11,0.34,35.62
2001-12-12,0.3,36.03
2001-12-13,0.01,28.42
2001-12-14,0.0,23.99
2001-12-15,0.06,21.24
2001-12-16,1.0,24.21
2001-12-17,0.46,28.72
2001-12-18,1.5,20.97
2001-12-19,4.93,20.31
2001-12-20,0.9,26.02
2001-12-21,15.19,30.98
2001-12-22,3.09,78.95
2001-12-23,0.28,85.87
2001-12-24,9.22,63.34
2001-12-25,7.63,89.46
2001-12-26,0.92,148.82
2001-12-27,11.08,122.64
2001-12-28,4.46,141.63
2001-12-29,8.96,150.56
2001-12-30,2.06,131.73
2001-12-31,1.35,114.44
2002-01-01,0.13,101.12
2002-01-02,0.89,87.1
2002-01-03,0.01,69.13
2002-01-04,0.0,61.88
2002-01-05,0.0,50.58
2002-01-06,2.25,47.87
2002-01-07,0.27,45.47
2002-01-08,0.06,39.38
2002-01-09,0.01,32.72
2002-01-10,0.04,37.89
2002-01-11,1.08,30.72
2002-01-12,0.58,27.52
2002-01-13,0.01,36.94
2002-01-14,0.01,32.39
2002-01-15,0.62,32.11
2002-01-16,0.3,29.93
2002-01-17,0.9,28.04
2002-01-18,1.19,33.09
2002-01-19,4.69,34.9
2002-01-20,5.48,50.0
2002-01-21,1.6,73.44
2002-01-22,3.25,71.69
2002-01-23,2.03,76.94
2002-01-24,2.58,77.35
2002-01-25,2.83,79.3
2002-01-26,21.45,69.38
2002-01-27,4.76,129.35
2002-01-28,5.55,197.21
2002-01-29,0.52,172.59
2002-01-30,1.72,126.78
2002-01-31,0.35,114.13
2002-02-01,0.02,96.35
2002-02-02,0.01,83.5
2002-02-03,0.05,79.64
2002-02-04,1.78,72.34
2002-02-05,5.35,55.76
2002-02-06,0.74,70.65
2002-02-07,1.31,64.8
2002-02-08,1.21,50.0
2002-02-09,10.46,47.24
2002-02-10,8.51,74.77
2002-02-11,9.46,106.81
2002-02-12,3.77,130.0
2002-02-13,0.14,113.94
2002-02-14,0.0,96.38
2002-02-15,0.0,75.53
2002-02-16,0.0,65.87
2002-02-17,0.0,58.95
2002-02-18,2.11,52.46
2002-02-19,20.55,50.93
2002-02-20,5.68,96.56
2002-02-21,1.15,157.13
2002-02-22,12.48,139.48
2002-02-23,7.8,176.53
2002-02-24,1.7,182.7
2002-02-25,15.53,172.08
2002-02-26,11.47,198.5
2002-02-27,1.17,251.29
2002-02-28,8.51,230.29
2002-03-01,3.81,202.63
2002-03-02,0.0,211.19
2002-03-03,0.24,185.22
2002-03-04,0.05,157.69
2002-03-05,0.0,119.82
2002-03-06,2.7,106.76
2002-03-07,1.78,97.61
2002-03-08,0.04,81.9
2002-03-09,3.16,75.35
2002-03-10,0.0,77.28
2002-03-11,0.0,71.24
2002-03-12,1.46,56.73
2002-03-13,3.65,54.76
2002-03-14,2.82,59.28
2002-03-15,0.33,51.47
2002-03-16,0.0,49.83
2002-03-17,0.88,49.95
2002-03-18,8.3,55.3
2002-03-19,6.21,59.98
2002-03-20,7.26,63.47
2002-03-21,2.78,84.72
2002-03-22,3.65,83.98
2002-03-23,0.07,82.27
2002-03-24,0.0,77.0
2002-03-25,0.0,71.97
2002-03-26,0.0,62.8
2002-03-27,0.0,48.0
2002-03-28,0.0,39.61
2002-03-29,0.0,39.06
2002-03-30,0.0,41.89
2002-03-31,0.19,39.64
2002-04-01,0.0,42.68
2002-04-02,0.0,34.34
2002-04-03,0.0,27.69
2002-04-04,0.0,27.04
2002-04-05,0.0,23.74
2002-04-06,0.0,20.52
2002-04-07,0.0,22.43
2002-04-08,0.0,22.7
2002-04-09,0.0,19.68
2002-04-10,0.0,19.27
2002-04-11,0.0,19.11
2002-04-12,0.01,18.93
2002-04-13,1.11,18.69
2002-04-14,1.89,18.39
2002-04-15,8.74,21.33
2002-04-16,9.21,28.65
2002-04-17,1.52,27.61
2002-04-18,5.36,24.64
2002-04-19,0.74,36.78
2002-04-20,0.0,30.88
2002-04-21,0.0,24.95
2002-04-22,0.0,22.31
2002-04-23,0.49,21.5
2002-04-24,0.01,21.46
2002-04-25,0.0,21.09
2002-04-26,7.22,20.56
2002-04-27,7.33,26.77
2002-04-28,9.4,27.36
2002-04-29,8.3,42.2
2002-04-30,0.75,47.96
2002-05-01,0.36,50.28
2002-05-02,0.4,34.91
2002-05-03,8.38,27.02
2002-05-04,24.44,26.15
2002-05-05,0.49,103.29
2002-05-06,5.25,135.94
2002-05-07,0.03,109.58
2002-05-08,0.0,84.47
2002-05-09,0.0,67.16
2002-05-10,13.09,55.49
2002-05-11,3.4,72.49
2002-05-12,0.39,69.21
2002-05-13,0.28,66.7
2002-05-14,3.25,49.9
2002-05-15,0.01,43.93
2002-05-16,0.0,36.07
2002-05-17,0.0,33.54
2002-05-18,1.01,29.82
2002-05-19,0.0,33.71
2002-05-20,0.0,31.17
2002-05-21,0.01,25.84
2002-05-22,2.76,22.51
2002-05-23,2.75,19.14
2002-05-24,0.26,18.66
2002-05-25,0.26,17.15
2002-05-26,0.76,18.02
2002-05-27,3.05,18.75
2002-05-28,0.18,17.26
2002-05-29,0.38,16.94
2002-05-30,0.1,15.74
2002-05-31,0.0,16.0
2002-06-01,0.0,16.07
2002-06-02,0.0,15.99
2002-06-03,0.49,16.0
2002-06-04,0.28,16.38
2002-06-05,13.78,15.97
2002-06-06,4.95,19.64
2002-06-07,9.65,17.13
2002-06-08,0.01,25.7
2002-06-09,4.81,25.38
2002-06-10,3.27,18.94
2002-06-11,6.17,17.73
2002-06-12,5.49,20.88
2002-06-13,2.75,18.6
2002-06-14,9.74,17.09
2002-06-15,0.21,19.32
2002-06-16,1.12,17.19
2002-06-17,0.0,16.8
2002-06-18,2.79,16.61
2002-06-19,2.59,25.22
2002-06-20,7.23,25.28
2002-06-21,0.02,27.68
2002-06-22,1.39,17.96
2002-06-23,0.38,16.99
2002-06-24,0.0,16.6
2002-06-25,0.0,16.49
2002-06-26,0.0,16.24
2002-06-27,0.44,16.15
2002-06-28,5.92,16.04
2002-06-29,0.04,17.93
2002-06-30,1.05,16.07
2002-07-01,8.68,16.85
2002-07-02,4.25,19.38
2002-07-03,5.0,17.95
2002-07-04,1.85,19.58
2002-07-05,0.67,17.03
2002-07-06,1.16,16.25
2002-07-07,0.02,16.19
2002-07-08,0.01,15.9
2002-07-09,2.75,15.74
2002-07-10,19.71,20.42
2002-07-11,0.36,32.85
2002-07-12,3.94,20.12
2002-07-13,5.68,18.33
2002-07-14,4.92,21.25
2002-07-15,0.01,18.26
2002-07-16,0.16,16.42
2002-07-17,36.18,16.65
2002-07-18,1.3,25.44
2002-07-19,0.07,44.6
2002-07-20,9.7,51.72
2002-07-21,5.24,54.59
2002-07-22,0.19,43.36
2002-07-23,7.86,41.75
2002-07-24,4.29,32.92
2002-07-25,2.01,39.73
2002-07-26,1.0,32.71
2002-07-27,0.0,26.68
2002-07-28,0.0,31.17
2002-07-29,0.0,19.45
2002-07-30,3.01,16.52
2002-07-31,2.6,18.76
2002-08-01,22.4,31.98
2002-08-02,0.14,67.7
2002-08-03,3.34,61.89
2002-08-04,4.03,43.09
2002-08-05,4.94,38.8
2002-08-06,5.16,47.45
2002-08-07,0.15,48.19
2002-08-08,1.82,26.14
2002-08-09,4.16,23.97
2002-08-10,15.62,32.35
2002-08-11,8.39,77.81
2002-08-12,0.54,101.53
2002-08-13,0.03,89.16
2002-08-14,0.0,49.77
2002-08-15,0.0,36.38
2002-08-16,0.0,29.84
2002-08-17,0.32,22.31
2002-08-18,0.0,21.29
2002-08-19,0.36,19.4
2002-08-20,23.87,18.6
2002-08-21,5.96,86.33
2002-08-22,7.56,95.03
2002-08-23,0.1,59.27
2002-08-24,8.29,48.48
2002-08-25,0.06,64.32
2002-08-26,0.0,54.64
2002-08-27,2.59,38.94
2002-08-28,0.0,44.0
2002-08-29,0.0,33.17
2002-08-30,0.0,24.43
2002-08-31,0.27,21.84
2002-09-01,0.0,18.99
2002-09-02,0.0,18.4
2002-09-03,0.99,17.9
2002-09-04,1.79,17.64
2002-09-05,0.07,16.8
2002-09-06,0.0,17.91
2002-09-07,0.0,17.02
2002-09-08,0.0,16.65
2002-09-09,16.03,16.42
2002-09-10,21.94,21.24
2002-09-11,0.25,47.48
2002-09-12,0.0,57.32
2002-09-13,0.04,45.46
2002-09-14,0.63,33.11
2002-09-15,0.0,28.67
2002-09-16,0.03,20.9
2002-09-17,0.0,18.56
2002-09-18,0.0,16.8
2002-09-19,0.0,16.29
2002-09-20,0.0,16.15
2002-09-21,1.04,16.0
2002-09-22,8.08,16.59
2002-09-23,0.19,18.66
2002-09-24,0.24,15.94
2002-09-25,3.85,16.1
2002-09-26,3.6,17.08
2002-09-27,0.2,16.8
2002-09-28,0.03,16.15
2002-09-29,0.01,15.49
2002-09-30,0.0,15.82
2002-10-01,0.0,15.88
2002-10-02,0.34,18.99
2002-10-03,8.42,22.41
2002-10-04,0.24,24.95
2002-10-05,18.17,24.32
2002-10-06,2.4,41.76
2002-10-07,3.14,39.2
2002-10-08,0.01,33.25
2002-10-09,0.0,25.04
2002-10-10,0.0,19.79
2002-10-11,0.0,16.84
2002-10-12,0.14,17.58
2002-10-13,0.79,16.82
2002-10-14,4.95,16.42
2002-10-15,0.62,21.4
2002-10-16,2.28,25.05
2002-10-17,0.1,21.18
2002-10-18,4.05,16.27
2002-10-19,0.61,16.51
2002-10-20,2.53,17.26
2002-10-21,2.8,19.81
2002-10-22,3.08,20.36
2002-10-23,3.58,21.74
2002-10-24,0.26,24.44
2002-10-25,7.4,23.22
2002-10-26,4.69,24.77
2002-10-27,11.45,27.94
2002-10-28,0.19,56.59
2002-10-29,2.56,57.32
2002-10-30,0.02,40.98
2002-10-31,0.07,41.99
2002-11-01,13.84,26.3
2002-11-02,5.07,46.95
2002-11-03,10.17,91.68
2002-11-04,0.89,118.09
2002-11-05,0.11,97.03
2002-11-06,1.47,79.02
2002-11-07,9.65,65.12
2002-11-08,15.58,74.71
2002-11-09,0.88,128.76
2002-11-10,8.97,147.13
2002-11-11,3.33,126.91
2002-11-12,0.25,124.97
2002-11-13,2.88,107.84
2002-11-14,0.07,104.93
2002-11-15,2.62,93.98
2002-11-16,20.83,76.11
2002-11-17,1.19,135.31
2002-11-18,0.03,183.31
2002-11-19,0.01,138.68
2002-11-20,0.0,107.95
2002-11-21,0.27,92.46
2002-11-22,1.8,81.73
2002-11-23,0.28,72.15
2002-11-24,0.92,66.37
2002-11-25,1.45,61.18
2002-11-26,0.13,55.56
2002-11-27,0.02,51.8
2002-11-28,0.61,45.35
2002-11-29,1.6,41.39
2002-11-30,0.18,45.25
2002-12-01,4.3,40.21
2002-12-02,0.13,44.33
2002-12-03,0.01,39.98
2002-12-04,0.06,36.0
2002-12-05,0.11,34.5
2002-12-06,0.03,33.84
2002-12-07,0.03,32.77
2002-12-08,0.0,34.41
2002-12-09,0.0,25.64
2002-12-10,0.0,22.27
2002-12-11,0.0,20.9
2002-12-12,0.0,20.13
2002-12-13,0.0,19.6
2002-12-14,0.0,19.49
2002-12-15,3.14,19.83
2002-12-16,6.88,25.82
2002-12-17,0.92,31.47
2002-12-18,0.25,31.31
2002-12-19,0.0,24.05
2002-12-20,0.46,23.24
2002-12-21,0.27,22.98
2002-12-22,23.69,28.34
2002-12-23,2.29,141.98
2002-12-24,2.24,140.58
2002-12-25,1.12,125.85
2002-12-26,3.5,116.98
2002-12-27,3.67,109.49
2002-12-28,3.65,103.39
2002-12-29,28.45,98.17
2002-12-30,23.1,169.22
2002-12-31,0.07,294.02
2003-01-01,11.15,286.64
2003-01-02,19.14,277.47
2003-01-03,14.14,364.58
2003-01-04,0.25,429.13
2003-01-05,1.4,365.94
2003-01-06,0.83,297.14
2003-01-07,0.0,243.26
2003-01-08,0.0,195.23
2003-01-09,0.0,145.47
2003-01-10,0.0,116.43
2003-01-11,0.0,99.88
2003-01-12,3.93,89.04
2003-01-13,9.48,83.94
2003-01-14,0.7,99.62
2003-01-15,1.43,113.29
2003-01-16,0.01,117.31
2003-01-17,0.04,111.07
2003-01-18,0.01,100.64
2003-01-19,0.77,94.4
2003-01-20,0.81,90.09
2003-01-21,1.08,81.67
2003-01-22,3.2,77.42
2003-01-23,5.38,72.22
2003-01-24,0.12,75.63
2003-01-25,2.12,76.91
2003-01-26,4.35,76.1
2003-01-27,6.84,80.91
2003-01-28,7.24,89.67
2003-01-29,5.6,125.5
2003-01-30,2.49,158.93
2003-01-31,0.63,129.4
2003-02-01,0.51,107.85
2003-02-02,5.92,96.9
2003-02-03,8.59,121.07
2003-02-04,4.68,153.16
2003-02-05,2.41,137.35
2003-02-06,0.05,130.88
2003-02-07,1.33,109.08
2003-02-08,0.23,93.77
2003-02-09,0.01,93.98
2003-02-10,0.0,85.8
2003-02-11,0.0,74.22
2003-02-12,0.0,67.95
2003-02-13,0.0,61.95
2003-02-14,0.0,55.41
2003-02-15,0.0,48.23
2003-02-16,0.0,48.33
2003-02-17,0.0,43.32
2003-02-18,0.0,38.88
2003-02-19,0.0,35.66
2003-02-20,0.0,34.55
2003-02-21,0.0,31.95
2003-02-22,0.0,32.39
2003-02-23,0.0,32.98
2003-02-24,0.0,36.39
2003-02-25,0.01,23.85
2003-02-26,0.0,22.49
2003-02-27,0.0,25.26
2003-02-28,0.16,24.64
2003-03-01,5.31,27.46
2003-03-02,5.11,32.48
2003-03-03,0.98,52.8
2003-03-04,0.77,52.28
2003-03-05,0.08,42.88
2003-03-06,8.76,38.6
2003-03-07,0.06,52.07
2003-03-08,1.14,56.49
2003-03-09,0.01,52.69
2003-03-10,1.37,46.27
2003-03-11,19.71,40.27
2003-03-12,0.35,98.5
2003-03-13,0.0,103.78
2003-03-14,0.0,77.49
2003-03-15,0.0,66.37
2003-03-16,0.0,54.71
2003-03-17,0.0,48.75
2003-03-18,0.0,40.14
2003-03-19,0.0,35.13
2003-03-20,0.0,35.34
2003-03-21,0.0,30.69
2003-03-22,0.0,30.85
2003-03-23,0.0,31.39
2003-03-24,0.0,30.98
2003-03-25,0.0,20.26
2003-03-26,0.05,19.9
2003-03-27,0.0,19.24
2003-03-28,0.0,18.77
2003-03-29,2.24,18.26
2003-03-30,0.0,24.42
2003-03-31,0.0,21.99
2003-04-01,8.99,19.28
2003-04-02,5.87,30.67
2003-04-03,0.46,24.95
2003-04-04,0.0,19.88
2003-04-05,0.0,19.73
2003-04-06,0.0,20.36
2003-04-07,0.0,18.7
2003-04-08,0.0,18.43
2003-04-09,0.81,18.67
2003-04-10,0.02,18.62
2003-04-11,0.02,18.69
2003-04-12,0.0,18.64
2003-04-13,0.0,18.24
2003-04-14,0.0,17.82
2003-04-15,0.0,16.88
2003-04-16,0.0,16.94
2003-04-17,0.0,16.63
2003-04-18,0.0,16.36
2003-04-19,3.92,16.17
2003-04-20,0.0,16.54
2003-04-21,0.0,16.2
2003-04-22,1.12,16.29
2003-04-23,0.0,16.54
2003-04-24,0.0,16.0
2003-04-25,1.39,16.16
2003-04-26,10.52,18.57
2003-04-27,2.04,33.06
2003-04-28,1.32,19.34
2003-04-29,0.4,18.44
2003-04-30,11.67,18.92
2003-05-01,3.22,35.87
2003-05-02,5.5,26.52
2003-05-03,0.22,28.44
2003-05-04,0.0,20.98
2003-05-05,1.16,20.47
2003-05-06,0.87,20.48
2003-05-07,0.0,19.25
2003-05-08,0.37,17.57
2003-05-09,1.12,17.55
2003-05-10,0.22,17.32
2003-05-11,0.19,17.23
2003-05-12,2.6,16.31
2003-05-13,2.94,16.27
2003-05-14,1.56,17.54
2003-05-15,1.88,17.92
2003-05-16,0.03,17.32
2003-05-17,3.34,15.31
2003-05-18,7.33,18.12
2003-05-19,3.28,22.63
2003-05-20,1.95,19.69
2003-05-21,5.78,17.66
2003-05-22,1.72,19.02
2003-05-23,0.6,21.63
2003-05-24,8.65,17.07
2003-05-25,0.36,25.65
2003-05-26,0.0,19.82
2003-05-27,0.0,18.06
2003-05-28,0.0,16.21
2003-05-29,0.0,15.55
2003-05-30,2.43,15.51
2003-05-31,0.83,17.28
2003-06-01,0.0,15.64
2003-06-02,2.71,15.22
2003-06-03,5.39,15.79
2003-06-04,0.02,19.54
2003-06-05,0.51,16.72
2003-06-06,0.0,15.62
2003-06-07,0.07,15.62
2003-06-08,21.74,16.86
2003-06-09,0.0,28.77
2003-06-10,3.45,17.5
2003-06-11,0.0,17.47
2003-06-12,0.23,16.08
2003-06-13,0.0,16.02
2003-06-14,0.03,15.82
2003-06-15,0.0,15.7
2003-06-16,0.01,15.61
2003-06-17,6.02,15.57
2003-06-18,3.3,19.1
2003-06-19,2.6,17.07
2003-06-20,0.0,16.36
2003-06-21,0.0,15.59
2003-06-22,0.58,15.43
2003-06-23,3.08,16.07
2003-06-24,0.0,16.75
2003-06-25,0.0,15.71
2003-06-26,0.0,15.36
2003-06-27,0.12,14.91
2003-06-28,2.83,14.61
2003-06-29,0.0,17.05
2003-06-30,10.14,15.13
2003-07-01,6.67,20.66
2003-07-02,3.62,18.86
2003-07-03,4.47,16.46
2003-07-04,1.07,16.38
2003-07-05,0.08,15.19
2003-07-06,0.0,14.56
2003-07-07,0.0,14.55
2003-07-08,0.51,14.83
2003-07-09,0.08,14.63
2003-07-10,0.0,14.82
2003-07-11,0.29,14.75
2003-07-12,0.0,14.58
2003-07-13,0.0,14.46
2003-07-14,0.0,14.38
2003-07-15,0.0,14.38
2003-07-16,21.57,14.38
2003-07-17,0.35,38.61
2003-07-18,0.0,19.53
2003-07-19,0.0,15.82
2003-07-20,5.39,15.31
2003-07-21,13.31,19.29
2003-07-22,0.06,22.26
2003-07-23,0.77,18.26
2003-07-24,6.25,15.68
2003-07-25,1.32,18.42
2003-07-26,6.61,15.79
2003-07-27,1.52,17.26
2003-07-28,0.01,15.66
2003-07-29,0.01,15.13
2003-07-30,0.64,14.92
2003-07-31,0.03,15.16
2003-08-01,0.0,15.17
2003-08-02,0.0,15.28
2003-08-03,0.0,14.86
2003-08-04,0.0,14.64
2003-08-05,0.0,14.29
2003-08-06,0.0,14.37
2003-08-07,0.0,14.28
2003-08-08,0.0,14.25
2003-08-09,0.0,14.27
2003-08-10,0.0,13.83
2003-08-11,0.0,13.77
2003-08-12,0.0,14.08
2003-08-13,0.07,13.96
2003-08-14,0.0,13.7
2003-08-15,0.0,13.76
2003-08-16,0.0,13.62
2003-08-17,0.36,13.36
2003-08-18,9.97,13.77
2003-08-19,0.04,18.85
2003-08-20,0.0,15.25
2003-08-21,0.0,13.88
2003-08-22,0.12,13.58
2003-08-23,1.52,13.9
2003-08-24,0.0,13.8
2003-08-25,0.0,13.47
2003-08-26,0.0,13.52
2003-08-27,0.0,13.78
2003-08-28,10.72,13.45
2003-08-29,11.0,19.54
2003-08-30,0.55,18.74
2003-08-31,2.23,14.35
2003-09-01,3.28,14.27
2003-09-02,0.01,14.33
2003-09-03,0.0,13.95
2003-09-04,0.0,13.67
2003-09-05,0.01,13.62
2003-09-06,3.97,13.63
2003-09-07,8.87,14.24
2003-09-08,17.23,20.43
2003-09-09,0.77,24.69
2003-09-10,17.43,16.57
2003-09-11,6.59,24.4
2003-09-12,0.35,19.05
2003-09-13,0.0,15.82
2003-09-14,0.0,14.97
2003-09-15,0.0,14.7
2003-09-16,0.01,14.65
2003-09-17,0.0,14.4
2003-09-18,0.0,14.13
2003-09-19,0.0,14.08
2003-09-20,0.0,14.16
2003-09-21,0.0,14.02
2003-09-22,8.89,13.84
2003-09-23,2.87,17.06
2003-09-24,0.0,16.54
2003-09-25,0.0,14.16
2003-09-26,0.55,14.21
2003-09-27,0.26,14.3
2003-09-28,4.05,14.12
2003-09-29,4.31,16.54
2003-09-30,0.03,16.52
2003-10-01,12.8,14.56
2003-10-02,0.46,23.74
2003-10-03,29.21,20.96
2003-10-04,5.2,37.98
2003-10-05,0.43,38.9
2003-10-06,11.13,19.99
2003-10-07,10.66,25.65
2003-10-08,7.9,29.39
2003-10-09,1.45,25.65
2003-10-10,0.94,21.72
2003-10-11,0.0,18.4
2003-10-12,0.0,17.02
2003-10-13,0.0,16.65
2003-10-14,0.0,15.98
2003-10-15,0.0,15.61
2003-10-16,0.0,15.49
2003-10-17,0.0,15.24
2003-10-18,0.0,15.15
2003-10-19,0.0,15.02
2003-10-20,0.4,14.81
2003-10-21,3.15,14.84
2003-10-22,0.16,15.18
2003-10-23,0.0,14.43
2003-10-24,0.31,14.23
2003-10-25,3.41,14.62
2003-10-26,4.12,15.92
2003-10-27,0.0,15.84
2003-10-28,0.04,14.74
2003-10-29,0.4,14.7
2003-10-30,0.46,14.75
2003-10-31,4.88,14.64
2003-11-01,2.14,18.97
2003-11-02,3.8,15.81
2003-11-03,8.92,17.79
2003-11-04,0.03,23.76
2003-11-05,0.04,18.79
2003-11-06,0.0,16.82
2003-11-07,0.0,16.14
2003-11-08,0.0,15.66
2003-11-09,0.0,15.56
2003-11-10,0.0,15.37
2003-11-11,0.01,15.28
2003-11-12,0.3,14.89
2003-11-13,0.61,14.91
2003-11-14,0.27,15.04
2003-11-15,0.16,15.48
2003-11-16,11.92,15.84
2003-11-17,1.48,23.35
2003-11-18,1.36,17.78
2003-11-19,0.68,16.99
2003-11-20,0.02,16.81
2003-11-21,0.02,16.32
2003-11-22,0.29,16.45
2003-11-23,0.35,16.04
2003-11-24,0.64,16.24
2003-11-25,0.86,16.36
2003-11-26,0.81,16.72
2003-11-27,6.51,16.77
2003-11-28,0.22,18.41
2003-11-29,0.13,16.16
2003-11-30,0.32,16.1
2003-12-01,0.01,15.6
2003-12-02,0.0,15.16
2003-12-03,0.05,14.86
2003-12-04,0.1,14.22
2003-12-05,1.16,14.17
2003-12-06,0.12,14.76
2003-12-07,0.0,14.56
2003-12-08,0.0,14.42
2003-12-09,0.0,14.49
2003-12-10,0.0,14.53
2003-12-11,3.2,14.48
2003-12-12,5.92,15.21
2003-12-13,29.12,18.34
2003-12-14,8.44,88.23
2003-12-15,2.4,148.97
2003-12-16,0.45,96.98
2003-12-17,0.02,68.24
2003-12-18,0.0,46.88
2003-12-19,0.26,35.18
2003-12-20,3.86,31.82
2003-12-21,10.3,42.07
2003-12-22,1.44,61.15
2003-12-23,0.47,64.45
2003-12-24,0.05,52.29
2003-12-25,0.08,53.71
2003-12-26,3.05,48.88
2003-12-27,6.33,51.43
2003-12-28,2.65,66.12
2003-12-29,0.0,70.86
2003-12-30,0.0,56.51
2003-12-31,0.01,39.55
2004-01-01,0.0,42.66
2004-01-02,0.0,38.8
2004-01-03,0.93,25.84
2004-01-04,2.58,23.85
2004-01-05,1.79,24.49
2004-01-06,5.03,25.17
2004-01-07,0.08,31.0
2004-01-08,5.44,31.42
2004-01-09,9.63,41.06
2004-01-10,1.21,85.06
2004-01-11,13.88,87.92
2004-01-12,7.86,137.94
2004-01-13,9.3,159.7
2004-01-14,8.21,181.52
2004-01-15,3.17,167.66
2004-01-16,5.42,153.27
2004-01-17,3.92,162.98
2004-01-18,0.86,147.19
2004-01-19,14.51,122.46
2004-01-20,0.04,136.12
2004-01-21,0.05,140.28
2004-01-22,0.0,107.49
2004-01-23,0.0,84.88
2004-01-24,3.93,75.49
2004-01-25,1.75,70.29
2004-01-26,0.01,71.5
2004-01-27,1.41,62.69
2004-01-28,6.51,53.18
2004-01-29,2.41,51.04
2004-01-30,0.17,47.59
2004-01-31,2.01,52.01
2004-02-01,5.1,72.17
2004-02-02,14.01,106.16
2004-02-03,0.03,171.13
2004-02-04,0.36,140.62
2004-02-05,1.11,102.88
2004-02-06,4.84,83.54
2004-02-07,9.55,82.45
2004-02-08,7.07,117.84
2004-02-09,1.67,138.35
2004-02-10,9.3,105.47
2004-02-11,0.33,110.57
2004-02-12,1.17,115.38
2004-02-13,1.29,100.01
2004-02-14,0.45,92.29
2004-02-15,0.04,89.02
2004-02-16,0.0,75.73
2004-02-17,0.18,67.86
2004-02-18,0.63,58.86
2004-02-19,0.01,51.45
2004-02-20,0.0,49.93
2004-02-21,0.0,45.09
2004-02-22,0.03,42.58
2004-02-23,0.16,45.5
2004-02-24,4.77,34.74
2004-02-25,0.6,36.33
2004-02-26,2.39,39.29
2004-02-27,5.41,35.43
2004-02-28,1.02,35.38
2004-02-29,0.06,36.7
2004-03-01,1.53,37.1
2004-03-02,0.47,30.03
2004-03-03,0.0,51.8
2004-03-04,0.0,42.55
2004-03-05,3.22,40.86
2004-03-06,1.15,32.67
2004-03-07,0.94,37.56
2004-03-08,0.54,33.4
2004-03-09,2.53,29.22
2004-03-10,1.15,30.35
2004-03-11,0.09,28.7
2004-03-12,1.31,28.23
2004-03-13,0.04,30.89
2004-03-14,0.04,29.74
2004-03-15,0.02,27.52
2004-03-16,0.0,25.93
2004-03-17,0.0,23.67
2004-03-18,0.13,23.22
2004-03-19,6.08,23.08
2004-03-20,9.13,32.17
2004-03-21,6.81,51.19
2004-03-22,4.26,66.0
2004-03-23,0.32,68.66
2004-03-24,0.01,60.18
2004-03-25,0.24,43.15
2004-03-26,0.54,38.77
2004-03-27,0.06,33.84
2004-03-28,0.0,34.44
2004-03-29,0.0,28.42
2004-03-30,0.0,25.56
2004-03-31,0.0,21.26
2004-04-01,0.01,19.61
2004-04-02,0.65,19.29
2004-04-03,0.66,18.86
2004-04-04,3.6,21.5
2004-04-05,8.5,23.09
2004-04-06,8.06,28.29
2004-04-07,11.76,42.19
2004-04-08,2.22,63.52
2004-04-09,0.2,72.06
2004-04-10,0.82,66.1
2004-04-11,0.04,51.87
2004-04-12,0.06,49.43
2004-04-13,0.0,39.2
2004-04-14,0.0,29.33
2004-04-15,0.0,29.3
2004-04-16,0.0,23.11
2004-04-17,1.37,24.4
2004-04-18,0.18,23.15
2004-04-19,0.97,21.75
2004-04-20,0.33,20.88
2004-04-21,0.02,17.95
2004-04-22,8.72,17.29
2004-04-23,1.94,25.44
2004-04-24,0.01,18.76
2004-04-25,0.0,17.55
2004-04-26,0.0,18.12
2004-04-27,0.0,18.47
2004-04-28,9.43,19.3
2004-04-29,0.7,27.81
2004-04-30,0.04,20.23
2004-05-01,13.95,19.53
2004-05-02,0.15,101.71
2004-05-03,2.34,78.31
2004-05-04,0.05,30.12
2004-05-05,0.03,26.47
2004-05-06,16.2,21.58
2004-05-07,28.73,43.84
2004-05-08,0.03,166.37
2004-05-09,1.64,139.62
2004-05-10,0.01,94.09
2004-05-11,0.0,58.29
2004-05-12,0.13,44.83
2004-05-13,0.22,35.85
2004-05-14,0.0,29.58
2004-05-15,0.0,28.39
2004-05-16,0.0,29.15
2004-05-17,0.0,21.16
2004-05-18,0.0,18.02
2004-05-19,0.0,20.73
2004-05-20,0.58,17.54
2004-05-21,0.96,18.87
2004-05-22,0.88,17.72
2004-05-23,0.23,17.31
2004-05-24,0.0,16.3
2004-05-25,0.07,16.47
2004-05-26,0.0,16.23
2004-05-27,0.0,15.98
2004-05-28,0.0,15.94
2004-05-29,0.0,15.97
2004-05-30,3.1,15.42
2004-05-31,16.6,22.69
2004-06-01,0.0,30.97
2004-06-02,7.68,18.34
2004-06-03,0.76,38.53
2004-06-04,5.0,32.58
2004-06-05,0.58,36.14
2004-06-06,0.0,24.44
2004-06-07,0.0,16.66
2004-06-08,0.0,16.2
2004-06-09,0.13,15.93
2004-06-10,5.31,15.65
2004-06-11,3.27,18.37
2004-06-12,9.21,21.66
2004-06-13,0.14,24.73
2004-06-14,0.02,17.18
2004-06-15,0.44,16.32
2004-06-16,0.0,16.17
2004-06-17,4.53,15.32
2004-06-18,5.84,17.05
2004-06-19,0.7,20.8
2004-06-20,0.9,16.67
2004-06-21,1.69,15.73
2004-06-22,2.81,15.97
2004-06-23,8.7,16.78
2004-06-24,1.3,20.64
2004-06-25,0.9,16.4
2004-06-26,0.94,15.34
2004-06-27,4.86,15.62
2004-06-28,0.01,16.45
2004-06-29,0.06,15.08
2004-06-30,0.02,14.75
2004-07-01,1.36,14.77
2004-07-02,3.3,15.2
2004-07-03,3.24,16.92
2004-07-04,3.03,16.39
2004-07-05,3.23,15.97
2004-07-06,0.01,17.91
2004-07-07,3.27,15.31
2004-07-08,2.74,17.0
2004-07-09,10.58,15.64
2004-07-10,2.91,21.72
2004-07-11,5.72,17.4
2004-07-12,5.38,18.96
2004-07-13,0.99,20.32
2004-07-14,4.43,17.14
2004-07-15,0.81,17.4
2004-07-16,0.18,16.91
2004-07-17,17.35,16.46
2004-07-18,15.75,27.35
2004-07-19,0.02,35.82
2004-07-20,15.62,47.08
2004-07-21,3.16,62.79
2004-07-22,0.46,46.89
2004-07-23,1.35,29.29
2004-07-24,0.0,19.8
2004-07-25,6.87,18.18
2004-07-26,4.25,22.12
2004-07-27,0.0,19.65
2004-07-28,0.0,17.76
2004-07-29,0.0,16.68
2004-07-30,0.0,15.83
2004-07-31,0.0,15.5
2004-08-01,0.0,14.9
2004-08-02,0.0,15.15
2004-08-03,0.0,15.25
2004-08-04,1.46,15.0
2004-08-05,0.0,14.71
2004-08-06,0.27,14.69
2004-08-07,0.0,14.56
2004-08-08,0.0,14.04
2004-08-09,0.0,14.36
2004-08-10,4.02,14.57
2004-08-11,7.47,17.37
2004-08-12,22.3,18.92
2004-08-13,10.59,27.8
2004-08-14,2.61,23.06
2004-08-15,0.05,21.29
2004-08-16,0.9,19.75
2004-08-17,3.43,19.85
2004-08-18,8.64,19.0
2004-08-19,0.13,21.44
2004-08-20,2.16,19.58
2004-08-21,6.15,18.01
2004-08-22,0.05,22.25
2004-08-23,0.36,18.07
2004-08-24,9.01,17.52
2004-08-25,5.74,19.99
2004-08-26,6.81,25.13
2004-08-27,8.0,28.71
2004-08-28,5.67,37.21
2004-08-29,0.89,31.36
2004-08-30,4.02,20.59
2004-08-31,3.45,25.21
2004-09-01,0.0,21.31
2004-09-02,0.0,18.51
2004-09-03,0.0,17.67
2004-09-04,0.0,16.31
2004-09-05,0.0,15.67
2004-09-06,0.0,16.16
2004-09-07,0.0,15.36
2004-09-08,0.0,15.25
2004-09-09,0.0,15.1
2004-09-10,8.52,15.85
2004-09-11,4.66,20.38
2004-09-12,0.07,21.47
2004-09-13,1.2,16.95
2004-09-14,0.14,16.95
2004-09-15,2.36,16.18
2004-09-16,0.01,16.88
2004-09-17,0.0,14.74
2004-09-18,2.0,14.33
2004-09-19,0.34,15.14
2004-09-20,3.23,14.48
2004-09-21,9.33,15.5
2004-09-22,13.58,17.35
2004-09-23,12.92,28.59
2004-09-24,4.64,33.74
2004-09-25,3.59,28.19
2004-09-26,0.43,21.64
2004-09-27,2.02,18.34
2004-09-28,3.06,17.93
2004-09-29,3.01,21.79
2004-09-30,0.55,19.83
2004-10-01,1.55,18.73
2004-10-02,0.28,18.49
2004-10-03,0.0,17.78
2004-10-04,0.0,16.73
2004-10-05,9.24,17.07
2004-10-06,0.13,34.51
2004-10-07,0.0,30.53
2004-10-08,0.02,24.1
2004-10-09,0.0,20.14
2004-10-10,0.0,18.2
2004-10-11,0.0,17.75
2004-10-12,0.0,15.11
2004-10-13,0.28,17.03
2004-10-14,1.69,16.22
2004-10-15,3.93,15.83
2004-10-16,3.18,16.79
2004-10-17,1.56,16.44
2004-10-18,1.72,17.81
2004-10-19,0.04,16.36
2004-10-20,7.25,15.46
2004-10-21,0.74,20.44
2004-10-22,0.02,18.22
2004-10-23,0.38,16.72
2004-10-24,0.71,16.19
2004-10-25,0.0,16.46
2004-10-26,0.0,16.13
2004-10-27,0.62,18.54
2004-10-28,0.88,20.49
2004-10-29,1.26,17.13
2004-10-30,0.13,16.47
2004-10-31,0.09,15.99
2004-11-01,0.05,15.85
2004-11-02,0.07,15.3
2004-11-03,0.67,14.86
2004-11-04,2.01,14.59
2004-11-05,0.85,14.96
2004-11-06,2.46,14.62
2004-11-07,0.01,14.97
2004-11-08,0.16,14.49
2004-11-09,16.7,14.83
2004-11-10,0.44,21.69
2004-11-11,0.0,29.01
2004-11-12,4.18,21.57
2004-11-13,1.28,21.66
2004-11-14,0.0,16.94
2004-11-15,1.3,20.24
2004-11-16,5.55,19.28
2004-11-17,10.58,19.76
2004-11-18,34.38,37.66
2004-11-19,3.89,141.53
2004-11-20,1.77,181.26
2004-11-21,2.65,136.52
2004-11-22,10.46,110.95
2004-11-23,1.0,107.19
2004-11-24,0.0,109.78
2004-11-25,0.0,97.26
2004-11-26,2.81,87.16
2004-11-27,0.93,80.38
2004-11-28,2.71,76.81
2004-11-29,0.04,79.97
2004-11-30,0.05,66.23
2004-12-01,1.63,56.38
2004-12-02,0.05,50.99
2004-12-03,0.01,41.78
2004-12-04,0.0,36.78
2004-12-05,0.26,34.36
2004-12-06,0.01,36.29
2004-12-07,0.07,30.83
2004-12-08,0.0,26.79
2004-12-09,0.0,21.84
2004-12-10,0.0,20.94
2004-12-11,0.01,20.7
2004-12-12,0.0,21.06
2004-12-13,0.01,20.47
2004-12-14,0.0,19.64
2004-12-15,0.0,18.96
2004-12-16,1.7,18.55
2004-12-17,10.88,19.29
2004-12-18,7.65,35.09
2004-12-19,0.0,60.65
2004-12-20,0.0,58.41
2004-12-21,0.0,41.64
2004-12-22,3.39,28.27
2004-12-23,3.09,35.33
2004-12-24,9.43,49.58
2004-12-25,0.35,88.25
2004-12-26,0.0,108.57
2004-12-27,0.0,76.91
2004-12-28,4.71,43.17
2004-12-29,0.1,43.71
2004-12-30,0.24,42.92
2004-12-31,1.26,47.01
2005-01-01,2.32,54.48
2005-01-02,0.22,54.15
2005-01-03,0.35,46.58
2005-01-04,1.59,34.58
2005-01-05,4.38,33.83
2005-01-06,0.01,33.46
2005-01-07,0.0,38.26
2005-01-08,1.08,36.45
2005-01-09,0.01,31.82
2005-01-10,0.72,33.99
2005-01-11,1.77,26.65
2005-01-12,0.4,25.79
2005-01-13,2.11,25.04
2005-01-14,0.01,24.56
2005-01-15,0.01,23.34
2005-01-16,0.02,21.78
2005-01-17,5.56,22.26
2005-01-18,12.26,37.26
2005-01-19,3.64,78.31
2005-01-20,12.14,91.12
2005-01-21,5.46,111.67
2005-01-22,1.43,132.01
2005-01-23,3.11,113.54
2005-01-24,0.27,100.31
2005-01-25,0.11,81.89
2005-01-26,0.04,61.57
2005-01-27,1.08,49.19
2005-01-28,0.1,43.99
2005-01-29,0.79,42.47
2005-01-30,2.74,41.2
2005-01-31,9.57,45.37
2005-02-01,1.97,71.05
2005-02-02,4.97,82.59
2005-02-03,0.16,87.56
2005-02-04,0.32,87.61
2005-02-05,0.0,79.44
2005-02-06,0.0,73.21
2005-02-07,0.0,63.41
2005-02-08,0.0,47.12
2005-02-09,0.16,43.88
2005-02-10,15.76,42.71
2005-02-11,9.9,76.47
2005-02-12,14.28,137.37
2005-02-13,6.34,200.66
2005-02-14,4.3,202.13
2005-02-15,1.29,180.28
2005-02-16,0.22,149.48
2005-02-17,0.03,119.29
2005-02-18,3.19,95.96
2005-02-19,3.21,85.65
2005-02-20,4.77,88.62
2005-02-21,0.23,103.72
2005-02-22,0.75,97.17
2005-02-23,1.1,91.47
2005-02-24,0.06,67.73
2005-02-25,0.69,60.66
2005-02-26,2.23,52.58
2005-02-27,0.12,48.59
2005-02-28,0.01,48.51
2005-03-01,0.19,40.49
2005-03-02,2.77,39.49
2005-03-03,0.03,37.12
2005-03-04,0.04,34.84
2005-03-05,0.15,35.23
2005-03-06,0.14,41.67
2005-03-07,2.36,36.98
2005-03-08,1.79,29.27
2005-03-09,1.26,36.32
2005-03-10,0.0,41.9
2005-03-11,10.43,42.31
2005-03-12,8.92,79.6
2005-03-13,1.74,107.39
2005-03-14,0.01,103.7
2005-03-15,0.0,86.66
2005-03-16,0.06,69.14
2005-03-17,2.32,63.88
2005-03-18,3.52,63.25
2005-03-19,1.22,67.28
2005-03-20,0.04,73.25
2005-03-21,0.0,73.0
2005-03-22,1.48,64.87
2005-03-23,0.0,57.83
2005-03-24,4.56,48.37
2005-03-25,1.76,49.28
2005-03-26,2.82,54.06
2005-03-27,8.81,51.11
2005-03-28,9.31,60.3
2005-03-29,4.44,106.42
2005-03-30,0.01,84.45
2005-03-31,0.0,79.99
2005-04-01,0.0,72.74
2005-04-02,0.0,59.91
2005-04-03,0.0,55.52
2005-04-04,2.97,50.43
2005-04-05,0.46,43.02
2005-04-06,4.25,36.78
2005-04-07,1.43,32.81
2005-04-08,8.55,37.62
2005-04-09,3.81,40.16
2005-04-10,1.39,43.56
2005-04-11,0.01,44.02
2005-04-12,0.0,37.48
2005-04-13,0.04,34.3
2005-04-14,0.01,31.66
2005-04-15,2.12,32.24
2005-04-16,0.01,28.37
2005-04-17,0.02,35.32
2005-04-18,2.9,27.83
2005-04-19,27.72,28.65
2005-04-20,0.01,135.14
2005-04-21,0.0,113.61
2005-04-22,0.0,71.79
2005-04-23,0.0,55.26
2005-04-24,0.62,49.78
2005-04-25,0.37,42.17
2005-04-26,4.37,32.75
2005-04-27,1.93,37.34
2005-04-28,1.12,31.91
2005-04-29,4.34,30.67
2005-04-30,0.0,31.75
2005-05-01,0.02,32.43
2005-05-02,0.81,32.76
2005-05-03,8.95,28.32
2005-05-04,4.43,36.59
2005-05-05,3.91,46.04
2005-05-06,8.38,35.7
2005-05-07,10.32,48.89
2005-05-08,5.21,76.96
2005-05-09,3.81,90.6
2005-05-10,2.49,75.85
2005-05-11,0.86,57.24
2005-05-12,0.01,43.26
2005-05-13,0.06,39.1
2005-05-14,3.63,32.95
2005-05-15,0.51,33.16
2005-05-16,2.04,33.66
2005-05-17,0.86,31.24
2005-05-18,0.0,24.23
2005-05-19,1.46,20.66
2005-05-20,5.1,25.03
2005-05-21,0.06,26.22
2005-05-22,0.7,20.1
2005-05-23,0.43,19.4
2005-05-24,0.0,21.91
2005-05-25,0.0,18.02
2005-05-26,0.0,17.8
2005-05-27,0.0,17.04
2005-05-28,0.08,17.13
2005-05-29,10.32,17.57
2005-05-30,3.16,37.38
2005-05-31,4.2,24.84
2005-06-01,0.27,22.09
2005-06-02,0.11,19.58
2005-06-03,1.69,18.38
2005-06-04,6.48,20.66
2005-06-05,19.63,21.52
2005-06-06,0.35,43.67
2005-06-07,0.04,37.74
2005-06-08,0.0,20.47
2005-06-09,0.0,19.54
2005-06-10,0.69,18.59
2005-06-11,1.32,18.12
2005-06-12,2.61,18.0
2005-06-13,1.85,18.54
2005-06-14,0.0,18.52
2005-06-15,0.0,15.46
2005-06-16,0.25,14.87
2005-06-17,1.02,14.71
2005-06-18,0.0,14.65
2005-06-19,0.0,14.44
2005-06-20,0.0,14.23
2005-06-21,0.01,14.12
2005-06-22,0.0,13.92
2005-06-23,0.0,14.36
2005-06-24,0.05,14.56
2005-06-25,2.03,14.5
2005-06-26,0.0,15.28
2005-06-27,0.0,14.12
2005-06-28,1.22,14.28
2005-06-29,5.85,14.95
2005-06-30,8.21,16.52
2005-07-01,3.85,19.49
2005-07-02,0.18,17.08
2005-07-03,0.07,14.93
2005-07-04,8.82,14.94
2005-07-05,0.17,19.52
2005-07-06,5.42,15.33
2005-07-07,1.3,16.5
2005-07-08,5.01,15.5
2005-07-09,0.08,20.01
2005-07-10,1.07,14.86
2005-07-11,0.16,14.15
2005-07-12,0.0,14.52
2005-07-13,0.0,14.3
2005-07-14,0.0,14.15
2005-07-15,0.28,14.02
2005-07-16,0.0,13.63
2005-07-17,0.0,13.3
2005-07-18,0.86,13.23
2005-07-19,0.14,13.53
2005-07-20,4.25,13.63
2005-07-21,5.8,14.48
2005-07-22,2.35,15.51
2005-07-23,0.07,15.21
2005-07-24,1.77,13.47
2005-07-25,4.94,13.9
2005-07-26,2.09,16.68
2005-07-27,21.05,14.64
2005-07-28,2.04,23.37
2005-07-29,12.93,17.16
2005-07-30,1.87,19.13
2005-07-31,4.26,15.97
2005-08-01,0.0,17.52
2005-08-02,0.0,14.66
2005-08-03,4.96,14.07
2005-08-04,0.36,16.41
2005-08-05,4.72,14.25
2005-08-06,6.75,15.8
2005-08-07,5.56,17.4
2005-08-08,3.65,19.9
2005-08-09,0.25,16.33
2005-08-10,1.48,14.45
2005-08-11,0.12,14.22
2005-08-12,20.72,14.38
2005-08-13,7.97,32.26
2005-08-14,13.06,30.73
2005-08-15,2.36,42.91
2005-08-16,0.0,30.88
2005-08-17,0.0,20.62
2005-08-18,0.0,16.73
2005-08-19,12.54,15.52
2005-08-20,0.92,19.61
2005-08-21,0.36,24.82
2005-08-22,0.24,24.27
2005-08-23,0.26,15.58
2005-08-24,0.4,14.28
2005-08-25,3.88,14.12
2005-08-26,0.16,15.98
2005-08-27,0.0,13.96
2005-08-28,0.0,13.17
2005-08-29,0.0,13.19
2005-08-30,0.0,13.3
2005-08-31,0.0,13.23
2005-09-01,0.04,13.08
2005-09-02,0.01,12.97
2005-09-03,0.0,12.98
2005-09-04,0.0,12.76
2005-09-05,0.0,12.85
2005-09-06,0.0,12.78
2005-09-07,0.01,12.87
2005-09-08,0.75,12.78
2005-09-09,0.14,13.12
2005-09-10,0.08,12.93
2005-09-11,3.15,13.09
2005-09-12,1.64,12.68
2005-09-13,0.01,13.08
2005-09-14,2.13,13.0
2005-09-15,21.32,13.84
2005-09-16,2.6,20.41
2005-09-17,0.52,17.66
2005-09-18,0.05,13.57
2005-09-19,0.0,12.81
2005-09-20,0.0,13.46
2005-09-21,0.0,13.43
2005-09-22,0.0,13.22
2005-09-23,0.06,13.18
2005-09-24,0.3,13.26
2005-09-25,1.47,13.19
2005-09-26,0.61,13.51
2005-09-27,2.09,13.76
2005-09-28,1.36,14.35
2005-09-29,6.32,14.67
2005-09-30,7.14,16.67
2005-10-01,7.86,17.08
2005-10-02,0.45,19.43
2005-10-03,0.0,15.38
2005-10-04,0.0,14.16
2005-10-05,0.0,13.8
2005-10-06,0.0,13.35
2005-10-07,0.0,13.48
2005-10-08,0.0,13.41
2005-10-09,0.0,13.27
2005-10-10,0.0,12.99
2005-10-11,0.0,23.37
2005-10-12,0.0,18.35
2005-10-13,0.0,13.58
2005-10-14,0.0,13.23
2005-10-15,0.0,13.12
2005-10-16,0.0,13.05
2005-10-17,0.0,12.97
2005-10-18,0.0,12.91
2005-10-19,3.05,12.98
2005-10-20,0.42,14.7
2005-10-21,3.84,13.4
2005-10-22,17.44,14.78
2005-10-23,1.22,22.92
2005-10-24,10.46,18.01
2005-10-25,9.21,24.29
2005-10-26,0.0,34.98
2005-10-27,0.0,25.58
2005-10-28,0.0,17.24
2005-10-29,0.0,15.26
2005-10-30,0.0,14.62
2005-10-31,1.42,14.53
2005-11-01,2.04,16.78
2005-11-02,2.76,16.13
2005-11-03,0.43,21.64
2005-11-04,4.0,15.44
2005-11-05,0.24,14.61
2005-11-06,0.06,13.86
2005-11-07,3.05,14.04
2005-11-08,0.0,16.13
2005-11-09,0.08,13.85
2005-11-10,0.34,14.02
2005-11-11,0.01,14.04
2005-11-12,0.12,13.93
2005-11-13,0.61,13.84
2005-11-14,0.03,13.73
2005-11-15,11.04,14.11
2005-11-16,4.84,18.16
2005-11-17,1.43,16.83
2005-11-18,0.09,18.0
2005-11-19,0.34,15.94
2005-11-20,5.12,14.43
2005-11-21,0.31,14.6
2005-11-22,0.04,14.84
2005-11-23,0.05,14.33
2005-11-24,6.76,14.25
2005-11-25,6.68,23.48
2005-11-26,1.53,34.62
2005-11-27,2.95,35.89
2005-11-28,1.63,36.41
2005-11-29,0.2,34.65
2005-11-30,0.0,40.76
2005-12-01,0.0,39.82
2005-12-02,0.16,31.03
2005-12-03,1.73,25.75
2005-12-04,5.58,32.9
2005-12-05,0.72,43.18
2005-12-06,0.13,33.83
2005-12-07,1.57,28.32
2005-12-08,0.7,25.71
2005-12-09,0.0,24.47
2005-12-10,0.0,21.2
2005-12-11,0.51,21.36
2005-12-12,0.45,21.82
2005-12-13,1.63,20.44
2005-12-14,2.27,20.03
2005-12-15,11.65,20.64
2005-12-16,7.62,30.95
2005-12-17,2.88,67.84
2005-12-18,0.82,60.37
2005-12-19,2.69,48.54
2005-12-20,0.1,44.9
2005-12-21,1.83,41.67
2005-12-22,5.2,39.64
2005-12-23,1.07,37.84
2005-12-24,1.17,47.8
2005-12-25,0.41,54.19
2005-12-26,2.98,55.43
2005-12-27,0.74,48.05
2005-12-28,2.03,35.48
2005-12-29,0.51,30.61
2005-12-30,2.88,26.01
2005-12-31,2.58,31.1
2006-01-01,0.07,54.67
2006-01-02,0.25,68.05
2006-01-03,0.09,36.31
2006-01-04,0.0,30.41
2006-01-05,0.02,28.85
2006-01-06,0.0,25.97
2006-01-07,0.0,23.17
2006-01-08,0.0,20.65
2006-01-09,0.0,22.64
2006-01-10,0.0,21.35
2006-01-11,2.18,19.42
2006-01-12,0.0,19.95
2006-01-13,0.0,19.15
2006-01-14,0.0,18.24
2006-01-15,0.0,17.5
2006-01-16,0.61,17.64
2006-01-17,4.84,18.56
2006-01-18,0.86,21.77
2006-01-19,1.27,19.98
2006-01-20,4.63,20.72
2006-01-21,5.63,32.2
2006-01-22,0.01,36.56
2006-01-23,0.0,35.98
2006-01-24,0.0,24.3
2006-01-25,3.81,22.73
2006-01-26,0.07,22.66
2006-01-27,0.0,19.48
2006-01-28,0.0,17.48
2006-01-29,0.0,17.3
2006-01-30,0.0,17.02
2006-01-31,0.0,17.16
2006-02-01,0.02,17.64
2006-02-02,0.03,17.6
2006-02-03,0.41,17.25
2006-02-04,0.82,17.23
2006-02-05,1.21,17.61
2006-02-06,4.02,18.14
2006-02-07,4.9,20.47
2006-02-08,8.13,33.86
2006-02-09,9.14,80.9
2006-02-10,0.49,89.03
2006-02-11,0.15,88.45
2006-02-12,0.03,60.23
2006-02-13,0.02,50.35
2006-02-14,0.35,36.75
2006-02-15,9.44,37.44
2006-02-16,5.55,73.62
2006-02-17,4.67,101.43
2006-02-18,3.2,114.95
2006-02-19,0.37,103.93
2006-02-20,13.3,93.27
2006-02-21,0.51,114.63
2006-02-22,0.01,116.25
2006-02-23,0.0,81.91
2006-02-24,0.0,64.5
2006-02-25,0.02,54.07
2006-02-26,0.7,45.26
2006-02-27,1.81,42.32
2006-02-28,3.79,37.58
2006-03-01,1.52,42.58
2006-03-02,0.25,43.38
2006-03-03,0.15,38.82
2006-03-04,0.35,34.75
2006-03-05,1.94,32.64
2006-03-06,2.97,31.93
2006-03-07,0.1,34.15
2006-03-08,14.14,32.29
2006-03-09,13.16,82.51
2006-03-10,2.62,154.41
2006-03-11,2.41,166.55
2006-03-12,0.04,144.98
2006-03-13,0.0,116.95
2006-03-14,0.0,96.82
2006-03-15,0.01,80.14
2006-03-16,0.0,65.44
2006-03-17,0.0,62.56
2006-03-18,0.0,55.44
2006-03-19,0.0,50.97
2006-03-20,0.0,48.42
2006-03-21,0.0,43.27
2006-03-22,0.0,40.15
2006-03-23,0.03,37.14
2006-03-24,3.54,34.68
2006-03-25,11.32,39.76
2006-03-26,3.92,52.39
2006-03-27,4.37,81.0
2006-03-28,0.92,91.49
2006-03-29,3.02,71.84
2006-03-30,8.75,68.75
2006-03-31,5.59,86.58
2006-04-01,5.08,102.98
2006-04-02,2.88,117.03
2006-04-03,5.52,107.21
2006-04-04,1.52,97.12
2006-04-05,0.35,82.52
2006-04-06,0.0,67.73
2006-04-07,0.41,56.38
2006-04-08,3.22,53.58
2006-04-09,0.02,46.03
2006-04-10,0.01,44.32
2006-04-11,2.3,34.33
2006-04-12,4.87,34.14
2006-04-13,9.31,36.44
2006-04-14,0.19,57.84
2006-04-15,2.2,67.87
2006-04-16,3.29,56.96
2006-04-17,0.42,52.34
2006-04-18,0.42,48.06
2006-04-19,0.01,31.44
2006-04-20,0.0,29.93
2006-04-21,3.38,29.58
2006-04-22,1.29,28.26
2006-04-23,0.8,31.65
2006-04-24,0.0,29.87
2006-04-25,2.45,26.61
2006-04-26,4.66,27.36
2006-04-27,0.71,23.03
2006-04-28,1.93,28.26
2006-04-29,5.59,27.03
2006-04-30,0.92,36.32
2006-05-01,1.7,37.87
2006-05-02,0.0,29.57
2006-05-03,0.0,23.78
2006-05-04,0.0,22.2
2006-05-05,0.0,19.08
2006-05-06,0.0,18.74
2006-05-07,0.0,18.27
2006-05-08,0.0,17.77
2006-05-09,0.16,17.0
2006-05-10,0.0,16.69
2006-05-11,0.0,16.59
2006-05-12,1.04,16.45
2006-05-13,2.09,17.19
2006-05-14,0.72,18.02
2006-05-15,0.31,16.62
2006-05-16,1.86,16.16
2006-05-17,2.38,16.88
2006-05-18,8.38,17.7
2006-05-19,3.41,19.87
2006-05-20,11.94,20.36
2006-05-21,1.87,26.64
2006-05-22,8.44,28.33
2006-05-23,3.8,32.69
2006-05-24,8.8,25.27
2006-05-25,3.34,29.75
2006-05-26,16.21,35.36
2006-05-27,10.58,62.16
2006-05-28,0.07,67.41
2006-05-29,10.69,61.72
2006-05-30,2.94,47.52
2006-05-31,1.53,44.88
2006-06-01,9.06,33.23
2006-06-02,0.02,26.09
2006-06-03,0.16,34.26
2006-06-04,0.0,37.22
2006-06-05,0.01,32.92
2006-06-06,0.15,24.89
2006-06-07,0.0,18.83
2006-06-08,0.0,18.05
2006-06-09,0.01,18.16
2006-06-10,0.0,17.25
2006-06-11,0.0,16.82
2006-06-12,0.0,16.44
2006-06-13,0.0,16.5
2006-06-14,8.33,16.3
2006-06-15,4.16,24.85
2006-06-16,0.15,23.31
2006-06-17,0.0,17.64
2006-06-18,0.29,16.21
2006-06-19,10.25,16.41
2006-06-20,2.61,19.3
2006-06-21,0.88,16.71
2006-06-22,0.04,16.61
2006-06-23,0.0,16.6
2006-06-24,0.0,16.91
2006-06-25,10.5,16.49
2006-06-26,0.03,17.52
2006-06-27,1.06,15.94
2006-06-28,0.0,15.83
2006-06-29,0.0,15.74
2006-06-30,0.0,15.63
2006-07-01,0.0,15.4
2006-07-02,0.0,15.22
2006-07-03,0.0,15.5
2006-07-04,0.0,15.45
2006-07-05,10.62,15.93
2006-07-06,3.49,23.13
2006-07-07,5.08,20.42
2006-07-08,2.55,21.37
2006-07-09,2.11,18.62
2006-07-10,0.04,16.66
2006-07-11,0.07,16.64
2006-07-12,0.0,16.17
2006-07-13,0.0,15.75
2006-07-14,0.0,15.38
2006-07-15,0.0,15.36
2006-07-16,0.0,15.08
2006-07-17,0.0,14.89
2006-07-18,0.0,14.78
2006-07-19,0.0,14.7
2006-07-20,8.41,16.61
2006-07-21,0.0,16.13
2006-07-22,7.6,15.06
2006-07-23,0.42,20.42
2006-07-24,0.0,15.7
2006-07-25,0.01,15.85
2006-07-26,9.71,15.45
2006-07-27,4.5,17.4
2006-07-28,6.77,17.56
2006-07-29,0.0,35.19
2006-07-30,9.51,18.42
2006-07-31,0.0,21.42
2006-08-01,6.4,17.79
2006-08-02,8.89,20.27
2006-08-03,0.68,20.46
2006-08-04,0.5,17.38
2006-08-05,3.82,15.58
2006-08-06,0.0,15.72
2006-08-07,2.59,15.11
2006-08-08,0.1,15.19
2006-08-09,2.27,15.04
2006-08-10,2.16,15.32
2006-08-11,6.53,15.8
2006-08-12,2.83,19.72
2006-08-13,0.91,16.89
2006-08-14,8.57,15.9
2006-08-15,2.52,17.52
2006-08-16,3.42,18.73
2006-08-17,4.95,17.97
2006-08-18,1.59,16.73
2006-08-19,5.14,17.12
2006-08-20,7.58,15.98
2006-08-21,4.04,18.51
2006-08-22,3.06,17.7
2006-08-23,0.1,16.47
2006-08-24,2.63,15.77
2006-08-25,8.26,18.18
2006-08-26,4.36,17.26
2006-08-27,3.2,16.56
2006-08-28,9.03,18.82
2006-08-29,3.24,20.17
2006-08-30,3.61,17.55
2006-08-31,0.19,17.77
2006-09-01,0.13,16.0
2006-09-02,0.08,15.3
2006-09-03,4.95,15.74
2006-09-04,0.0,17.02
2006-09-05,0.14,15.33
2006-09-06,0.01,15.02
2006-09-07,1.36,15.21
2006-09-08,0.0,15.52
2006-09-09,0.0,14.92
2006-09-10,0.0,14.84
2006-09-11,0.0,14.7
2006-09-12,0.0,14.32
2006-09-13,0.0,14.41
2006-09-14,0.0,14.33
2006-09-15,0.07,14.19
2006-09-16,0.0,14.12
2006-09-17,1.7,14.14
2006-09-18,2.61,15.56
2006-09-19,0.58,18.97
2006-09-20,0.0,14.77
2006-09-21,0.0,14.2
2006-09-22,0.0,14.16
2006-09-23,0.0,14.17
2006-09-24,0.0,14.0
2006-09-25,0.82,13.93
2006-09-26,0.3,13.91
2006-09-27,0.0,14.06
2006-09-28,0.3,13.9
2006-09-29,0.72,13.85
2006-09-30,0.17,14.06
2006-10-01,1.19,13.78
2006-10-02,0.32,13.54
2006-10-03,1.14,13.73
2006-10-04,0.66,13.97
2006-10-05,5.06,14.42
2006-10-06,5.2,15.57
2006-10-07,1.81,16.46
2006-10-08,0.0,14.61
2006-10-09,0.0,14.06
2006-10-10,1.0,13.62
2006-10-11,0.0,13.53
2006-10-12,1.96,13.71
2006-10-13,0.29,13.77
2006-10-14,0.01,13.63
2006-10-15,0.0,12.86
2006-10-16,0.0,12.68
2006-10-17,0.0,13.22
2006-10-18,0.03,13.84
2006-10-19,0.41,13.69
2006-10-20,1.78,13.72
2006-10-21,0.38,13.62
2006-10-22,1.17,13.87
2006-10-23,8.52,14.32
2006-10-24,2.94,16.97
2006-10-25,0.22,15.65
2006-10-26,0.0,14.2
2006-10-27,0.0,13.5
2006-10-28,5.44,13.56
2006-10-29,0.37,15.03
2006-10-30,0.03,13.9
2006-10-31,3.1,13.59
2006-11-01,3.28,14.1
2006-11-02,2.38,14.23
2006-11-03,1.77,15.54
2006-11-04,0.72,14.87
2006-11-05,0.17,14.12
2006-11-06,0.0,13.86
2006-11-07,0.0,13.85
2006-11-08,7.35,13.81
2006-11-09,0.93,15.55
2006-11-10,2.03,15.3
2006-11-11,13.29,15.4
2006-11-12,2.78,21.21
2006-11-13,4.44,18.57
2006-11-14,2.29,17.59
2006-11-15,0.08,16.57
2006-11-16,1.32,15.37
2006-11-17,0.9,15.33
2006-11-18,1.22,15.25
2006-11-19,7.78,16.14
2006-11-20,4.49,21.33
2006-11-21,1.69,17.65
2006-11-22,1.61,18.22
2006-11-23,10.48,17.25
2006-11-24,0.91,22.57
2006-11-25,0.73,18.68
2006-11-26,0.02,17.28
2006-11-27,0.07,16.12
2006-11-28,0.91,16.22
2006-11-29,0.0,15.62
2006-11-30,0.0,15.27
2006-12-01,0.0,15.32
2006-12-02,0.07,15.28
2006-12-03,2.08,15.32
2006-12-04,4.08,16.48
2006-12-05,6.38,18.21
2006-12-06,0.1,23.98
2006-12-07,3.44,20.31
2006-12-08,4.09,20.49
2006-12-09,0.59,21.56
2006-12-10,0.05,18.21
2006-12-11,10.18,17.0
2006-12-12,1.85,22.49
2006-12-13,0.48,22.15
2006-12-14,0.0,19.21
2006-12-15,0.0,17.85
2006-12-16,5.18,17.45
2006-12-17,2.34,19.84
2006-12-18,0.02,18.55
2006-12-19,0.03,17.45
2006-12-20,1.17,16.92
2006-12-21,0.21,17.0
2006-12-22,0.02,17.08
2006-12-23,0.01,16.52
2006-12-24,0.21,16.15
2006-12-25,0.03,16.32
2006-12-26,0.01,16.54
2006-12-27,0.08,16.12
2006-12-28,3.8,16.78
2006-12-29,0.01,19.33
2006-12-30,4.97,18.7
2006-12-31,4.13,19.71
2007-01-01,2.91,24.25
2007-01-02,1.65,30.11
2007-01-03,1.0,26.46
2007-01-04,4.59,25.83
2007-01-05,2.12,31.81
2007-01-06,11.76,31.57
2007-01-07,0.33,49.74
2007-01-08,2.83,52.25
2007-01-09,0.13,45.79
2007-01-10,8.0,34.74
2007-01-11,14.1,62.46
2007-01-12,0.56,112.12
2007-01-13,2.19,78.47
2007-01-14,0.0,51.03
2007-01-15,0.0,42.21
2007-01-16,0.69,34.39
2007-01-17,10.57,29.15
2007-01-18,21.89,68.58
2007-01-19,2.84,177.39
2007-01-20,2.55,181.66
2007-01-21,7.56,140.61
2007-01-22,0.82,121.29
2007-01-23,0.0,95.99
2007-01-24,0.06,73.79
2007-01-25,0.02,57.86
2007-01-26,2.38,47.25
2007-01-27,1.07,40.08
2007-01-28,3.57,42.78
2007-01-29,0.81,55.03
2007-01-30,0.13,48.72
2007-01-31,0.81,44.62
2007-02-01,0.28,39.81
2007-02-02,0.38,36.78
2007-02-03,0.12,34.6
2007-02-04,0.0,34.16
2007-02-05,1.03,31.36
2007-02-06,0.16,30.64
2007-02-07,0.09,27.43
2007-02-08,7.29,25.3
2007-02-09,0.98,33.73
2007-02-10,1.71,46.32
2007-02-11,6.24,50.95
2007-02-12,7.6,79.34
2007-02-13,5.72,101.54
2007-02-14,8.38,108.37
2007-02-15,0.02,118.21
2007-02-16,0.0,101.75
2007-02-17,0.0,85.44
2007-02-18,0.01,68.54
2007-02-19,0.0,52.8
2007-02-20,0.0,42.85
2007-02-21,4.87,43.85
2007-02-22,0.04,42.57
2007-02-23,1.42,40.22
2007-02-24,2.96,40.51
2007-02-25,7.69,49.17
2007-02-26,3.68,75.86
2007-02-27,6.41,69.4
2007-02-28,9.03,79.2
2007-03-01,6.9,115.34
2007-03-02,4.09,152.7
2007-03-03,3.43,120.87
2007-03-04,0.3,113.18
2007-03-05,2.91,99.8
2007-03-06,1.77,89.69
2007-03-07,2.35,82.08
2007-03-08,0.03,81.27
2007-03-09,6.93,64.33
2007-03-10,0.01,67.77
2007-03-11,0.0,69.46
2007-03-12,0.0,61.08
2007-03-13,0.0,47.17
2007-03-14,0.0,41.82
2007-03-15,0.0,37.02
2007-03-16,0.25,32.86
2007-03-17,2.83,31.65
2007-03-18,7.7,38.47
2007-03-19,0.96,50.65
2007-03-20,1.84,43.67
2007-03-21,9.03,37.79
2007-03-22,14.4,40.51
2007-03-23,0.43,80.43
2007-03-24,0.02,94.4
2007-03-25,0.0,89.81
2007-03-26,0.0,86.02
2007-03-27,0.0,73.18
2007-03-28,0.08,60.7
2007-03-29,0.74,48.44
2007-03-30,0.48,42.34
2007-03-31,0.0,42.03
2007-04-01,0.0,37.32
2007-04-02,0.0,34.27
2007-04-03,1.73,25.24
2007-04-04,0.05,25.91
2007-04-05,0.0,22.99
2007-04-06,0.02,21.81
2007-04-07,0.02,23.63
2007-04-08,0.0,21.23
2007-04-09,0.0,25.4
2007-04-10,0.0,24.0
2007-04-11,0.0,20.65
2007-04-12,0.0,18.71
2007-04-13,0.0,18.62
2007-04-14,0.0,18.3
2007-04-15,0.0,18.02
2007-04-16,0.0,17.96
2007-04-17,0.0,17.75
2007-04-18,0.0,17.52
2007-04-19,0.0,17.34
2007-04-20,0.0,17.26
2007-04-21,0.0,17.35
2007-04-22,0.0,17.11
2007-04-23,0.11,17.06
2007-04-24,0.02,17.28
2007-04-25,0.0,17.35
2007-04-26,0.0,17.13
2007-04-27,0.0,17.07
2007-04-28,0.0,16.99
2007-04-29,0.0,16.81
2007-04-30,0.0,16.36
2007-05-01,0.0,16.33
2007-05-02,0.0,16.23
2007-05-03,0.0,16.34
2007-05-04,0.0,16.4
2007-05-05,0.0,16.48
2007-05-06,0.73,16.35
2007-05-07,31.71,17.4
2007-05-08,10.09,29.61
2007-05-09,5.1,28.44
2007-05-10,5.63,21.79
2007-05-11,6.83,22.48
2007-05-12,2.9,22.89
2007-05-13,4.25,26.74
2007-05-14,11.33,25.02
2007-05-15,1.21,31.2
2007-05-16,6.92,30.54
2007-05-17,0.12,30.59
2007-05-18,2.29,23.58
2007-05-19,0.77,23.13
2007-05-20,0.0,21.41
2007-05-21,0.0,21.26
2007-05-22,1.9,18.23
2007-05-23,0.0,18.7
2007-05-24,0.44,17.43
2007-05-25,4.18,18.82
2007-05-26,10.96,19.02
2007-05-27,3.09,25.57
2007-05-28,4.71,20.49
2007-05-29,10.92,18.68
2007-05-30,0.49,20.32
2007-05-31,0.76,19.37
2007-06-01,0.0,18.32
2007-06-02,0.03,16.6
2007-06-03,0.0,16.16
2007-06-04,0.0,16.25
2007-06-05,0.01,16.49
2007-06-06,0.0,16.38
2007-06-07,0.02,16.29
2007-06-08,0.03,16.13
2007-06-09,9.16,16.11
2007-06-10,6.93,18.19
2007-06-11,1.88,21.74
2007-06-12,0.05,17.23
2007-06-13,0.13,16.43
2007-06-14,11.8,16.36
2007-06-15,3.41,32.33
2007-06-16,5.02,23.19
2007-06-17,5.25,23.25
2007-06-18,2.34,20.88
2007-06-19,0.66,22.11
2007-06-20,2.5,19.05
2007-06-21,17.63,21.29
2007-06-22,11.87,29.56
2007-06-23,3.65,36.16
2007-06-24,1.27,35.16
2007-06-25,4.36,20.44
2007-06-26,4.39,27.63
2007-06-27,2.25,20.38
2007-06-28,2.44,22.68
2007-06-29,4.87,21.94
2007-06-30,0.07,22.24
2007-07-01,1.97,24.5
2007-07-02,4.57,22.82
2007-07-03,7.5,29.3
2007-07-04,14.13,46.23
2007-07-05,6.74,55.01
2007-07-06,1.15,54.91
2007-07-07,1.82,39.22
2007-07-08,4.51,28.66
2007-07-09,7.45,31.82
2007-07-10,7.75,37.26
2007-07-11,2.44,36.7
2007-07-12,0.78,42.74
2007-07-13,0.09,28.64
2007-07-14,0.41,24.64
2007-07-15,0.0,23.44
2007-07-16,0.16,20.68
2007-07-17,0.0,19.27
2007-07-18,0.46,19.06
2007-07-19,0.04,17.86
2007-07-20,6.95,19.27
2007-07-21,0.22,24.92
2007-07-22,0.39,20.48
2007-07-23,1.48,18.54
2007-07-24,12.06,19.68
2007-07-25,0.22,22.52
2007-07-26,4.38,18.58
2007-07-27,10.58,20.26
2007-07-28,8.68,32.72
2007-07-29,17.71,43.39
2007-07-30,3.68,65.49
2007-07-31,0.1,51.99
2007-08-01,0.0,34.45
2007-08-02,8.08,25.35
2007-08-03,0.05,24.8
2007-08-04,0.0,20.7
2007-08-05,0.0,18.9
2007-08-06,1.4,20.59
2007-08-07,6.7,20.24
2007-08-08,14.6,23.87
2007-08-09,31.88,43.54
2007-08-10,7.09,109.22
2007-08-11,0.05,101.44
2007-08-12,0.63,82.17
2007-08-13,0.09,73.42
2007-08-14,0.69,77.98
2007-08-15,12.64,75.71
2007-08-16,1.95,68.94
2007-08-17,1.69,65.03
2007-08-18,0.03,55.88
2007-08-19,4.09,50.62
2007-08-20,2.26,48.11
2007-08-21,55.05,42.31
2007-08-22,8.97,152.4
2007-08-23,1.98,199.66
2007-08-24,0.34,208.51
2007-08-25,0.0,192.18
2007-08-26,0.01,188.27
2007-08-27,0.0,168.86
2007-08-28,0.0,131.09
2007-08-29,0.0,96.99
2007-08-30,1.39,77.38
2007-08-31,1.63,64.5
2007-09-01,0.65,54.04
2007-09-02,19.49,42.7
2007-09-03,5.96,72.86
2007-09-04,1.84,93.1
2007-09-05,0.45,77.74
2007-09-06,1.98,64.54
2007-09-07,0.99,48.18
2007-09-08,2.57,41.42
2007-09-09,0.19,39.66
2007-09-10,12.39,42.56
2007-09-11,0.92,59.09
2007-09-12,0.03,53.43
2007-09-13,0.0,47.1
2007-09-14,0.23,39.6
2007-09-15,0.01,33.82
2007-09-16,0.0,35.84
2007-09-17,9.83,32.13
2007-09-18,3.61,38.42
2007-09-19,0.1,36.15
2007-09-20,0.01,29.8
2007-09-21,0.0,27.26
2007-09-22,0.0,28.58
2007-09-23,0.0,26.36
2007-09-24,3.18,28.29
2007-09-25,0.86,27.83
2007-09-26,1.08,41.01
2007-09-27,11.83,40.46
2007-09-28,10.26,38.49
2007-09-29,24.48,40.99
2007-09-30,0.05,110.91
2007-10-01,5.76,112.84
2007-10-02,0.11,100.25
2007-10-03,4.57,96.23
2007-10-04,0.11,100.25
2007-10-05,0.0,85.0
2007-10-06,0.0,70.57
2007-10-07,0.0,66.18
2007-10-08,0.0,57.17
2007-10-09,0.0,45.62
2007-10-10,0.02,37.11
2007-10-11,0.2,34.88
2007-10-12,0.11,29.66
2007-10-13,0.0,29.78
2007-10-14,0.0,27.27
2007-10-15,0.0,26.15
2007-10-16,0.0,22.53
2007-10-17,4.33,22.14
2007-10-18,1.07,23.31
2007-10-19,0.49,19.0
2007-10-20,0.78,17.42
2007-10-21,2.65,18.12
2007-10-22,0.0,20.52
2007-10-23,0.0,20.26
2007-10-24,0.0,18.81
2007-10-25,0.0,18.81
2007-10-26,0.0,19.19
2007-10-27,0.03,18.36
2007-10-28,0.27,18.13
2007-10-29,21.48,18.57
2007-10-30,0.52,44.44
2007-10-31,0.02,64.23
2007-11-01,0.75,44.36
2007-11-02,2.35,30.89
2007-11-03,1.33,30.46
2007-11-04,0.15,28.8
2007-11-05,4.22,32.34
2007-11-06,2.97,26.67
2007-11-07,6.1,33.08
2007-11-08,12.6,49.78
2007-11-09,9.51,88.38
2007-11-10,15.66,131.24
2007-11-11,7.56,170.22
2007-11-12,9.37,187.42
2007-11-13,4.15,151.85
2007-11-14,0.34,141.32
2007-11-15,0.0,149.39
2007-11-16,0.2,144.0
2007-11-17,0.01,129.9
2007-11-18,0.08,119.02
2007-11-19,1.2,110.31
2007-11-20,0.01,93.28
2007-11-21,0.1,75.82
2007-11-22,0.0,67.37
2007-11-23,1.12,60.08
2007-11-24,1.93,56.91
2007-11-25,4.58,51.61
2007-11-26,1.47,56.49
2007-11-27,0.01,46.64
2007-11-28,0.08,46.74
2007-11-29,2.19,44.0
2007-11-30,8.16,47.08
2007-12-01,1.67,61.17
2007-12-02,13.54,95.96
2007-12-03,3.12,147.98
2007-12-04,0.45,162.14
2007-12-05,3.66,129.42
2007-12-06,17.33,115.86
2007-12-07,4.22,158.16
2007-12-08,3.19,177.25
2007-12-09,1.99,154.5
2007-12-10,6.26,151.44
2007-12-11,2.27,133.91
2007-12-12,0.0,124.14
2007-12-13,0.0,110.85
2007-12-14,0.0,100.11
2007-12-15,0.0,86.56
2007-12-16,0.0,79.36
2007-12-17,0.0,74.12
2007-12-18,0.0,62.07
2007-12-19,0.0,52.66
2007-12-20,0.0,45.85
2007-12-21,0.0,46.13
2007-12-22,0.04,43.74
2007-12-23,1.05,41.74
2007-12-24,0.01,44.78
2007-12-25,0.09,46.94
2007-12-26,0.33,42.72
2007-12-27,0.01,39.77
2007-12-28,0.15,33.81
2007-12-29,0.5,35.58
2007-12-30,1.94,41.2
2007-12-31,0.19,40.58
2008-01-01,0.0,40.5
2008-01-02,0.02,39.94
2008-01-03,0.13,28.88
2008-01-04,0.39,25.15
2008-01-05,4.41,31.01
2008-01-06,1.63,32.8
2008-01-07,5.06,34.47
2008-01-08,0.04,47.65
2008-01-09,3.63,52.05
2008-01-10,0.04,51.54
2008-01-11,0.39,48.59
2008-01-12,0.52,38.96
2008-01-13,0.0,35.92
2008-01-14,0.12,34.16
2008-01-15,0.59,29.82
2008-01-16,2.05,28.51
2008-01-17,4.13,28.77
2008-01-18,4.85,32.17
2008-01-19,16.45,52.36
2008-01-20,4.44,135.04
2008-01-21,16.21,171.02
2008-01-22,0.15,191.34
2008-01-23,0.19,231.69
2008-01-24,4.03,166.42
2008-01-25,0.01,131.43
2008-01-26,4.38,110.44
2008-01-27,2.09,95.38
2008-01-28,0.02,89.93
2008-01-29,0.0,80.68
2008-01-30,2.88,72.29
2008-01-31,3.16,71.06
2008-02-01,2.46,71.91
2008-02-02,1.43,78.05
2008-02-03,0.0,77.3
2008-02-04,1.48,67.73
2008-02-05,6.68,62.21
2008-02-06,5.66,86.38
2008-02-07,0.0,118.37
2008-02-08,0.0,88.83
2008-02-09,0.0,69.25
2008-02-10,0.0,61.99
2008-02-11,0.0,58.45
2008-02-12,0.0,48.44
2008-02-13,0.01,41.4
2008-02-14,0.02,39.88
2008-02-15,0.0,38.13
2008-02-16,0.0,35.47
2008-02-17,0.0,32.04
2008-02-18,0.0,32.99
2008-02-19,0.0,28.83
2008-02-20,0.05,27.16
2008-02-21,0.24,26.37
2008-02-22,0.39,25.92
2008-02-23,0.0,26.03
2008-02-24,3.13,26.88
2008-02-25,0.01,27.85
2008-02-26,3.07,26.85
2008-02-27,0.0,26.68
2008-02-28,0.02,23.19
2008-02-29,17.76,21.13
2008-03-01,5.74,62.23
2008-03-02,4.02,103.28
2008-03-03,0.65,102.19
2008-03-04,0.66,79.5
2008-03-05,0.08,61.55
2008-03-06,0.35,58.4
2008-03-07,0.05,38.47
2008-03-08,0.0,35.4
2008-03-09,0.1,36.81
2008-03-10,1.5,38.16
2008-03-11,7.69,33.3
2008-03-12,4.83,41.77
2008-03-13,1.65,48.61
2008-03-14,0.63,44.35
2008-03-15,2.85,38.58
2008-03-16,9.19,37.63
2008-03-17,0.68,77.31
2008-03-18,2.42,72.74
2008-03-19,1.81,53.3
2008-03-20,11.18,45.6
2008-03-21,8.9,104.22
2008-03-22,2.7,166.04
2008-03-23,0.06,135.51
2008-03-24,1.72,111.18
2008-03-25,2.65,89.83
2008-03-26,0.05,74.63
2008-03-27,1.07,63.72
2008-03-28,2.6,62.14
2008-03-29,0.34,58.53
2008-03-30,0.47,53.08
2008-03-31,0.01,54.37
2008-04-01,7.77,42.52
2008-04-02,3.6,50.27
2008-04-03,0.86,54.04
2008-04-04,0.94,45.45
2008-04-05,10.99,46.06
2008-04-06,0.8,102.85
2008-04-07,3.97,95.63
2008-04-08,0.03,73.89
2008-04-09,0.16,62.36
2008-04-10,0.01,61.81
2008-04-11,0.28,51.79
2008-04-12,0.13,45.58
2008-04-13,3.27,43.67
2008-04-14,9.18,51.02
2008-04-15,2.43,68.08
2008-04-16,0.02,66.2
2008-04-17,0.0,56.58
2008-04-18,0.0,47.03
2008-04-19,0.0,42.26
2008-04-20,0.0,39.74
2008-04-21,0.0,35.26
2008-04-22,0.0,25.69
2008-04-23,3.0,23.87
2008-04-24,5.13,23.22
2008-04-25,1.03,27.29
2008-04-26,0.0,25.98
2008-04-27,0.0,24.76
2008-04-28,10.14,26.86
2008-04-29,0.13,35.98
2008-04-30,0.09,25.19
2008-05-01,1.0,23.22
2008-05-02,1.64,21.66
2008-05-03,0.0,20.24
2008-05-04,0.0,19.61
2008-05-05,0.0,21.69
2008-05-06,0.0,19.68
2008-05-07,0.0,19.9
2008-05-08,0.0,19.23
2008-05-09,0.0,18.34
2008-05-10,0.0,18.36
2008-05-11,0.0,18.14
2008-05-12,0.0,17.49
2008-05-13,0.05,17.63
2008-05-14,0.38,17.58
2008-05-15,5.26,17.51
2008-05-16,9.28,21.27
2008-05-17,6.17,30.64
2008-05-18,0.0,30.26
2008-05-19,0.0,18.79
2008-05-20,0.0,18.18
2008-05-21,0.0,17.47
2008-05-22,0.0,17.04
2008-05-23,0.0,16.86
2008-05-24,1.45,17.07
2008-05-25,1.46,17.92
2008-05-26,1.09,18.81
2008-05-27,0.0,17.6
2008-05-28,2.62,17.12
2008-05-29,0.06,22.67
2008-05-30,11.66,18.82
2008-05-31,5.32,18.79
2008-06-01,0.06,25.93
2008-06-02,2.7,19.3
2008-06-03,5.39,18.03
2008-06-04,6.12,17.78
2008-06-05,0.01,21.75
2008-06-06,0.0,17.64
2008-06-07,1.87,17.55
2008-06-08,0.1,20.27
2008-06-09,0.02,16.85
2008-06-10,0.0,17.77
2008-06-11,0.06,18.4
2008-06-12,10.8,18.99
2008-06-13,2.54,20.37
2008-06-14,2.94,18.09
2008-06-15,2.79,17.96
2008-06-16,0.0,17.73
2008-06-17,0.0,17.9
2008-06-18,0.0,18.67
2008-06-19,5.61,18.54
2008-06-20,0.67,17.49
2008-06-21,0.01,18.18
2008-06-22,12.17,18.47
2008-06-23,0.0,23.44
2008-06-24,0.0,17.42
2008-06-25,1.87,16.87
2008-06-26,0.68,16.46
2008-06-27,0.37,15.89
2008-06-28,0.19,15.89
2008-06-29,0.0,15.66
2008-06-30,0.0,15.49
2008-07-01,0.0,15.41
2008-07-02,0.62,15.0
2008-07-03,9.51,15.47
2008-07-04,1.44,17.25
2008-07-05,0.32,16.57
2008-07-06,0.08,16.08
2008-07-07,3.41,15.5
2008-07-08,8.68,15.86
2008-07-09,3.81,19.95
2008-07-10,8.1,18.9
2008-07-11,6.02,21.36
2008-07-12,0.64,19.87
2008-07-13,0.0,15.94
2008-07-14,0.0,15.33
2008-07-15,0.13,14.66
2008-07-16,7.87,15.88
2008-07-17,2.79,17.8
2008-07-18,4.19,16.86
2008-07-19,6.76,16.74
2008-07-20,4.66,19.89
2008-07-21,10.31,19.27
2008-07-22,0.53,22.72
2008-07-23,0.04,18.08
2008-07-24,0.0,18.09
2008-07-25,1.44,18.39
2008-07-26,8.91,18.09
2008-07-27,0.01,30.91
2008-07-28,0.0,20.07
2008-07-29,6.97,17.67
2008-07-30,0.66,17.22
2008-07-31,0.07,17.51
2008-08-01,1.83,17.46
2008-08-02,0.5,17.33
2008-08-03,20.19,16.99
2008-08-04,0.11,32.44
2008-08-05,0.34,22.39
2008-08-06,0.09,17.54
2008-08-07,2.8,17.25
2008-08-08,5.15,17.34
2008-08-09,0.47,18.78
2008-08-10,2.82,17.63
2008-08-11,1.27,17.23
2008-08-12,10.58,17.7
2008-08-13,2.82,22.23
2008-08-14,0.03,18.26
2008-08-15,0.54,16.44
2008-08-16,0.01,17.11
2008-08-17,0.28,17.74
2008-08-18,3.09,18.1
2008-08-19,0.85,17.36
2008-08-20,1.63,18.24
2008-08-21,1.47,17.41
2008-08-22,24.63,18.25
2008-08-23,7.65,27.44
2008-08-24,1.72,22.13
2008-08-25,1.13,21.22
2008-08-26,0.0,17.02
2008-08-27,0.14,16.06
2008-08-28,0.32,15.37
2008-08-29,0.02,15.83
2008-08-30,0.0,15.6
2008-08-31,0.17,15.37
2008-09-01,0.13,15.23
2008-09-02,5.35,15.52
2008-09-03,1.02,17.04
2008-09-04,0.0,16.33
2008-09-05,5.78,15.46
2008-09-06,0.19,16.24
2008-09-07,1.64,15.16
2008-09-08,0.09,15.73
2008-09-09,0.04,15.29
2008-09-10,0.36,15.08
2008-09-11,0.34,15.28
2008-09-12,11.42,16.04
2008-09-13,0.09,19.85
2008-09-14,0.04,17.12
2008-09-15,0.02,15.17
2008-09-16,0.04,15.5
2008-09-17,0.01,15.02
2008-09-18,0.0,14.85
2008-09-19,0.0,14.72
2008-09-20,0.0,14.71
2008-09-21,0.14,14.52
2008-09-22,2.3,14.56
2008-09-23,9.45,14.72
2008-09-24,0.05,17.76
2008-09-25,0.0,15.5
2008-09-26,0.0,14.81
2008-09-27,0.0,14.0
2008-09-28,0.07,14.26
2008-09-29,0.67,14.87
2008-09-30,10.95,15.72
2008-10-01,6.17,19.76
2008-10-02,0.64,18.84
2008-10-03,1.14,16.44
2008-10-04,0.43,16.14
2008-10-05,9.2,16.61
2008-10-06,0.49,22.82
2008-10-07,0.2,19.73
2008-10-08,2.23,18.04
2008-10-09,0.0,17.7
2008-10-10,0.0,15.48
2008-10-11,0.0,15.06
2008-10-12,0.0,14.87
2008-10-13,0.84,14.83
2008-10-14,0.23,15.01
2008-10-15,3.67,15.04
2008-10-16,3.21,16.36
2008-10-17,0.35,16.33
2008-10-18,0.0,16.2
2008-10-19,0.0,14.97
2008-10-20,0.07,14.87
2008-10-21,2.01,15.04
2008-10-22,0.01,15.45
2008-10-23,0.0,14.8
2008-10-24,0.71,14.66
2008-10-25,0.0,14.71
2008-10-26,11.72,14.91
2008-10-27,1.6,25.04
2008-10-28,0.39,23.97
2008-10-29,0.39,18.4
2008-10-30,4.67,15.49
2008-10-31,0.73,17.47
2008-11-01,1.36,17.46
2008-11-02,0.01,20.62
2008-11-03,0.01,17.98
2008-11-04,0.0,17.52
2008-11-05,0.18,17.42
2008-11-06,0.0,16.61
2008-11-07,0.08,15.99
2008-11-08,0.44,15.94
2008-11-09,2.19,16.05
2008-11-10,1.38,16.97
2008-11-11,3.65,17.36
2008-11-12,0.02,18.0
2008-11-13,0.03,18.64
2008-11-14,0.32,19.79
2008-11-15,1.25,17.82
2008-11-16,0.1,18.07
2008-11-17,0.08,17.74
2008-11-18,2.53,17.7
2008-11-19,0.84,18.53
2008-11-20,13.43,18.64
2008-11-21,7.26,37.66
2008-11-22,3.55,48.58
2008-11-23,3.75,33.19
2008-11-24,3.3,22.98
2008-11-25,0.44,25.41
2008-11-26,0.35,25.86
2008-11-27,0.08,25.55
2008-11-28,0.11,25.42
2008-11-29,0.42,24.59
2008-11-30,0.63,22.4
2008-12-01,0.15,22.19
2008-12-02,3.41,20.46
2008-12-03,1.3,19.58
2008-12-04,2.49,19.29
2008-12-05,4.22,19.49
2008-12-06,1.47,25.56
2008-12-07,0.23,27.11
2008-12-08,0.01,27.5
2008-12-09,0.73,32.49
2008-12-10,0.25,27.79
2008-12-11,0.0,23.8
2008-12-12,0.01,21.63
2008-12-13,0.01,20.68
2008-12-14,0.0,20.13
2008-12-15,0.0,20.05
2008-12-16,0.0,19.83
2008-12-17,1.98,19.6
2008-12-18,2.49,20.23
2008-12-19,4.61,20.12
2008-12-20,3.46,22.57
2008-12-21,3.95,29.37
2008-12-22,0.52,31.5
2008-12-23,0.73,30.41
2008-12-24,0.44,30.66
2008-12-25,0.0,32.62
2008-12-26,0.0,32.13
2008-12-27,0.0,20.88
2008-12-28,0.0,20.02
2008-12-29,0.0,21.24
2008-12-30,0.0,21.32
2008-12-31,0.01,21.2
2009-01-01,0.57,21.05
2009-01-02,0.57,20.42
2009-01-03,0.81,19.58
2009-01-04,8.27,17.29
2009-01-05,0.01,17.11
2009-01-06,0.0,16.94
2009-01-07,0.32,20.27
2009-01-08,0.0,19.29
2009-01-09,0.0,16.94
2009-01-10,0.0,17.09
2009-01-11,0.0,17.27
2009-01-12,0.17,17.58
2009-01-13,1.55,19.88
2009-01-14,0.94,23.06
2009-01-15,0.01,24.97
2009-01-16,0.02,23.72
2009-01-17,1.13,22.4
2009-01-18,2.66,24.43
2009-01-19,2.47,32.91
2009-01-20,0.02,34.78
2009-01-21,0.0,33.92
2009-01-22,1.13,27.04
2009-01-23,12.82,32.69
2009-01-24,0.24,62.86
2009-01-25,0.0,70.09
2009-01-26,0.0,48.2
2009-01-27,0.0,35.99
2009-01-28,0.0,27.31
2009-01-29,0.0,24.21
2009-01-30,0.01,22.58
2009-01-31,0.17,22.21
2009-02-01,0.03,21.09
2009-02-02,0.01,20.97
2009-02-03,0.13,21.49
2009-02-04,0.24,21.44
2009-02-05,0.3,21.16
2009-02-06,0.03,20.85
2009-02-07,4.25,20.89
2009-02-08,1.39,22.14
2009-02-09,7.48,21.32
2009-02-10,10.33,37.85
2009-02-11,2.57,67.92
2009-02-12,1.58,75.92
2009-02-13,6.22,54.39
2009-02-14,0.15,50.47
2009-02-15,4.67,48.06
2009-02-16,14.26,44.84
2009-02-17,1.0,83.04
2009-02-18,0.0,114.99
2009-02-19,2.98,101.24
2009-02-20,2.83,81.67
2009-02-21,3.61,67.57
2009-02-22,3.11,74.97
2009-02-23,1.98,85.73
2009-02-24,0.0,81.09
2009-02-25,1.3,79.53
2009-02-26,3.85,77.72
2009-02-27,3.99,74.19
2009-02-28,1.06,73.74
2009-03-01,0.75,76.46
2009-03-02,0.34,76.76
2009-03-03,0.0,64.94
2009-03-04,0.12,58.72
2009-03-05,6.45,48.29
2009-03-06,17.8,57.44
2009-03-07,0.23,107.71
2009-03-08,4.66,139.3
2009-03-09,3.05,139.73
2009-03-10,9.44,124.22
2009-03-11,1.0,124.02
2009-03-12,5.95,120.99
2009-03-13,0.0,118.47
2009-03-14,1.7,114.13
2009-03-15,3.03,98.92
2009-03-16,0.09,96.57
2009-03-17,0.0,99.88
2009-03-18,0.0,87.34
2009-03-19,0.0,62.66
2009-03-20,0.0,52.3
2009-03-21,0.02,47.46
2009-03-22,0.49,45.52
2009-03-23,8.38,49.24
2009-03-24,1.81,55.16
2009-03-25,8.28,51.53
2009-03-26,7.59,78.42
2009-03-27,1.85,94.37
2009-03-28,3.59,107.4
2009-03-29,0.37,105.59
2009-03-30,0.0,84.95
2009-03-31,0.0,61.6
2009-04-01,0.0,54.25
2009-04-02,0.0,47.74
2009-04-03,0.1,41.53
2009-04-04,0.03,37.97
2009-04-05,0.02,35.13
2009-04-06,0.0,38.11
2009-04-07,2.58,29.92
2009-04-08,2.73,31.06
2009-04-09,0.02,32.42
2009-04-10,0.0,26.63
2009-04-11,0.02,32.04
2009-04-12,0.0,29.49
2009-04-13,0.0,24.74
2009-04-14,0.0,24.08
2009-04-15,0.14,23.06
2009-04-16,3.41,21.22
2009-04-17,2.56,24.04
2009-04-18,0.3,22.68
2009-04-19,0.0,20.03
2009-04-20,0.0,18.1
2009-04-21,0.0,17.59
2009-04-22,0.06,17.01
2009-04-23,0.0,18.74
2009-04-24,0.0,20.07
2009-04-25,0.64,19.71
2009-04-26,2.75,18.84
2009-04-27,9.16,21.43
2009-04-28,1.65,24.52
2009-04-29,0.68,26.67
2009-04-30,1.96,21.63
2009-05-01,0.13,19.29
2009-05-02,0.01,18.57
2009-05-03,0.1,18.31
2009-05-04,0.15,18.02
2009-05-05,5.47,17.82
2009-05-06,3.03,19.11
2009-05-07,2.23,20.3
2009-05-08,1.33,20.01
2009-05-09,0.75,20.01
2009-05-10,0.67,18.73
2009-05-11,1.44,18.33
2009-05-12,0.0,17.77
2009-05-13,0.08,17.04
2009-05-14,1.58,16.94
2009-05-15,9.92,17.12
2009-05-16,0.26,20.94
2009-05-17,1.79,18.03
2009-05-18,0.0,18.26
2009-05-19,1.46,17.08
2009-05-20,0.02,16.95
2009-05-21,0.19,16.84
2009-05-22,0.8,16.82
2009-05-23,0.94,17.2
2009-05-24,0.03,16.96
2009-05-25,0.08,16.62
2009-05-26,0.91,16.86
2009-05-27,0.34,16.99
2009-05-28,0.99,16.68
2009-05-29,0.0,16.58
2009-05-30,0.0,16.33
2009-05-31,0.04,16.1
2009-06-01,0.0,15.87
2009-06-02,0.0,15.77
2009-06-03,0.04,16.15
2009-06-04,0.09,16.28
2009-06-05,0.01,16.11
2009-06-06,11.12,16.3
2009-06-07,5.28,21.48
2009-06-08,1.52,19.89
2009-06-09,3.24,17.11
2009-06-10,7.19,16.78
2009-06-11,8.28,20.11
2009-06-12,0.15,20.29
2009-06-13,0.0,17.06
2009-06-14,1.24,16.3
2009-06-15,8.59,16.34
2009-06-16,3.65,17.78
2009-06-17,0.12,17.96
2009-06-18,0.47,16.52
2009-06-19,0.45,16.34
2009-06-20,3.56,16.1
2009-06-21,1.73,17.16
2009-06-22,0.02,16.84
2009-06-23,0.0,16.23
2009-06-24,0.0,16.11
2009-06-25,0.02,15.95
2009-06-26,0.72,15.9
2009-06-27,0.48,16.25
2009-06-28,0.01,16.34
2009-06-29,1.93,15.72
2009-06-30,0.82,17.08
2009-07-01,0.14,16.3
2009-07-02,0.12,15.7
2009-07-03,4.2,15.8
2009-07-04,0.0,18.71
2009-07-05,2.86,16.17
2009-07-06,6.26,16.39
2009-07-07,3.74,20.07
2009-07-08,8.65,19.72
2009-07-09,1.72,20.69
2009-07-10,14.17,17.76
2009-07-11,4.98,23.0
2009-07-12,6.67,19.52
2009-07-13,0.0,20.44
2009-07-14,1.75,17.33
2009-07-15,0.0,16.5
2009-07-16,0.01,15.93
2009-07-17,1.5,15.98
2009-07-18,0.87,15.74
2009-07-19,12.16,16.34
2009-07-20,3.34,22.02
2009-07-21,17.94,18.56
2009-07-22,2.67,29.53
2009-07-23,11.0,23.01
2009-07-24,5.82,22.38
2009-07-25,4.54,22.52
2009-07-26,0.0,18.92
2009-07-27,0.43,17.17
2009-07-28,0.0,17.04
2009-07-29,4.34,16.63
2009-07-30,0.47,17.48
2009-07-31,0.0,17.11
2009-08-01,0.43,16.31
2009-08-02,3.43,16.42
2009-08-03,0.04,16.83
2009-08-04,0.0,16.3
2009-08-05,0.0,16.24
2009-08-06,0.0,16.08
2009-08-07,0.02,15.87
2009-08-08,2.55,16.28
2009-08-09,0.11,17.49
2009-08-10,1.09,15.77
2009-08-11,1.51,16.11
2009-08-12,4.84,16.47
2009-08-13,0.21,18.42
2009-08-14,0.0,16.29
2009-08-15,0.0,15.56
2009-08-16,0.0,15.18
2009-08-17,0.06,15.1
2009-08-18,0.0,15.3
2009-08-19,0.0,15.29
2009-08-20,4.49,15.66
2009-08-21,0.29,17.7
2009-08-22,0.0,16.12
2009-08-23,0.0,15.09
2009-08-24,0.85,14.93
2009-08-25,6.64,15.36
2009-08-26,0.0,17.31
2009-08-27,0.03,15.15
2009-08-28,0.52,14.69
2009-08-29,0.93,14.59
2009-08-30,0.01,14.52
2009-08-31,0.0,14.17
2009-09-01,3.19,14.25
2009-09-02,1.72,15.56
2009-09-03,3.09,15.1
2009-09-04,10.58,15.78
2009-09-05,4.41,18.34
2009-09-06,0.03,19.44
2009-09-07,0.0,15.01
2009-09-08,0.0,14.5
2009-09-09,0.18,14.08
2009-09-10,0.16,13.85
2009-09-11,0.0,13.91
2009-09-12,0.43,13.87
2009-09-13,3.48,14.04
2009-09-14,8.69,14.29
2009-09-15,4.11,15.75
2009-09-16,0.0,15.12
2009-09-17,0.0,14.28
2009-09-18,0.0,14.12
2009-09-19,0.02,13.94
2009-09-20,0.0,13.92
2009-09-21,0.0,13.77
2009-09-22,0.0,13.86
2009-09-23,0.56,13.86
2009-09-24,0.49,13.89
2009-09-25,0.0,14.01
2009-09-26,0.0,13.9
2009-09-27,0.0,13.95
2009-09-28,0.45,13.86
2009-09-29,3.54,13.82
2009-09-30,1.5,14.39
2009-10-01,3.84,15.31
2009-10-02,1.38,16.08
2009-10-03,2.08,15.12
2009-10-04,0.14,14.89
2009-10-05,6.21,14.49
2009-10-06,8.74,16.64
2009-10-07,29.98,19.65
2009-10-08,0.83,44.49
2009-10-09,10.1,25.09
2009-10-10,11.68,26.0
2009-10-11,8.38,29.57
2009-10-12,1.39,25.78
2009-10-13,0.85,20.86
2009-10-14,0.0,18.3
2009-10-15,1.94,17.43
2009-10-16,6.58,17.2
2009-10-17,0.36,17.86
2009-10-18,0.0,16.46
2009-10-19,0.05,16.47
2009-10-20,0.0,17.16
2009-10-21,0.35,16.45
2009-10-22,0.4,16.11
2009-10-23,0.1,15.76
2009-10-24,1.65,15.51
2009-10-25,0.0,15.93
2009-10-26,2.69,15.39
2009-10-27,0.54,15.77
2009-10-28,0.09,15.36
2009-10-29,0.14,15.1
2009-10-30,0.0,15.07
2009-10-31,0.02,15.31
2009-11-01,15.49,15.23
2009-11-02,1.54,21.02
2009-11-03,8.04,21.18
2009-11-04,3.59,28.04
2009-11-05,2.06,35.35
2009-11-06,0.58,33.17
2009-11-07,2.34,26.42
2009-11-08,0.06,24.5
2009-11-09,12.42,21.46
2009-11-10,10.91,25.79
2009-11-11,0.97,49.48
2009-11-12,0.43,50.41
2009-11-13,0.53,43.74
2009-11-14,1.99,34.5
2009-11-15,2.99,32.98
2009-11-16,0.45,33.17
2009-11-17,0.61,31.15
2009-11-18,0.16,23.54
2009-11-19,0.0,19.4
2009-11-20,0.04,20.06
2009-11-21,0.38,19.56
2009-11-22,2.23,19.53
2009-11-23,26.57,28.73
2009-11-24,1.36,118.35
2009-11-25,2.02,99.22
2009-11-26,5.53,67.31
2009-11-27,4.17,68.74
2009-11-28,6.49,76.63
2009-11-29,0.37,85.27
2009-11-30,0.0,71.13
2009-12-01,0.0,52.34
2009-12-02,0.77,34.8
2009-12-03,1.34,29.71
2009-12-04,0.29,30.23
2009-12-05,6.21,28.56
2009-12-06,3.09,38.22
2009-12-07,1.64,55.8
2009-12-08,3.43,45.47
2009-12-09,5.21,58.23
2009-12-10,13.94,56.72
2009-12-11,2.5,109.2
2009-12-12,0.8,106.17
2009-12-13,0.02,81.85
2009-12-14,0.0,67.85
2009-12-15,0.0,48.54
2009-12-16,0.13,39.29
2009-12-17,0.11,36.37
2009-12-18,1.28,31.79
2009-12-19,0.04,30.7
2009-12-20,2.43,26.06
2009-12-21,1.38,25.9
2009-12-22,2.13,26.84
2009-12-23,0.01,32.26
2009-12-24,7.25,30.26
2009-12-25,3.84,40.43
2009-12-26,0.06,81.49
2009-12-27,1.91,82.43
2009-12-28,0.12,66.58
2009-12-29,10.53,56.0
2009-12-30,9.05,71.82
2009-12-31,3.35,147.4
2010-01-01,0.76,140.34
2010-01-02,3.88,109.28
2010-01-03,0.59,83.82
2010-01-04,0.01,64.59
2010-01-05,0.01,46.98
2010-01-06,0.73,44.94
2010-01-07,0.75,44.0
2010-01-08,0.59,35.85
2010-01-09,2.01,33.31
2010-01-10,0.89,35.18
2010-01-11,1.01,30.5
2010-01-12,0.0,28.22
2010-01-13,0.12,24.84
2010-01-14,0.0,24.34
2010-01-15,0.0,23.06
2010-01-16,4.74,23.11
2010-01-17,4.39,32.13
2010-01-18,3.38,79.17
2010-01-19,0.85,92.32
2010-01-20,0.0,85.87
2010-01-21,0.0,80.82
2010-01-22,0.0,65.8
2010-01-23,0.01,55.45
2010-01-24,4.82,44.07
2010-01-25,1.36,40.97
2010-01-26,0.0,36.49
2010-01-27,3.44,30.42
2010-01-28,4.04,31.6
2010-01-29,6.97,48.84
2010-01-30,1.95,64.36
2010-01-31,1.06,58.59
2010-02-01,0.78,45.09
2010-02-02,14.37,38.48
2010-02-03,1.52,91.17
2010-02-04,0.25,124.16
2010-02-05,1.38,130.76
2010-02-06,1.09,126.9
2010-02-07,0.0,118.37
2010-02-08,0.0,98.45
2010-02-09,0.57,75.71
2010-02-10,0.83,57.1
2010-02-11,0.59,46.21
2010-02-12,2.09,38.58
2010-02-13,2.9,37.65
2010-02-14,0.07,40.17
2010-02-15,0.1,36.49
2010-02-16,0.0,31.34
2010-02-17,0.84,30.0
2010-02-18,1.22,32.48
2010-02-19,0.11,38.38
2010-02-20,1.36,39.85
2010-02-21,0.09,47.66
2010-02-22,7.9,44.63
2010-02-23,5.85,84.03
2010-02-24,1.02,123.7
2010-02-25,1.5,110.38
2010-02-26,4.23,105.1
2010-02-27,0.54,103.52
2010-02-28,9.24,100.27
2010-03-01,1.87,145.37
2010-03-02,0.34,146.09
2010-03-03,0.0,104.27
2010-03-04,0.0,84.0
2010-03-05,8.03,69.56
2010-03-06,0.04,65.6
2010-03-07,0.01,63.64
2010-03-08,0.01,54.7
2010-03-09,0.0,45.98
2010-03-10,0.0,44.07
2010-03-11,0.66,42.94
2010-03-12,0.12,38.12
2010-03-13,1.32,34.95
2010-03-14,3.18,41.32
2010-03-15,7.87,48.04
2010-03-16,0.02,54.3
2010-03-17,0.0,63.23
2010-03-18,0.0,57.16
2010-03-19,2.47,51.93
2010-03-20,10.89,44.92
2010-03-21,1.87,75.53
2010-03-22,0.01,92.49
2010-03-23,0.0,70.23
2010-03-24,0.0,60.34
2010-03-25,0.01,55.32
2010-03-26,8.49,45.71
2010-03-27,3.21,57.54
2010-03-28,9.3,58.83
2010-03-29,2.67,66.41
2010-03-30,0.73,94.03
2010-03-31,0.41,80.06
2010-04-01,0.94,60.59
2010-04-02,0.19,51.44
2010-04-03,0.41,44.24
2010-04-04,3.98,43.71
2010-04-05,0.0,47.14
2010-04-06,0.0,37.59
2010-04-07,0.0,32.6
2010-04-08,0.69,30.83
2010-04-09,0.01,25.3
2010-04-10,0.04,26.08
2010-04-11,0.18,25.12
2010-04-12,0.48,23.94
2010-04-13,0.0,22.82
2010-04-14,0.0,22.23
2010-04-15,0.0,21.18
2010-04-16,0.0,20.12
2010-04-17,0.0,20.43
2010-04-18,0.0,20.81
2010-04-19,0.0,20.66
2010-04-20,0.04,20.25
2010-04-21,0.18,18.97
2010-04-22,0.0,18.1
2010-04-23,0.0,17.79
2010-04-24,0.0,17.69
2010-04-25,2.3,17.5
2010-04-26,2.46,17.6
2010-04-27,0.0,19.01
2010-04-28,0.0,17.35
2010-04-29,0.24,17.24
2010-04-30,0.05,17.04
2010-05-01,0.16,16.94
2010-05-02,7.04,16.76
2010-05-03,3.11,18.3
2010-05-04,0.0,16.87
2010-05-05,0.93,16.63
2010-05-06,19.75,16.99
2010-05-07,1.24,26.31
2010-05-08,0.0,23.16
2010-05-09,0.01,19.79
2010-05-10,0.0,17.48
2010-05-11,3.09,17.17
2010-05-12,0.42,19.23
2010-05-13,0.22,18.3
2010-05-14,0.06,17.26
2010-05-15,0.12,17.06
2010-05-16,0.0,16.82
2010-05-17,5.78,16.65
2010-05-18,0.01,21.15
2010-05-19,1.25,17.76
2010-05-20,0.32,16.9
2010-05-21,0.0,16.74
2010-05-22,0.0,16.56
2010-05-23,0.0,16.39
2010-05-24,0.72,16.13
2010-05-25,0.0,16.27
2010-05-26,6.98,16.3
2010-05-27,0.67,18.53
2010-05-28,0.46,16.67
2010-05-29,3.4,16.27
2010-05-30,9.0,17.14
2010-05-31,2.31,19.1
2010-06-01,0.03,16.83
2010-06-02,0.0,16.26
2010-06-03,0.0,16.16
2010-06-04,0.0,15.91
2010-06-05,0.0,15.86
2010-06-06,1.86,15.74
2010-06-07,0.0,18.61
2010-06-08,2.01,16.88
2010-06-09,13.16,19.91
2010-06-10,3.01,17.86
2010-06-11,0.0,17.5
2010-06-12,1.77,16.45
2010-06-13,0.0,16.1
2010-06-14,0.0,15.61
2010-06-15,0.0,15.48
2010-06-16,0.0,15.35
2010-06-17,0.0,15.35
2010-06-18,0.04,15.35
2010-06-19,1.74,15.42
2010-06-20,0.17,15.51
2010-06-21,0.0,15.21
2010-06-22,0.0,15.36
2010-06-23,0.0,15.19
2010-06-24,0.0,15.1
2010-06-25,0.0,15.1
2010-06-26,0.0,15.16
2010-06-27,0.0,14.64
2010-06-28,0.0,14.99
2010-06-29,0.36,15.01
2010-06-30,0.6,15.05
2010-07-01,0.0,14.72
2010-07-02,0.0,14.69
2010-07-03,12.23,15.23
2010-07-04,0.0,20.89
2010-07-05,2.11,15.76
2010-07-06,0.0,15.9
2010-07-07,0.0,15.48
2010-07-08,0.0,14.65
2010-07-09,0.0,14.59
2010-07-10,2.36,14.6
2010-07-11,0.07,17.12
2010-07-12,0.93,16.88
2010-07-13,0.14,15.34
2010-07-14,10.05,14.94
2010-07-15,0.0,19.81
2010-07-16,6.41,16.38
2010-07-17,0.06,18.48
2010-07-18,0.0,15.95
2010-07-19,0.0,14.96
2010-07-20,0.0,14.55
2010-07-21,2.19,14.27
2010-07-22,4.25,15.98
2010-07-23,2.12,14.91
2010-07-24,0.02,14.51
2010-07-25,0.11,14.65
2010-07-26,6.66,14.73
2010-07-27,2.67,17.44
2010-07-28,2.29,16.28
2010-07-29,7.7,15.96
2010-07-30,0.14,17.64
2010-07-31,0.18,15.64
2010-08-01,4.79,14.29
2010-08-02,1.88,12.55
2010-08-03,1.37,15.7
2010-08-04,5.91,15.2
2010-08-05,0.33,18.57
2010-08-06,0.0,15.9
2010-08-07,1.8,14.69
2010-08-08,14.02,16.22
2010-08-09,0.07,25.93
2010-08-10,5.46,16.78
2010-08-11,4.17,18.44
2010-08-12,0.01,20.56
2010-08-13,0.9,16.19
2010-08-14,0.0,15.01
2010-08-15,15.0,15.25
2010-08-16,13.19,24.46
2010-08-17,14.93,26.69
2010-08-18,4.4,30.74
2010-08-19,0.0,22.64
2010-08-20,0.0,18.22
2010-08-21,0.0,16.55
2010-08-22,9.52,16.08
2010-08-23,6.29,21.5
2010-08-24,0.16,19.56
2010-08-25,5.39,16.78
2010-08-26,28.58,20.6
2010-08-27,5.24,29.59
2010-08-28,3.82,34.62
2010-08-29,11.15,28.41
2010-08-30,3.89,34.18
2010-08-31,0.29,34.9
2010-09-01,0.34,23.93
2010-09-02,0.27,18.62
2010-09-03,0.16,17.41
2010-09-04,0.01,18.74
2010-09-05,0.0,18.63
2010-09-06,0.0,16.22
2010-09-07,2.15,16.84
2010-09-08,4.23,17.8
2010-09-09,3.78,19.71
2010-09-10,0.7,20.32
2010-09-11,0.0,17.86
2010-09-12,4.94,16.25
2010-09-13,2.95,16.7
2010-09-14,8.25,17.98
2010-09-15,5.74,20.0
2010-09-16,4.23,25.53
2010-09-17,1.56,21.7
2010-09-18,0.31,18.43
2010-09-19,0.01,18.19
2010-09-20,0.0,19.66
2010-09-21,0.0,17.26
2010-09-22,0.0,16.37
2010-09-23,0.72,16.22
2010-09-24,9.92,19.87
2010-09-25,0.31,25.67
2010-09-26,0.13,19.52
2010-09-27,21.08,18.25
2010-09-28,0.63,30.28
2010-09-29,0.0,27.7
2010-09-30,1.89,20.85
2010-10-01,3.02,20.71
2010-10-02,0.62,23.26
2010-10-03,0.05,20.38
2010-10-04,0.0,18.87
2010-10-05,0.02,19.55
2010-10-06,0.1,19.17
2010-10-07,0.0,17.83
2010-10-08,0.0,17.45
2010-10-09,0.0,16.68
2010-10-10,0.0,16.21
2010-10-11,0.0,16.56
2010-10-12,0.0,16.51
2010-10-13,0.0,16.18
2010-10-14,0.44,16.08
2010-10-15,13.54,15.95
2010-10-16,2.87,23.01
2010-10-17,0.0,23.25
2010-10-18,0.86,18.22
2010-10-19,4.61,18.57
2010-10-20,2.57,24.83
2010-10-21,0.19,20.16
2010-10-22,0.0,19.9
2010-10-23,1.3,19.6
2010-10-24,1.18,18.72
2010-10-25,0.0,19.63
2010-10-26,0.15,18.16
2010-10-27,1.01,17.68
2010-10-28,0.0,18.96
2010-10-29,0.0,21.82
2010-10-30,0.23,23.04
2010-10-31,3.57,18.42
2010-11-01,0.18,19.2
2010-11-02,0.02,17.74
2010-11-03,8.23,17.63
2010-11-04,1.28,26.44
2010-11-05,13.62,25.14
2010-11-06,7.88,49.89
2010-11-07,0.17,70.3
2010-11-08,1.34,49.43
2010-11-09,3.53,38.25
2010-11-10,8.0,36.56
2010-11-11,8.63,50.89
2010-11-12,29.32,74.1
2010-11-13,25.18,132.61
2010-11-14,1.48,237.24
2010-11-15,0.0,244.84
2010-11-16,0.0,193.64
2010-11-17,0.39,163.82
2010-11-18,0.18,143.4
2010-11-19,0.08,112.83
2010-11-20,0.0,89.46
2010-11-21,0.0,73.35
2010-11-22,0.81,62.81
2010-11-23,5.68,51.2
2010-11-24,2.16,43.23
2010-11-25,2.98,41.51
2010-11-26,0.08,50.01
2010-11-27,0.0,46.28
2010-11-28,0.0,40.64
2010-11-29,1.88,44.86
2010-11-30,0.06,39.06
2010-12-01,0.82,37.47
2010-12-02,0.37,33.94
2010-12-03,0.0,25.98
2010-12-04,3.74,23.25
2010-12-05,6.12,26.3
2010-12-06,0.0,42.19
2010-12-07,0.21,32.81
2010-12-08,3.83,25.48
2010-12-09,7.28,24.49
2010-12-10,8.86,27.58
2010-12-11,7.55,82.01
2010-12-12,0.54,179.94
2010-12-13,2.61,192.08
2010-12-14,0.34,129.3
2010-12-15,0.15,99.15
2010-12-16,6.63,81.91
2010-12-17,0.83,71.86
2010-12-18,1.97,61.26
2010-12-19,3.79,53.32
2010-12-20,0.01,47.08
2010-12-21,0.32,39.9
2010-12-22,4.24,37.31
2010-12-23,7.35,36.4
2010-12-24,2.8,44.03
2010-12-25,1.02,49.97
2010-12-26,2.83,44.67
2010-12-27,0.16,37.36
2010-12-28,0.0,36.54
2010-12-29,0.0,37.09
2010-12-30,0.35,34.45
2010-12-31,0.66,33.05
2011-01-01,1.57,42.83
2011-01-02,1.08,55.52
2011-01-03,0.5,57.07
2011-01-04,0.1,47.37
2011-01-05,2.08,49.6
2011-01-06,7.51,49.4
2011-01-07,3.24,142.27
2011-01-08,9.68,219.29
2011-01-09,1.24,243.47
2011-01-10,0.0,241.62
2011-01-11,0.8,209.18
2011-01-12,18.62,181.0
2011-01-13,17.58,197.26
2011-01-14,3.62,285.98
2011-01-15,0.0,307.44
2011-01-16,0.0,287.68
2011-01-17,0.79,253.72
2011-01-18,6.35,222.9
2011-01-19,5.21,202.18
2011-01-20,0.04,181.1
2011-01-21,0.6,161.77
2011-01-22,1.17,138.43
2011-01-23,0.45,128.27
2011-01-24,2.57,119.94
2011-01-25,4.99,109.66
2011-01-26,0.15,120.29
2011-01-27,0.02,108.39
2011-01-28,0.0,95.66
2011-01-29,0.0,84.61
2011-01-30,0.0,75.77
2011-01-31,0.0,66.31
2011-02-01,1.19,61.33
2011-02-02,1.77,48.19
2011-02-03,0.83,51.05
2011-02-04,0.49,48.35
2011-02-05,0.12,50.15
2011-02-06,0.01,50.07
2011-02-07,0.0,52.83
2011-02-08,0.0,42.77
2011-02-09,0.0,39.35
2011-02-10,7.61,35.76
2011-02-11,2.61,45.8
2011-02-12,9.07,59.3
2011-02-13,0.29,84.63
2011-02-14,2.83,81.89
2011-02-15,0.63,76.62
2011-02-16,0.0,74.3
2011-02-17,0.0,65.48
2011-02-18,0.0,51.92
2011-02-19,0.0,47.74
2011-02-20,0.0,46.68
2011-02-21,0.0,43.67
2011-02-22,0.0,33.93
2011-02-23,0.29,31.8
2011-02-24,0.51,28.65
2011-02-25,0.01,28.65
2011-02-26,1.26,29.49
2011-02-27,2.51,33.74
2011-02-28,0.0,38.26
2011-03-01,0.0,28.22
2011-03-02,0.0,25.88
2011-03-03,0.0,24.05
2011-03-04,0.0,23.89
2011-03-05,0.0,24.0
2011-03-06,0.0,23.78
2011-03-07,0.0,27.14
2011-03-08,0.0,23.47
2011-03-09,0.95,22.82
2011-03-10,2.17,23.03
2011-03-11,0.14,24.0
2011-03-12,0.01,23.18
2011-03-13,1.09,22.66
2011-03-14,0.11,22.39
2011-03-15,0.0,20.29
2011-03-16,0.01,18.32
2011-03-17,0.49,18.61
2011-03-18,1.72,18.25
2011-03-19,0.0,19.84
2011-03-20,0.0,18.63
2011-03-21,0.0,18.21
2011-03-22,0.0,18.23
2011-03-23,0.0,18.07
2011-03-24,0.0,18.04
2011-03-25,0.01,18.15
2011-03-26,0.13,18.11
2011-03-27,0.0,17.92
2011-03-28,0.0,18.27
2011-03-29,0.0,18.2
2011-03-30,0.79,17.75
2011-03-31,2.02,20.22
2011-04-01,0.08,19.99
2011-04-02,0.26,17.31
2011-04-03,14.12,19.91
2011-04-04,0.35,26.28
2011-04-05,0.0,21.16
2011-04-06,0.0,19.75
2011-04-07,0.0,18.22
2011-04-08,0.0,18.55
2011-04-09,0.0,17.61
2011-04-10,0.0,18.36
2011-04-11,2.61,18.46
2011-04-12,2.24,19.59
2011-04-13,0.02,18.45
2011-04-14,0.0,16.88
2011-04-15,0.0,16.83
2011-04-16,0.0,16.98
2011-04-17,0.0,16.76
2011-04-18,0.0,18.47
2011-04-19,0.0,17.52
2011-04-20,0.0,16.81
2011-04-21,0.0,16.78
2011-04-22,0.0,17.16
2011-04-23,0.0,17.24
2011-04-24,0.0,17.01
2011-04-25,0.0,16.83
2011-04-26,0.78,16.58
2011-04-27,8.46,16.95
2011-04-28,3.52,18.75
2011-04-29,0.26,18.09
2011-04-30,0.0,17.08
2011-05-01,0.0,16.63
2011-05-02,0.02,16.35
2011-05-03,0.0,16.39
2011-05-04,0.45,16.47
2011-05-05,0.0,16.39
2011-05-06,0.0,16.31
2011-05-07,0.0,16.52
2011-05-08,0.0,16.39
2011-05-09,0.0,16.01
2011-05-10,0.13,15.84
2011-05-11,0.0,16.1
2011-05-12,0.48,16.18
2011-05-13,0.0,16.2
2011-05-14,0.35,16.12
2011-05-15,4.15,16.3
2011-05-16,3.11,16.92
2011-05-17,0.31,17.37
2011-05-18,0.0,16.52
2011-05-19,0.4,16.19
2011-05-20,0.01,16.18
2011-05-21,0.01,16.14
2011-05-22,1.79,16.1
2011-05-23,0.0,17.51
2011-05-24,0.05,16.45
2011-05-25,0.0,15.9
2011-05-26,0.02,15.82
2011-05-27,1.45,15.91
2011-05-28,0.09,16.46
2011-05-29,0.0,15.8
2011-05-30,0.1,15.69
2011-05-31,12.53,16.73
2011-06-01,0.0,21.64
2011-06-02,0.0,16.83
2011-06-03,0.0,15.8
2011-06-04,0.02,15.52
2011-06-05,5.27,15.31
2011-06-06,4.66,15.6
2011-06-07,7.46,17.17
2011-06-08,3.24,17.8
2011-06-09,0.0,18.81
2011-06-10,2.83,15.98
2011-06-11,1.18,17.86
2011-06-12,0.0,16.84
2011-06-13,1.26,15.49
2011-06-14,0.05,15.48
2011-06-15,0.49,15.48
2011-06-16,7.55,15.56
2011-06-17,1.93,20.84
2011-06-18,4.97,16.94
2011-06-19,3.03,18.93
2011-06-20,1.08,16.73
2011-06-21,1.9,16.27
2011-06-22,13.93,16.42
2011-06-23,0.18,19.44
2011-06-24,2.17,15.98
2011-06-25,5.49,16.13
2011-06-26,0.31,17.82
2011-06-27,0.0,16.71
2011-06-28,1.52,15.65
2011-06-29,4.97,15.62
2011-06-30,0.81,15.9
2011-07-01,3.49,16.0
2011-07-02,0.17,15.5
2011-07-03,0.47,14.98
2011-07-04,0.0,14.77
2011-07-05,0.0,14.91
2011-07-06,0.01,14.81
2011-07-07,1.07,14.46
2011-07-08,0.2,14.89
2011-07-09,0.09,15.23
2011-07-10,0.08,14.8
2011-07-11,0.0,14.8
2011-07-12,2.51,14.62
2011-07-13,1.41,16.02
2011-07-14,4.33,15.44
2011-07-15,1.15,17.37
2011-07-16,5.59,15.7
2011-07-17,0.88,16.85
2011-07-18,0.85,15.64
2011-07-19,1.87,15.49
2011-07-20,3.26,16.44
2011-07-21,4.71,18.06
2011-07-22,0.0,21.25
2011-07-23,5.3,15.64
2011-07-24,12.73,18.53
2011-07-25,1.22,25.42
2011-07-26,2.85,19.17
2011-07-27,1.91,17.27
2011-07-28,1.79,17.59
2011-07-29,0.45,16.29
2011-07-30,0.15,15.62
2011-07-31,0.0,15.38
2011-08-01,0.0,15.04
2011-08-02,0.0,15.02
2011-08-03,5.47,14.93
2011-08-04,3.09,16.13
2011-08-05,0.81,16.35
2011-08-06,4.4,15.27
2011-08-07,0.29,17.07
2011-08-08,6.35,15.15
2011-08-09,1.34,17.09
2011-08-10,0.0,15.61
2011-08-11,0.84,14.86
2011-08-12,7.73,15.4
2011-08-13,2.89,17.75
2011-08-14,13.35,19.01
2011-08-15,0.42,23.58
2011-08-16,0.02,17.08
2011-08-17,0.0,15.91
2011-08-18,22.67,15.5
2011-08-19,1.0,31.12
2011-08-20,0.0,22.01
2011-08-21,3.26,18.31
2011-08-22,8.87,20.55
2011-08-23,1.7,18.92
2011-08-24,1.39,18.47
2011-08-25,1.98,17.31
2011-08-26,19.8,19.81
2011-08-27,7.1,29.04
2011-08-28,0.41,31.27
2011-08-29,1.23,21.18
2011-08-30,0.14,18.71
2011-08-31,0.02,17.57
2011-09-01,0.0,16.74
2011-09-02,0.0,16.62
2011-09-03,1.3,16.46
2011-09-04,7.86,16.87
2011-09-05,0.14,19.61
2011-09-06,11.19,16.34
2011-09-07,5.06,24.02
2011-09-08,3.66,24.14
2011-09-09,0.79,24.36
2011-09-10,0.0,19.09
2011-09-11,8.92,17.91
2011-09-12,0.0,29.7
2011-09-13,0.0,21.98
2011-09-14,0.0,18.6
2011-09-15,0.0,17.84
2011-09-16,0.1,17.33
2011-09-17,1.73,17.19
2011-09-18,1.88,17.68
2011-09-19,0.02,17.48
2011-09-20,0.0,16.6
2011-09-21,0.07,16.33
2011-09-22,0.0,15.72
2011-09-23,0.0,15.86
2011-09-24,0.0,15.44
2011-09-25,0.0,15.12
2011-09-26,0.0,15.21
2011-09-27,0.0,14.58
2011-09-28,0.0,14.48
2011-09-29,0.0,14.1
2011-09-30,0.0,14.23
2011-10-01,0.0,13.74
2011-10-02,0.0,13.72
2011-10-03,0.0,14.11
2011-10-04,0.07,13.9
2011-10-05,0.3,14.04
2011-10-06,7.19,15.15
2011-10-07,8.82,19.24
2011-10-08,6.02,21.09
2011-10-09,4.94,18.36
2011-10-10,1.94,17.49
2011-10-11,25.98,17.33
2011-10-12,9.14,33.35
2011-10-13,0.0,42.46
2011-10-14,0.0,29.41
2011-10-15,0.0,21.65
2011-10-16,0.0,19.07
2011-10-17,0.0,18.17
2011-10-18,3.24,18.09
2011-10-19,2.59,19.42
2011-10-20,0.03,19.7
2011-10-21,0.0,17.5
2011-10-22,0.0,17.43
2011-10-23,0.0,17.07
2011-10-24,0.0,16.74
2011-10-25,0.27,16.84
2011-10-26,0.0,16.57
2011-10-27,0.0,16.54
2011-10-28,0.0,16.17
2011-10-29,0.06,16.3
2011-10-30,0.01,16.13
2011-10-31,0.0,16.0
2011-11-01,0.04,16.06
2011-11-02,0.01,15.95
2011-11-03,0.25,15.84
2011-11-04,0.0,16.18
2011-11-05,0.0,16.53
2011-11-06,0.0,15.97
2011-11-07,0.0,15.67
2011-11-08,0.0,15.54
2011-11-09,0.0,15.52
2011-11-10,0.0,15.56
2011-11-11,0.0,15.63
2011-11-12,0.0,15.32
2011-11-13,0.0,15.49
2011-11-14,0.0,15.45
2011-11-15,0.0,15.27
2011-11-16,0.0,15.06
2011-11-17,0.04,15.06
2011-11-18,0.0,15.06
2011-11-19,0.0,14.47
2011-11-20,0.0,14.89
2011-11-21,0.0,14.6
2011-11-22,0.02,14.66
2011-11-23,0.11,14.49
2011-11-24,0.0,14.32
2011-11-25,0.82,14.4
2011-11-26,0.0,13.86
2011-11-27,1.13,14.4
2011-11-28,0.0,14.96
2011-11-29,0.13,14.42
2011-11-30,0.0,14.48
2011-12-01,3.72,14.81
2011-12-02,4.09,17.96
2011-12-03,8.05,20.16
2011-12-04,4.96,23.49
2011-12-05,1.6,18.89
2011-12-06,3.01,18.6
2011-12-07,6.49,18.89
2011-12-08,5.99,21.13
2011-12-09,0.91,21.31
2011-12-10,0.05,21.17
2011-12-11,0.36,18.39
2011-12-12,5.63,18.6
2011-12-13,5.84,21.84
2011-12-14,5.39,25.22
2011-12-15,2.9,27.04
2011-12-16,17.51,49.04
2011-12-17,4.02,96.85
2011-12-18,1.89,62.91
2011-12-19,2.52,47.09
2011-12-20,5.73,39.97
2011-12-21,1.27,42.98
2011-12-22,7.31,50.27
2011-12-23,4.89,49.17
2011-12-24,3.12,61.86
2011-12-25,0.45,79.04
2011-12-26,0.38,74.08
2011-12-27,0.08,59.62
2011-12-28,0.64,44.26
2011-12-29,10.49,40.92
2011-12-30,3.08,64.69
2011-12-31,3.81,73.51
2012-01-01,9.77,84.54
2012-01-02,3.42,113.0
2012-01-03,5.44,120.82
2012-01-04,11.71,118.85
2012-01-05,12.28,135.7
2012-01-06,4.03,192.84
2012-01-07,7.82,172.33
2012-01-08,4.52,165.62
2012-01-09,2.31,162.65
2012-01-10,0.01,142.33
2012-01-11,0.81,119.96
2012-01-12,3.63,103.82
2012-01-13,1.16,96.42
2012-01-14,0.05,91.37
2012-01-15,0.0,75.82
2012-01-16,0.0,69.5
2012-01-17,0.0,55.82
2012-01-18,6.06,46.29
2012-01-19,17.45,63.11
2012-01-20,2.7,144.26
2012-01-21,9.77,146.08
2012-01-22,4.86,173.72
2012-01-23,5.57,167.27
2012-01-24,0.69,158.42
2012-01-25,0.0,138.83
2012-01-26,1.54,120.88
2012-01-27,0.0,110.58
2012-01-28,0.0,98.9
2012-01-29,0.0,86.92
2012-01-30,0.0,75.26
2012-01-31,0.0,63.69
2012-02-01,0.0,52.72
2012-02-02,0.0,43.12
2012-02-03,0.07,39.74
2012-02-04,0.0,38.91
2012-02-05,0.0,36.4
2012-02-06,0.0,35.6
2012-02-07,0.0,33.24
2012-02-08,0.0,32.54
2012-02-09,0.11,30.02
2012-02-10,0.0,29.6
2012-02-11,0.0,32.53
2012-02-12,0.72,36.14
2012-02-13,1.55,37.88
2012-02-14,5.73,37.19
2012-02-15,0.89,33.7
2012-02-16,1.79,36.23
2012-02-17,0.63,27.82
2012-02-18,4.27,32.41
2012-02-19,2.22,40.55
2012-02-20,0.01,42.25
2012-02-21,0.01,34.9
2012-02-22,1.49,24.83
2012-02-23,0.72,26.49
2012-02-24,2.46,32.29
2012-02-25,0.42,47.84
2012-02-26,0.56,50.18
2012-02-27,0.48,43.04
2012-02-28,1.09,38.5
2012-02-29,0.14,38.66
2012-03-01,0.04,38.55
2012-03-02,0.0,36.61
2012-03-03,0.47,36.78
2012-03-04,3.7,37.96
2012-03-05,0.37,39.95
2012-03-06,0.0,40.5
2012-03-07,6.72,34.5
2012-03-08,0.32,37.43
2012-03-09,0.0,38.9
2012-03-10,0.25,34.45
2012-03-11,0.0,30.78
2012-03-12,0.05,29.55
2012-03-13,0.0,25.58
2012-03-14,0.0,24.85
2012-03-15,0.0,23.46
2012-03-16,0.0,23.52
2012-03-17,0.04,24.97
2012-03-18,0.91,23.32
2012-03-19,0.0,22.77
2012-03-20,0.03,21.32
2012-03-21,0.0,21.55
2012-03-22,0.0,20.91
2012-03-23,0.0,20.38
2012-03-24,0.0,19.94
2012-03-25,0.0,19.77
2012-03-26,0.0,20.43
2012-03-27,0.0,18.45
2012-03-28,0.0,18.22
2012-03-29,2.42,17.55
2012-03-30,0.88,17.94
2012-03-31,0.5,18.02
2012-04-01,0.03,17.42
2012-04-02,0.01,17.41
2012-04-03,1.46,17.7
2012-04-04,0.2,17.9
2012-04-05,0.0,17.26
2012-04-06,1.66,17.34
2012-04-07,0.39,17.69
2012-04-08,1.16,17.23
2012-04-09,3.21,17.5
2012-04-10,2.33,18.54
2012-04-11,0.54,18.56
2012-04-12,3.23,18.67
2012-04-13,0.46,21.05
2012-04-14,1.63,18.73
2012-04-15,0.19,19.42
2012-04-16,0.06,17.43
2012-04-17,0.05,17.2
2012-04-18,0.9,18.68
2012-04-19,0.9,19.87
2012-04-20,1.26,19.52
2012-04-21,4.9,18.67
2012-04-22,3.97,23.54
2012-04-23,0.37,23.9
2012-04-24,2.78,19.1
2012-04-25,2.33,21.74
2012-04-26,0.38,23.76
2012-04-27,3.87,19.19
2012-04-28,0.0,20.56
2012-04-29,0.0,20.96
2012-04-30,0.79,19.52
2012-05-01,0.56,17.81
2012-05-02,6.94,17.91
2012-05-03,0.0,28.5
2012-05-04,1.89,19.87
2012-05-05,5.02,19.27
2012-05-06,1.69,22.28
2012-05-07,0.02,19.69
2012-05-08,0.04,18.27
2012-05-09,1.77,18.14
2012-05-10,6.23,18.46
2012-05-11,1.51,39.32
2012-05-12,0.45,27.38
2012-05-13,0.0,19.91
2012-05-14,0.37,17.81
2012-05-15,5.03,17.8
2012-05-16,2.59,18.83
2012-05-17,0.0,17.64
2012-05-18,0.21,17.58
2012-05-19,0.97,17.73
2012-05-20,0.78,17.42
2012-05-21,0.13,16.51
2012-05-22,0.03,16.66
2012-05-23,5.25,16.26
2012-05-24,0.0,22.12
2012-05-25,0.0,16.81
2012-05-26,0.0,15.73
2012-05-27,0.0,14.2
2012-05-28,0.0,14.73
2012-05-29,0.0,15.12
2012-05-30,0.0,15.36
2012-05-31,15.1,16.21
2012-06-01,0.85,23.6
2012-06-02,1.33,18.03
2012-06-03,14.2,19.73
2012-06-04,16.45,28.61
2012-06-05,0.14,38.02
2012-06-06,5.9,28.2
2012-06-07,1.9,28.96
2012-06-08,1.09,24.35
2012-06-09,0.01,22.97
2012-06-10,0.0,20.59
2012-06-11,2.7,17.53
2012-06-12,4.37,19.79
2012-06-13,0.01,21.83
2012-06-14,0.18,19.09
2012-06-15,6.41,17.69
2012-06-16,2.13,24.56
2012-06-17,0.0,23.68
2012-06-18,0.75,21.48
2012-06-19,0.39,19.4
2012-06-20,4.68,17.58
2012-06-21,2.61,18.1
2012-06-22,0.54,19.93
2012-06-23,0.02,19.0
2012-06-24,9.68,17.8
2012-06-25,1.22,22.28
2012-06-26,0.11,19.09
2012-06-27,1.98,17.66
2012-06-28,3.07,16.59
2012-06-29,6.19,17.22
2012-06-30,0.37,17.76
2012-07-01,0.59,16.86
2012-07-02,0.22,17.18
2012-07-03,0.0,15.85
2012-07-04,0.0,15.08
2012-07-05,1.17,14.92
2012-07-06,0.51,17.91
2012-07-07,5.37,15.46
2012-07-08,9.51,16.52
2012-07-09,0.2,20.55
2012-07-10,8.26,16.97
2012-07-11,6.91,25.22
2012-07-12,10.47,34.54
2012-07-13,6.15,29.57
2012-07-14,15.6,27.47
2012-07-15,4.49,40.72
2012-07-16,15.09,36.28
2012-07-17,2.76,35.56
2012-07-18,0.91,38.25
2012-07-19,4.0,26.86
2012-07-20,0.07,25.95
2012-07-21,0.0,20.81
2012-07-22,0.0,18.96
2012-07-23,0.0,18.59
2012-07-24,0.0,18.57
2012-07-25,0.0,18.24
2012-07-26,0.0,18.19
2012-07-27,14.67,17.65
2012-07-28,2.01,22.49
2012-07-29,1.94,21.42
2012-07-30,0.78,18.38
2012-07-31,0.0,18.12
2012-08-01,0.06,17.37
2012-08-02,0.57,17.2
2012-08-03,1.17,16.95
2012-08-04,2.59,17.17
2012-08-05,7.06,16.95
2012-08-06,1.16,17.74
2012-08-07,0.21,27.01
2012-08-08,0.46,32.02
2012-08-09,0.26,19.87
2012-08-10,0.01,19.84
2012-08-11,0.01,19.22
2012-08-12,0.0,18.81
2012-08-13,0.01,18.54
2012-08-14,0.23,18.3
2012-08-15,7.9,18.31
2012-08-16,0.01,19.72
2012-08-17,0.0,17.66
2012-08-18,0.0,16.22
2012-08-19,0.0,15.62
2012-08-20,0.04,15.15
2012-08-21,0.21,15.18
2012-08-22,0.0,15.3
2012-08-23,1.55,15.44
2012-08-24,4.94,15.31
2012-08-25,0.82,16.87
2012-08-26,7.82,16.79
2012-08-27,0.07,18.4
2012-08-28,0.01,15.87
2012-08-29,1.33,15.07
2012-08-30,0.13,14.78
2012-08-31,2.42,15.27
2012-09-01,0.01,16.22
2012-09-02,0.0,15.49
2012-09-03,0.0,15.58
2012-09-04,0.05,15.15
2012-09-05,0.1,14.97
2012-09-06,0.0,14.97
2012-09-07,0.0,15.08
2012-09-08,0.01,14.62
2012-09-09,0.0,14.48
2012-09-10,0.59,14.83
2012-09-11,7.51,15.24
2012-09-12,2.88,18.92
2012-09-13,0.81,17.31
2012-09-14,1.61,16.1
2012-09-15,0.01,16.92
2012-09-16,0.0,15.6
2012-09-17,0.0,15.45
2012-09-18,0.07,15.41
2012-09-19,1.98,15.34
2012-09-20,0.0,15.99
2012-09-21,0.09,15.53
2012-09-22,0.2,15.49
2012-09-23,5.69,14.97
2012-09-24,3.87,17.54
2012-09-25,3.5,19.86
2012-09-26,2.98,18.26
2012-09-27,3.51,19.38
2012-09-28,0.05,17.39
2012-09-29,1.25,15.43
2012-09-30,0.0,15.6
2012-10-01,0.01,14.82
2012-10-02,0.61,14.77
2012-10-03,15.49,15.35
2012-10-04,15.0,27.02
2012-10-05,6.96,31.94
2012-10-06,5.13,23.17
2012-10-07,0.0,22.34
2012-10-08,0.0,18.55
2012-10-09,0.0,17.35
2012-10-10,0.01,16.78
2012-10-11,0.19,16.31
2012-10-12,3.72,16.55
2012-10-13,2.99,17.76
2012-10-14,3.07,19.2
2012-10-15,0.35,16.91
2012-10-16,0.63,16.32
2012-10-17,0.52,17.49
2012-10-18,0.0,17.34
2012-10-19,0.0,15.9
2012-10-20,0.0,15.66
2012-10-21,0.0,15.47
2012-10-22,0.0,15.57
2012-10-23,0.04,15.26
2012-10-24,0.01,15.25
2012-10-25,0.1,15.62
2012-10-26,0.0,15.62
2012-10-27,0.07,15.9
2012-10-28,0.0,15.64
2012-10-29,4.77,15.24
2012-10-30,1.25,16.72
2012-10-31,0.0,17.0
2012-11-01,2.65,16.76
2012-11-02,1.16,18.4
2012-11-03,2.27,18.19
2012-11-04,2.44,20.02
2012-11-05,2.35,20.49
2012-11-06,2.82,19.48
2012-11-07,1.28,20.43
2012-11-08,0.4,18.99
2012-11-09,0.16,16.81
2012-11-10,3.06,20.04
2012-11-11,0.01,21.03
2012-11-12,0.0,19.32
2012-11-13,0.0,16.92
2012-11-14,0.0,16.88
2012-11-15,0.0,16.67
2012-11-16,0.0,17.51
2012-11-17,0.16,18.06
2012-11-18,2.74,18.33
2012-11-19,0.01,19.05
2012-11-20,0.0,18.36
2012-11-21,0.0,17.58
2012-11-22,0.0,17.07
2012-11-23,5.02,16.92
2012-11-24,0.24,19.86
2012-11-25,0.17,19.29
2012-11-26,2.94,19.17
2012-11-27,0.27,20.72
2012-11-28,0.14,19.35
2012-11-29,0.83,18.05
2012-11-30,0.2,17.03
2012-12-01,2.08,17.03
2012-12-02,2.43,19.11
2012-12-03,1.45,20.5
2012-12-04,3.82,19.77
2012-12-05,0.4,19.97
2012-12-06,0.06,18.26
2012-12-07,0.19,17.96
2012-12-08,1.14,17.37
2012-12-09,13.36,18.16
2012-12-10,2.21,27.58
2012-12-11,2.39,30.0
2012-12-12,3.58,23.9
2012-12-13,0.21,22.06
2012-12-14,5.64,20.82
2012-12-15,2.02,33.05
2012-12-16,2.59,39.06
2012-12-17,4.19,37.49
2012-12-18,5.29,38.27
2012-12-19,0.18,37.21
2012-12-20,2.54,36.88
2012-12-21,5.01,36.12
2012-12-22,15.74,40.92
2012-12-23,17.15,82.03
2012-12-24,0.94,166.8
2012-12-25,5.9,169.99
2012-12-26,6.2,150.42
2012-12-27,8.14,138.06
2012-12-28,0.34,147.13
2012-12-29,0.72,121.92
2012-12-30,1.53,103.68
2012-12-31,1.9,91.46
2013-01-01,5.0,93.98
2013-01-02,1.54,98.36
2013-01-03,2.26,67.54
2013-01-04,2.01,64.67
2013-01-05,0.47,58.95
2013-01-06,0.5,54.67
2013-01-07,0.03,54.79
2013-01-08,0.91,48.79
2013-01-09,6.42,41.82
2013-01-10,4.03,54.0
2013-01-11,0.02,61.83
2013-01-12,0.01,62.61
2013-01-13,0.85,49.81
2013-01-14,0.57,44.2
2013-01-15,4.01,41.48
2013-01-16,0.44,36.12
2013-01-17,0.35,28.45
2013-01-18,0.05,31.6
2013-01-19,0.0,32.93
2013-01-20,6.52,34.33
2013-01-21,1.69,30.05
2013-01-22,0.04,26.78
2013-01-23,0.0,23.05
2013-01-24,0.0,21.32
2013-01-25,0.0,20.47
2013-01-26,0.1,21.15
2013-01-27,1.61,22.96
2013-01-28,2.35,37.89
2013-01-29,4.23,68.81
2013-01-30,5.48,123.07
2013-01-31,2.48,120.61
2013-02-01,8.19,103.6
2013-02-02,1.41,111.79
2013-02-03,10.2,103.28
2013-02-04,3.34,125.4
2013-02-05,4.98,146.73
2013-02-06,0.8,135.98
2013-02-07,2.73,114.05
2013-02-08,0.79,101.11
2013-02-09,0.1,85.93
2013-02-10,0.0,75.53
2013-02-11,0.0,64.8
2013-02-12,0.01,54.69
2013-02-13,0.17,42.05
2013-02-14,0.63,38.56
2013-02-15,1.92,37.6
2013-02-16,1.34,38.24
2013-02-17,0.0,38.35
2013-02-18,0.84,40.26
2013-02-19,3.14,34.34
2013-02-20,0.18,35.71
2013-02-21,0.52,35.73
2013-02-22,0.21,34.53
2013-02-23,2.56,32.6
2013-02-24,1.51,30.81
2013-02-25,2.55,31.1
2013-02-26,0.0,30.48
2013-02-27,0.0,31.19
2013-02-28,0.16,33.6
2013-03-01,0.09,38.05
2013-03-02,0.23,27.91
2013-03-03,0.27,27.2
2013-03-04,0.0,29.7
2013-03-05,0.0,26.43
2013-03-06,0.0,23.15
2013-03-07,2.02,22.92
2013-03-08,5.19,24.03
2013-03-09,11.43,32.57
2013-03-10,2.07,78.78
2013-03-11,0.86,104.79
2013-03-12,0.84,69.43
2013-03-13,0.35,48.1
2013-03-14,0.4,40.32
2013-03-15,0.1,36.84
2013-03-16,0.21,29.04
2013-03-17,1.43,29.0
2013-03-18,0.0,32.36
2013-03-19,0.36,29.71
2013-03-20,7.79,27.5
2013-03-21,0.42,30.43
2013-03-22,0.0,27.74
2013-03-23,0.0,37.12
2013-03-24,0.0,37.0
2013-03-25,0.0,33.86
2013-03-26,0.0,24.19
2013-03-27,0.0,23.0
2013-03-28,0.06,22.55
2013-03-29,0.24,21.85
2013-03-30,0.33,22.12
2013-03-31,0.06,21.56
2013-04-01,0.0,20.98
2013-04-02,0.0,20.76
2013-04-03,0.0,20.3
2013-04-04,0.0,20.61
2013-04-05,0.2,20.24
2013-04-06,0.51,21.94
2013-04-07,0.0,21.66
2013-04-08,0.81,20.0
2013-04-09,1.42,19.99
2013-04-10,4.84,21.0
2013-04-11,1.44,23.27
2013-04-12,2.64,21.85
2013-04-13,1.8,22.0
2013-04-14,0.0,20.1
2013-04-15,0.47,17.83
2013-04-16,0.82,18.98
2013-04-17,0.13,20.98
2013-04-18,0.0,20.2
2013-04-19,0.09,19.61
2013-04-20,0.0,19.43
2013-04-21,0.0,19.36
2013-04-22,0.0,18.72
2013-04-23,0.01,17.53
2013-04-24,0.0,17.66
2013-04-25,0.01,17.64
2013-04-26,10.06,17.28
2013-04-27,0.21,23.09
2013-04-28,0.0,18.44
2013-04-29,0.03,17.23
2013-04-30,0.0,17.53
2013-05-01,0.0,17.04
2013-05-02,0.0,17.0
2013-05-03,0.0,16.74
2013-05-04,0.0,16.52
2013-05-05,0.0,16.61
2013-05-06,0.0,16.56
2013-05-07,1.07,16.42
2013-05-08,1.65,17.0
2013-05-09,0.89,18.66
2013-05-10,0.24,17.41
2013-05-11,2.57,16.77
2013-05-12,3.79,18.29
2013-05-13,1.54,19.24
2013-05-14,0.49,17.22
2013-05-15,0.25,17.0
2013-05-16,4.7,16.89
2013-05-17,7.71,18.9
2013-05-18,0.45,16.99
2013-05-19,3.61,16.91
2013-05-20,0.96,17.16
2013-05-21,15.96,17.84
2013-05-22,0.57,21.32
2013-05-23,5.14,20.68
2013-05-24,0.17,20.19
2013-05-25,11.25,17.23
2013-05-26,16.61,20.13
2013-05-27,0.22,23.0
2013-05-28,0.79,40.02
2013-05-29,2.84,50.98
2013-05-30,1.06,51.97
2013-05-31,2.75,35.6
2013-06-01,0.21,27.6
2013-06-02,0.0,26.08
2013-06-03,0.0,22.22
2013-06-04,0.0,18.34
2013-06-05,0.0,16.87
2013-06-06,0.0,16.58
2013-06-07,0.0,16.44
2013-06-08,0.81,16.3
2013-06-09,0.86,16.39
2013-06-10,0.0,16.35
2013-06-11,0.0,16.41
2013-06-12,0.01,16.15
2013-06-13,14.57,16.16
2013-06-14,0.0,20.92
2013-06-15,1.15,17.31
2013-06-16,0.0,16.2
2013-06-17,0.07,16.15
2013-06-18,2.38,16.13
2013-06-19,0.46,19.36
2013-06-20,31.24,22.93
2013-06-21,0.85,33.1
2013-06-22,1.27,23.06
2013-06-23,3.73,19.16
2013-06-24,2.42,19.69
2013-06-25,0.75,20.34
2013-06-26,3.23,18.77
2013-06-27,2.9,19.12
2013-06-28,11.65,23.03
2013-06-29,1.31,30.63
2013-06-30,0.01,24.4
2013-07-01,0.71,20.56
2013-07-02,0.43,24.21
2013-07-03,2.73,25.48
2013-07-04,0.04,24.27
2013-07-05,0.0,21.8
2013-07-06,0.0,17.65
2013-07-07,0.0,16.3
2013-07-08,0.0,24.9
2013-07-09,0.0,36.79
2013-07-10,0.0,23.46
2013-07-11,0.05,20.66
2013-07-12,0.0,15.78
2013-07-13,0.0,15.66
2013-07-14,0.0,15.48
2013-07-15,0.0,15.44
2013-07-16,0.0,15.43
2013-07-17,0.0,14.98
2013-07-18,0.0,15.21
2013-07-19,0.0,14.97
2013-07-20,0.01,14.15
2013-07-21,0.0,14.72
2013-07-22,0.01,14.46
2013-07-23,1.42,14.24
2013-07-24,5.73,14.21
2013-07-25,4.09,20.05
2013-07-26,0.51,16.72
2013-07-27,3.69,16.84
2013-07-28,1.26,19.76
2013-07-29,4.05,15.48
2013-07-30,3.12,15.41
2013-07-31,0.4,16.6
2013-08-01,0.0,16.02
2013-08-02,0.18,15.38
2013-08-03,0.46,14.7
2013-08-04,0.0,14.49
2013-08-05,1.73,14.48
2013-08-06,0.2,14.9
2013-08-07,3.88,14.92
2013-08-08,0.22,15.49
2013-08-09,0.03,14.86
2013-08-10,0.03,14.2
2013-08-11,3.0,13.7
2013-08-12,1.55,14.08
2013-08-13,3.99,14.77
2013-08-14,0.01,15.67
2013-08-15,0.18,14.04
2013-08-16,0.43,13.54
2013-08-17,0.23,13.28
2013-08-18,10.14,13.71
2013-08-19,8.15,16.76
2013-08-20,0.0,16.44
2013-08-21,0.0,15.77
2013-08-22,0.7,14.15
2013-08-23,0.0,13.65
2013-08-24,3.96,13.95
2013-08-25,0.4,15.84
2013-08-26,0.0,14.85
2013-08-27,0.0,13.44
2013-08-28,0.0,12.79
2013-08-29,0.0,12.54
2013-08-30,0.0,12.43
2013-08-31,3.44,12.65
2013-09-01,0.06,14.15
2013-09-02,0.01,13.86
2013-09-03,0.04,13.55
2013-09-04,0.0,12.58
2013-09-05,0.0,12.51
2013-09-06,0.4,12.54
2013-09-07,14.38,12.56
2013-09-08,5.77,25.31
2013-09-09,5.85,22.75
2013-09-10,28.59,19.7
2013-09-11,8.92,39.0
2013-09-12,1.94,29.19
2013-09-13,0.85,20.13
2013-09-14,2.78,18.73
2013-09-15,5.58,18.81
2013-09-16,1.97,20.54
2013-09-17,2.8,24.93
2013-09-18,1.71,20.55
2013-09-19,0.97,19.08
2013-09-20,1.67,18.27
2013-09-21,0.01,16.96
2013-09-22,0.0,16.29
2013-09-23,0.01,16.19
2013-09-24,0.0,15.87
2013-09-25,0.03,15.55
2013-09-26,0.03,15.38
2013-09-27,0.0,15.1
2013-09-28,0.0,14.89
2013-09-29,0.0,14.8
2013-09-30,0.0,14.87
2013-10-01,0.0,14.45
2013-10-02,0.0,13.86
2013-10-03,0.5,13.06
2013-10-04,1.66,14.35
2013-10-05,3.74,13.55
2013-10-06,0.05,13.9
2013-10-07,0.0,14.53
2013-10-08,0.04,13.97
2013-10-09,11.73,14.09
2013-10-10,1.08,19.73
2013-10-11,11.96,18.27
2013-10-12,3.36,24.8
2013-10-13,0.1,22.59
2013-10-14,4.34,18.49
2013-10-15,2.36,19.03
2013-10-16,0.64,17.74
2013-10-17,0.51,16.45
2013-10-18,0.16,16.3
2013-10-19,0.03,15.92
2013-10-20,0.65,15.29
2013-10-21,0.01,15.94
2013-10-22,3.11,15.24
2013-10-23,2.29,16.36
2013-10-24,0.01,18.98
2013-10-25,4.71,15.36
2013-10-26,1.1,19.79
2013-10-27,6.31,18.36
2013-10-28,2.28,20.96
2013-10-29,1.54,24.98
2013-10-30,0.0,19.28
2013-10-31,0.11,18.81
2013-11-01,6.3,18.38
2013-11-02,5.53,20.53
2013-11-03,3.16,23.78
2013-11-04,8.38,27.71
2013-11-05,6.92,40.32
2013-11-06,5.34,38.55
2013-11-07,17.22,40.45
2013-11-08,2.48,71.24
2013-11-09,1.56,71.93
2013-11-10,2.58,52.03
2013-11-11,0.01,43.95
2013-11-12,1.0,33.9
2013-11-13,0.0,29.25
2013-11-14,0.18,25.86
2013-11-15,0.0,24.38
2013-11-16,0.02,23.18
2013-11-17,0.0,22.03
2013-11-18,0.01,21.98
2013-11-19,1.7,21.98
2013-11-20,0.02,21.76
2013-11-21,1.32,21.48
2013-11-22,1.04,20.65
2013-11-23,0.28,20.05
2013-11-24,0.89,20.17
2013-11-25,1.61,20.28
2013-11-26,0.13,19.25
2013-11-27,1.42,19.91
2013-11-28,0.51,21.54
2013-11-29,3.94,20.23
2013-11-30,0.94,22.14
2013-12-01,0.37,21.78
2013-12-02,0.0,20.18
2013-12-03,0.0,18.89
2013-12-04,1.66,20.44
2013-12-05,7.99,22.01
2013-12-06,1.21,29.05
2013-12-07,2.1,32.04
2013-12-08,0.37,28.23
2013-12-09,0.53,26.5
2013-12-10,0.0,25.05
2013-12-11,0.0,21.61
2013-12-12,0.0,21.51
2013-12-13,0.01,21.24
2013-12-14,1.22,19.95
2013-12-15,0.61,20.18
2013-12-16,0.01,20.2
2013-12-17,0.05,20.71
2013-12-18,1.56,21.19
2013-12-19,1.45,20.86
2013-12-20,0.2,23.17
2013-12-21,0.82,21.09
2013-12-22,6.49,21.42
2013-12-23,0.0,28.38
2013-12-24,8.67,27.34
2013-12-25,0.63,53.39
2013-12-26,0.45,65.21
2013-12-27,2.08,37.68
2013-12-28,7.82,39.74
2013-12-29,0.81,49.42
2013-12-30,0.02,39.07
2013-12-31,0.12,36.68
2014-01-01,0.09,30.24
2014-01-02,0.86,29.01
2014-01-03,4.13,26.18
2014-01-04,2.09,30.32
2014-01-05,0.58,29.54
2014-01-06,4.89,27.92
2014-01-07,1.65,30.03
2014-01-08,1.63,32.23
2014-01-09,3.75,30.39
2014-01-10,0.0,38.48
2014-01-11,2.43,33.26
2014-01-12,0.02,29.92
2014-01-13,0.01,28.27
2014-01-14,0.03,26.33
2014-01-15,1.91,22.28
2014-01-16,0.84,28.26
2014-01-17,0.13,27.38
2014-01-18,0.0,23.4
2014-01-19,0.0,23.22
2014-01-20,0.27,22.84
2014-01-21,1.1,22.4
2014-01-22,0.05,21.2
2014-01-23,2.62,21.72
2014-01-24,0.44,23.34
2014-01-25,7.59,21.93
2014-01-26,6.87,31.38
2014-01-27,0.25,53.15
2014-01-28,0.0,49.25
2014-01-29,0.0,36.34
2014-01-30,0.0,28.37
2014-01-31,0.0,24.26
2014-02-01,1.87,25.37
2014-02-02,0.0,28.78
2014-02-03,0.0,24.27
2014-02-04,0.0,23.81
2014-02-05,0.04,23.92
2014-02-06,3.2,23.44
2014-02-07,2.09,25.38
2014-02-08,0.72,31.5
2014-02-09,0.0,32.58
2014-02-10,1.17,26.27
2014-02-11,2.74,25.56
2014-02-12,0.2,26.63
2014-02-13,6.23,30.08
2014-02-14,1.97,38.03
2014-02-15,2.57,37.64
2014-02-16,0.6,34.16
2014-02-17,0.04,26.88
2014-02-18,0.68,26.26
2014-02-19,0.69,26.14
2014-02-20,1.46,25.92
2014-02-21,1.99,26.61
2014-02-22,0.23,26.92
2014-02-23,0.0,25.21
2014-02-24,0.0,23.25
2014-02-25,0.19,23.18
2014-02-26,0.32,22.95
2014-02-27,1.48,21.81
2014-02-28,0.56,24.59
2014-03-01,0.74,22.2
2014-03-02,0.0,21.84
2014-03-03,0.06,21.85
2014-03-04,0.04,21.75
2014-03-05,0.12,21.34
2014-03-06,0.0,21.06
2014-03-07,0.0,20.01
2014-03-08,0.0,18.03
2014-03-09,0.0,18.04
2014-03-10,0.0,17.61
2014-03-11,0.0,17.65
2014-03-12,0.0,17.51
2014-03-13,0.0,19.6
2014-03-14,0.73,20.32
2014-03-15,1.73,20.18
2014-03-16,0.32,19.76
2014-03-17,0.0,19.5
2014-03-18,3.67,18.44
2014-03-19,0.0,20.73
2014-03-20,0.0,21.24
2014-03-21,0.89,19.6
2014-03-22,3.21,19.73
2014-03-23,0.63,20.6
2014-03-24,0.37,19.69
2014-03-25,0.08,19.79
2014-03-26,0.33,17.72
2014-03-27,0.0,17.5
2014-03-28,0.0,17.43
2014-03-29,0.0,17.43
2014-03-30,0.0,16.96
2014-03-31,0.0,17.06
2014-04-01,0.31,16.8
2014-04-02,0.0,16.89
2014-04-03,0.0,16.83
2014-04-04,0.37,16.69
2014-04-05,0.56,16.7
2014-04-06,0.17,16.9
2014-04-07,1.28,16.56
2014-04-08,2.22,16.95
2014-04-09,0.71,17.6
2014-04-10,0.04,16.96
2014-04-11,0.24,16.79
2014-04-12,0.0,16.83
2014-04-13,0.65,16.81
2014-04-14,5.17,16.55
2014-04-15,0.0,17.25
2014-04-16,0.0,16.89
2014-04-17,2.56,16.59
2014-04-18,1.42,16.97
2014-04-19,0.0,16.76
2014-04-20,0.02,16.6
2014-04-21,4.55,16.45
2014-04-22,1.08,17.79
2014-04-23,2.86,16.76
2014-04-24,0.64,17.18
2014-04-25,0.12,16.87
2014-04-26,8.17,16.73
2014-04-27,7.31,19.6
2014-04-28,0.73,21.42
2014-04-29,4.54,19.69
2014-04-30,3.76,20.22
2014-05-01,0.13,23.5
2014-05-02,0.44,20.33
2014-05-03,0.0,19.57
2014-05-04,0.0,19.17
2014-05-05,0.0,18.9
2014-05-06,11.09,18.76
2014-05-07,2.63,21.08
2014-05-08,9.79,20.36
2014-05-09,10.31,24.63
2014-05-10,5.45,30.99
2014-05-11,2.99,28.29
2014-05-12,3.7,25.34
2014-05-13,3.15,24.71
2014-05-14,2.14,23.19
2014-05-15,0.2,19.94
2014-05-16,0.0,18.54
2014-05-17,0.0,17.94
2014-05-18,0.03,18.16
2014-05-19,0.0,17.87
2014-05-20,0.0,17.93
2014-05-21,0.0,17.65
2014-05-22,5.63,17.56
2014-05-23,4.29,19.3
2014-05-24,1.61,19.97
2014-05-25,0.0,17.25
2014-05-26,8.43,16.72
2014-05-27,16.14,20.62
2014-05-28,11.18,31.64
2014-05-29,0.5,41.43
2014-05-30,0.0,30.03
2014-05-31,0.0,22.87
2014-06-01,0.0,20.29
2014-06-02,0.0,18.11
2014-06-03,0.08,19.14
2014-06-04,6.51,18.26
2014-06-05,1.52,21.95
2014-06-06,0.0,19.84
2014-06-07,0.0,17.23
2014-06-08,3.2,16.75
2014-06-09,13.19,17.67
2014-06-10,8.63,50.77
2014-06-11,2.33,38.14
2014-06-12,0.0,32.66
2014-06-13,0.0,19.4
2014-06-14,1.13,18.04
2014-06-15,0.0,17.34
2014-06-16,0.17,16.79
2014-06-17,0.0,16.88
2014-06-18,0.0,17.52
2014-06-19,2.05,16.99
2014-06-20,0.33,16.23
2014-06-21,0.21,16.13
2014-06-22,0.05,15.98
2014-06-23,0.0,15.6
2014-06-24,3.96,15.34
2014-06-25,0.47,16.49
2014-06-26,0.13,15.75
2014-06-27,2.2,15.16
2014-06-28,9.71,15.66
2014-06-29,2.19,18.7
2014-06-30,4.13,19.59
2014-07-01,0.0,18.74
2014-07-02,0.0,16.37
2014-07-03,0.0,15.33
2014-07-04,0.05,14.32
2014-07-05,2.47,14.08
2014-07-06,3.83,15.0
2014-07-07,9.28,15.7
2014-07-08,23.6,16.41
2014-07-09,19.14,44.71
2014-07-10,3.53,75.38
2014-07-11,3.34,48.4
2014-07-12,1.49,38.87
2014-07-13,5.06,28.24
2014-07-14,1.43,23.08
2014-07-15,0.01,21.5
2014-07-16,0.0,20.83
2014-07-17,0.0,20.0
2014-07-18,0.0,17.98
2014-07-19,0.0,17.4
2014-07-20,26.76,18.22
2014-07-21,6.44,34.71
2014-07-22,0.0,44.51
2014-07-23,0.03,33.87
2014-07-24,1.31,23.11
2014-07-25,0.64,21.0
2014-07-26,0.11,20.59
2014-07-27,0.01,19.81
2014-07-28,11.06,19.24
2014-07-29,12.1,82.34
2014-07-30,1.24,102.22
2014-07-31,0.0,64.88
2014-08-01,0.0,31.58
2014-08-02,2.41,25.65
2014-08-03,5.24,26.61
2014-08-04,6.76,32.53
2014-08-05,0.02,30.24
2014-08-06,1.47,23.75
2014-08-07,0.05,20.26
2014-08-08,3.19,22.78
2014-08-09,0.98,25.33
2014-08-10,1.72,25.28
2014-08-11,0.43,19.39
2014-08-12,4.85,19.31
2014-08-13,1.89,20.77
2014-08-14,3.27,19.22
2014-08-15,2.86,22.04
2014-08-16,0.64,21.84
2014-08-17,1.4,19.14
2014-08-18,3.48,18.59
2014-08-19,5.46,23.02
2014-08-20,1.84,27.76
2014-08-21,0.02,21.34
2014-08-22,2.81,20.27
2014-08-23,3.9,20.87
2014-08-24,0.82,21.19
2014-08-25,15.44,20.26
2014-08-26,3.14,32.88
2014-08-27,0.0,35.76
2014-08-28,1.68,24.61
2014-08-29,0.62,23.24
2014-08-30,2.64,22.03
2014-08-31,4.48,22.04
2014-09-01,0.64,23.45
2014-09-02,0.39,21.25
2014-09-03,0.01,20.35
2014-09-04,0.0,18.5
2014-09-05,0.25,19.0
2014-09-06,2.17,18.3
2014-09-07,1.25,17.97
2014-09-08,0.0,18.6
2014-09-09,0.02,17.3
2014-09-10,0.39,16.3
2014-09-11,0.03,16.06
2014-09-12,0.01,15.67
2014-09-13,0.12,15.58
2014-09-14,0.03,15.22
2014-09-15,0.02,15.14
2014-09-16,0.0,15.06
2014-09-17,0.0,14.54
2014-09-18,28.45,14.9
2014-09-19,5.77,76.4
2014-09-20,3.35,87.86
2014-09-21,8.69,53.63
2014-09-22,4.0,44.21
2014-09-23,0.0,39.08
2014-09-24,0.95,27.14
2014-09-25,0.18,23.29
2014-09-26,0.8,21.85
2014-09-27,0.03,20.92
2014-09-28,0.0,20.26
2014-09-29,3.13,19.93
2014-09-30,0.04,20.35
2014-10-01,0.05,20.41
2014-10-02,0.0,19.64
2014-10-03,0.0,19.01
2014-10-04,0.0,18.88
2014-10-05,0.03,18.63
2014-10-06,4.34,18.73
2014-10-07,9.51,24.53
2014-10-08,13.82,38.95
2014-10-09,1.65,39.43
2014-10-10,0.01,37.95
2014-10-11,1.57,29.08
2014-10-12,2.38,28.38
2014-10-13,0.41,26.07
2014-10-14,0.0,23.56
2014-10-15,2.01,22.38
2014-10-16,3.38,23.15
2014-10-17,0.52,26.73
2014-10-18,0.0,24.62
2014-10-19,5.62,21.98
2014-10-20,0.22,24.18
2014-10-21,13.82,23.71
2014-10-22,1.49,46.97
2014-10-23,0.09,39.07
2014-10-24,0.28,30.24
2014-10-25,0.49,28.5
2014-10-26,0.01,25.32
2014-10-27,0.0,22.94
2014-10-28,0.0,22.57
2014-10-29,3.65,22.99
2014-10-30,0.17,22.58
2014-10-31,0.0,22.05
2014-11-01,0.0,22.17
2014-11-02,2.12,21.1
2014-11-03,4.29,22.66
2014-11-04,7.54,34.61
2014-11-05,0.16,42.19
2014-11-06,0.46,34.28
2014-11-07,0.23,30.71
2014-11-08,0.0,25.86
2014-11-09,0.74,23.74
2014-11-10,0.02,24.84
2014-11-11,0.34,22.31
2014-11-12,0.07,22.87
2014-11-13,0.01,22.62
2014-11-14,0.05,20.75
2014-11-15,11.52,22.32
2014-11-16,12.07,51.11
2014-11-17,0.15,111.97
2014-11-18,0.29,70.14
2014-11-19,0.02,35.98
2014-11-20,0.0,33.36
2014-11-21,0.0,28.83
2014-11-22,0.0,25.86
2014-11-23,3.22,26.2
2014-11-24,0.4,26.6
2014-11-25,0.02,26.25
2014-11-26,0.4,24.96
2014-11-27,0.57,23.75
2014-11-28,0.0,24.46
2014-11-29,0.0,21.84
2014-11-30,0.0,21.87
2014-12-01,0.0,22.15
2014-12-02,0.02,22.28
2014-12-03,0.05,20.72
2014-12-04,0.0,20.79
2014-12-05,0.0,20.57
2014-12-06,0.08,20.59
2014-12-07,3.08,21.04
2014-12-08,1.55,22.38
2014-12-09,0.45,22.89
2014-12-10,2.44,21.23
2014-12-11,6.31,23.87
2014-12-12,12.76,34.18
2014-12-13,0.02,70.88
2014-12-14,0.0,69.98
2014-12-15,2.46,43.38
2014-12-16,1.1,37.68
2014-12-17,4.1,37.31
2014-12-18,2.98,36.5
2014-12-19,10.62,48.8
2014-12-20,4.68,112.38
2014-12-21,0.89,103.23
2014-12-22,1.89,81.57
2014-12-23,0.2,68.6
2014-12-24,5.03,57.77
2014-12-25,2.04,62.97
2014-12-26,0.23,64.74
2014-12-27,0.9,48.76
2014-12-28,1.74,44.95
2014-12-29,1.61,37.49
2014-12-30,0.98,34.41
2014-12-31,1.34,36.41
2015-01-01,1.38,42.83
2015-01-02,1.41,43.59
2015-01-03,1.92,39.87
2015-01-04,0.2,40.37
2015-01-05,0.01,36.12
2015-01-06,1.76,35.0
2015-01-07,0.73,32.15
2015-01-08,17.69,37.31
2015-01-09,8.67,112.87
2015-01-10,5.18,141.02
2015-01-11,1.99,151.75
2015-01-12,1.08,114.62
2015-01-13,6.52,95.04
2015-01-14,1.87,99.03
2015-01-15,3.78,115.02
2015-01-16,0.03,109.09
2015-01-17,0.04,84.08
2015-01-18,0.09,63.95
2015-01-19,0.0,46.2
2015-01-20,0.01,44.07
2015-01-21,0.01,38.66
2015-01-22,0.0,37.75
2015-01-23,0.0,33.63
2015-01-24,4.71,30.26
2015-01-25,1.81,36.43
2015-01-26,6.41,40.01
2015-01-27,1.66,65.8
2015-01-28,4.17,63.78
2015-01-29,4.3,71.9
2015-01-30,7.1,75.58
2015-01-31,0.26,85.99
2015-02-01,1.11,98.35
2015-02-02,2.44,87.54
2015-02-03,0.79,71.99
2015-02-04,0.01,67.94
2015-02-05,0.02,50.0
2015-02-06,0.0,41.19
2015-02-07,1.1,39.55
2015-02-08,0.92,37.05
2015-02-09,2.58,37.6
2015-02-10,0.22,35.13
2015-02-11,0.0,39.67
2015-02-12,0.01,39.19
2015-02-13,0.01,37.11
2015-02-14,0.0,37.2
2015-02-15,0.0,38.14
2015-02-16,0.0,34.84
2015-02-17,0.2,27.64
2015-02-18,0.0,25.04
2015-02-19,0.01,24.68
2015-02-20,3.48,25.03
2015-02-21,1.58,33.33
2015-02-22,2.63,37.67
2015-02-23,4.03,37.01
2015-02-24,1.53,42.46
2015-02-25,0.14,39.33
2015-02-26,6.65,37.08
2015-02-27,3.34,49.32
2015-02-28,1.07,51.16
2015-03-01,4.17,50.85
2015-03-02,3.65,52.72
2015-03-03,3.71,51.21
2015-03-04,1.3,53.11
2015-03-05,0.0,46.81
2015-03-06,0.0,42.32
2015-03-07,0.0,39.1
2015-03-08,0.04,37.76
2015-03-09,0.49,35.5
2015-03-10,1.07,29.67
2015-03-11,0.0,27.84
2015-03-12,0.03,26.2
2015-03-13,0.0,27.42
2015-03-14,0.65,25.37
2015-03-15,0.07,24.77
2015-03-16,0.0,24.46
2015-03-17,0.0,24.12
2015-03-18,0.0,23.62
2015-03-19,0.0,23.42
2015-03-20,1.45,23.15
2015-03-21,4.0,24.4
2015-03-22,0.0,27.75
2015-03-23,0.0,22.97
2015-03-24,0.21,23.47
2015-03-25,0.02,23.68
2015-03-26,1.47,23.22
2015-03-27,1.12,23.13
2015-03-28,2.0,22.85
2015-03-29,13.85,26.61
2015-03-30,16.78,58.07
2015-03-31,9.61,95.06
2015-04-01,16.45,149.43
2015-04-02,3.19,149.3
2015-04-03,0.03,159.78
2015-04-04,0.0,125.34
2015-04-05,0.01,103.42
2015-04-06,0.16,87.64
2015-04-07,0.0,70.31
2015-04-08,0.0,52.66
2015-04-09,0.0,41.52
2015-04-10,0.0,39.81
2015-04-11,1.48,38.5
2015-04-12,0.43,37.4
2015-04-13,0.0,30.58
2015-04-14,0.0,26.2
2015-04-15,0.0,28.34
2015-04-16,0.0,23.42
2015-04-17,0.0,24.22
2015-04-18,0.0,23.25
2015-04-19,0.0,22.11
2015-04-20,0.0,22.81
2015-04-21,0.0,22.36
2015-04-22,0.0,22.14
2015-04-23,0.0,22.05
2015-04-24,0.1,21.21
2015-04-25,2.58,21.47
2015-04-26,10.38,22.28
2015-04-27,1.05,28.0
2015-04-28,0.8,23.03
2015-04-29,0.55,20.57
2015-04-30,3.7,19.98
2015-05-01,0.0,21.71
2015-05-02,0.0,19.81
2015-05-03,6.44,19.5
2015-05-04,2.25,22.13
2015-05-05,1.94,21.46
2015-05-06,1.22,20.32
2015-05-07,0.31,19.65
2015-05-08,0.09,19.34
2015-05-09,0.61,21.26
2015-05-10,0.0,19.44
2015-05-11,0.0,18.39
2015-05-12,0.07,18.01
2015-05-13,0.02,18.14
2015-05-14,0.0,17.44
2015-05-15,0.0,17.6
2015-05-16,0.76,17.58
2015-05-17,0.02,17.92
2015-05-18,0.81,17.96
2015-05-19,0.44,18.22
2015-05-20,1.08,18.1
2015-05-21,0.0,17.53
2015-05-22,0.0,17.22
2015-05-23,0.08,17.17
2015-05-24,0.47,17.07
2015-05-25,1.38,17.01
2015-05-26,0.24,17.55
2015-05-27,0.0,17.05
2015-05-28,2.09,16.97
2015-05-29,3.27,17.3
2015-05-30,2.3,18.88
2015-05-31,3.76,19.01
2015-06-01,0.01,19.45
2015-06-02,0.92,17.84
2015-06-03,0.13,16.92
2015-06-04,0.0,16.51
2015-06-05,2.3,15.99
2015-06-06,0.0,16.01
2015-06-07,0.0,15.8
2015-06-08,0.0,15.18
2015-06-09,0.0,14.63
2015-06-10,0.0,14.43
2015-06-11,0.0,14.38
2015-06-12,0.0,14.29
2015-06-13,1.13,14.49
2015-06-14,0.0,15.16
2015-06-15,0.0,14.43
2015-06-16,0.0,14.03
2015-06-17,6.35,14.52
2015-06-18,0.48,16.45
2015-06-19,4.21,16.92
2015-06-20,0.16,16.41
2015-06-21,4.82,15.93
2015-06-22,13.47,18.2
2015-06-23,2.29,23.45
2015-06-24,0.02,19.48
2015-06-25,0.0,17.36
2015-06-26,3.18,16.01
2015-06-27,1.26,15.86
2015-06-28,0.33,15.97
2015-06-29,0.0,14.94
2015-06-30,0.0,14.23
2015-07-01,0.0,14.17
2015-07-02,1.69,13.77
2015-07-03,0.0,13.74
2015-07-04,0.44,13.41
2015-07-05,14.68,17.91
2015-07-06,0.0,24.88
2015-07-07,2.17,18.7
2015-07-08,13.39,18.29
2015-07-09,1.1,24.46
2015-07-10,0.0,22.09
2015-07-11,0.0,18.41
2015-07-12,2.37,16.82
2015-07-13,10.6,17.73
2015-07-14,2.39,20.74
2015-07-15,1.48,20.77
2015-07-16,0.95,18.76
2015-07-17,1.17,17.59
2015-07-18,8.37,17.41
2015-07-19,6.62,17.65
2015-07-20,1.06,20.88
2015-07-21,0.78,17.8
2015-07-22,0.0,17.01
2015-07-23,0.0,16.24
2015-07-24,7.78,15.84
2015-07-25,7.9,18.54
2015-07-26,2.22,21.95
2015-07-27,2.8,19.32
2015-07-28,0.14,17.96
2015-07-29,4.78,16.82
2015-07-30,0.75,19.35
2015-07-31,0.0,16.83
2015-08-01,0.0,16.1
2015-08-02,0.0,15.81
2015-08-03,0.02,15.31
2015-08-04,5.39,15.49
2015-08-05,0.0,17.4
2015-08-06,1.73,15.78
2015-08-07,8.67,17.1
2015-08-08,0.08,18.89
2015-08-09,0.02,17.58
2015-08-10,12.81,16.64
2015-08-11,0.05,25.3
2015-08-12,0.0,21.0
2015-08-13,2.15,17.94
2015-08-14,2.04,17.43
2015-08-15,4.45,17.85
2015-08-16,37.31,21.1
2015-08-17,25.19,40.81
2015-08-18,0.03,99.17
2015-08-19,0.0,63.95
2015-08-20,0.0,22.0
2015-08-21,0.0,20.29
2015-08-22,0.0,19.34
2015-08-23,2.27,18.55
2015-08-24,2.18,19.0
2015-08-25,1.31,19.29
2015-08-26,0.14,18.44
2015-08-27,18.86,17.34
2015-08-28,0.0,26.1
2015-08-29,0.36,22.2
2015-08-30,0.2,18.94
2015-08-31,0.05,20.74
2015-09-01,11.94,19.4
2015-09-02,1.23,20.89
2015-09-03,0.47,20.41
2015-09-04,2.98,18.68
2015-09-05,5.43,21.59
2015-09-06,5.77,23.19
2015-09-07,2.33,21.13
2015-09-08,0.55,21.49
2015-09-09,0.0,20.55
2015-09-10,0.01,18.78
2015-09-11,0.0,18.15
2015-09-12,9.26,18.05
2015-09-13,2.75,32.79
2015-09-14,2.2,26.39
2015-09-15,3.18,23.19
2015-09-16,7.77,23.02
2015-09-17,2.41,35.21
2015-09-18,0.3,28.41
2015-09-19,3.15,23.92
2015-09-20,1.9,22.82
2015-09-21,0.34,21.95
2015-09-22,6.76,21.26
2015-09-23,1.32,26.26
2015-09-24,0.35,25.32
2015-09-25,0.04,22.29
2015-09-26,0.0,21.76
2015-09-27,0.0,18.99
2015-09-28,0.0,20.16
2015-09-29,0.0,17.26
2015-09-30,0.0,18.11
2015-10-01,0.0,17.72
2015-10-02,0.0,18.49
2015-10-03,0.0,18.58
2015-10-04,0.01,16.98
2015-10-05,4.69,18.74
2015-10-06,2.09,20.25
2015-10-07,0.85,19.86
2015-10-08,6.56,17.88
2015-10-09,2.81,20.19
2015-10-10,0.0,19.98
2015-10-11,0.0,18.37
2015-10-12,0.0,17.33
2015-10-13,1.85,16.43
2015-10-14,6.43,17.57
2015-10-15,8.4,23.53
2015-10-16,3.88,26.54
2015-10-17,2.55,39.28
2015-10-18,0.08,28.88
2015-10-19,0.27,24.23
2015-10-20,0.42,23.56
2015-10-21,0.49,22.31
2015-10-22,1.26,22.42
2015-10-23,0.01,22.09
2015-10-24,0.1,20.83
2015-10-25,0.73,21.58
2015-10-26,0.01,20.21
2015-10-27,0.0,20.13
2015-10-28,0.06,19.6
2015-10-29,0.01,19.07
2015-10-30,0.0,18.77
2015-10-31,0.0,18.27
2015-11-01,0.0,17.05
2015-11-02,0.0,17.39
2015-11-03,0.0,17.16
2015-11-04,0.46,16.99
2015-11-05,0.59,16.75
2015-11-06,3.81,17.03
2015-11-07,0.92,21.33
2015-11-08,4.59,22.16
2015-11-09,0.11,22.08
2015-11-10,1.06,21.01
2015-11-11,0.12,21.45
2015-11-12,0.0,18.98
2015-11-13,3.07,20.73
2015-11-14,13.92,20.99
2015-11-15,12.13,30.54
2015-11-16,6.19,75.29
2015-11-17,5.93,64.84
2015-11-18,2.5,74.35
2015-11-19,10.29,47.68
2015-11-20,1.26,53.88
2015-11-21,1.6,55.32
2015-11-22,2.12,48.6
2015-11-23,0.05,37.36
2015-11-24,4.1,30.31
2015-11-25,2.59,33.75
2015-11-26,0.06,29.47
2015-11-27,0.96,27.71
2015-11-28,4.51,26.48
2015-11-29,12.66,34.99
2015-11-30,21.96,67.47
2015-12-01,1.86,156.0
2015-12-02,0.0,160.1
2015-12-03,1.33,105.54
2015-12-04,2.6,85.78
2015-12-05,0.0,78.99
2015-12-06,1.73,61.23
2015-12-07,0.13,49.61
2015-12-08,2.79,40.32
2015-12-09,0.0,39.59
2015-12-10,1.55,37.45
2015-12-11,6.1,38.42
2015-12-12,3.17,47.27
2015-12-13,0.58,54.22
2015-12-14,0.04,53.24
2015-12-15,0.27,42.31
2015-12-16,3.9,39.13
2015-12-17,0.24,40.28
2015-12-18,0.01,40.67
2015-12-19,0.0,39.0
2015-12-20,2.75,36.14
2015-12-21,1.65,36.59
2015-12-22,0.65,37.84
2015-12-23,0.58,37.07
2015-12-24,2.51,36.48
2015-12-25,0.86,40.8
2015-12-26,0.0,37.72
2015-12-27,0.02,33.89
2015-12-28,0.0,30.64
2015-12-29,0.0,26.63
2015-12-30,0.02,24.99
2015-12-31,1.46,24.82
2016-01-01,0.16,31.08
2016-01-02,3.45,25.03
2016-01-03,4.47,30.83
2016-01-04,8.11,45.62
2016-01-05,0.38,73.47
2016-01-06,0.74,55.46
2016-01-07,5.01,41.94
2016-01-08,0.0,54.02
2016-01-09,0.51,42.62
2016-01-10,3.11,40.58
2016-01-11,3.76,39.91
2016-01-12,4.78,46.19
2016-01-13,2.31,49.8
2016-01-14,3.7,52.63
2016-01-15,1.07,56.99
2016-01-16,2.38,60.28
2016-01-17,0.39,51.92
2016-01-18,0.01,41.26
2016-01-19,0.19,36.82
2016-01-20,1.0,31.35
2016-01-21,0.0,28.37
2016-01-22,5.1,27.07
2016-01-23,0.27,30.13
2016-01-24,2.33,32.01
2016-01-25,0.01,39.17
2016-01-26,0.92,40.03
2016-01-27,7.24,39.72
2016-01-28,0.05,54.69
2016-01-29,2.1,59.42
2016-01-30,15.72,68.72
2016-01-31,9.55,158.57
2016-02-01,1.57,155.77
2016-02-02,9.55,139.16
2016-02-03,0.63,140.84
2016-02-04,4.72,133.3
2016-02-05,1.96,123.41
2016-02-06,0.02,113.23
2016-02-07,1.38,97.36
2016-02-08,7.88,91.63
2016-02-09,11.93,102.96
2016-02-10,4.93,163.48
2016-02-11,0.39,175.82
2016-02-12,0.03,125.84
2016-02-13,3.02,105.15
2016-02-14,3.17,98.93
2016-02-15,1.68,99.35
2016-02-16,0.0,89.36
2016-02-17,0.03,69.84
2016-02-18,0.11,62.5
2016-02-19,0.18,55.33
2016-02-20,11.93,47.54
2016-02-21,5.13,89.97
2016-02-22,13.7,140.12
2016-02-23,2.22,178.36
2016-02-24,0.32,159.47
2016-02-25,0.53,136.81
2016-02-26,0.03,108.86
2016-02-27,0.0,98.1
2016-02-28,0.0,88.63
2016-02-29,0.0,70.97
2016-03-01,2.35,61.35
2016-03-02,3.6,62.57
2016-03-03,0.41,65.27
2016-03-04,4.82,58.47
2016-03-05,1.64,82.1
2016-03-06,0.72,73.29
2016-03-07,1.04,62.55
2016-03-08,0.05,45.1
2016-03-09,0.0,45.06
2016-03-10,0.0,39.53
2016-03-11,0.0,38.22
2016-03-12,0.0,38.13
2016-03-13,0.0,34.36
2016-03-14,0.0,34.53
2016-03-15,0.0,27.57
2016-03-16,0.0,28.9
2016-03-17,0.0,26.68
2016-03-18,0.27,27.69
2016-03-19,0.17,24.71
2016-03-20,1.36,25.71
2016-03-21,1.37,25.59
2016-03-22,2.73,25.67
2016-03-23,0.35,25.5
2016-03-24,1.46,25.03
2016-03-25,7.49,26.28
2016-03-26,0.03,34.67
2016-03-27,3.53,39.09
2016-03-28,5.73,42.4
2016-03-29,2.51,41.76
2016-03-30,0.54,38.84
2016-03-31,2.28,34.88
2016-04-01,0.01,31.03
2016-04-02,0.01,28.31
2016-04-03,1.09,28.01
2016-04-04,0.56,27.44
2016-04-05,5.42,24.61
2016-04-06,1.29,26.87
2016-04-07,0.44,25.37
2016-04-08,0.05,24.06
2016-04-09,0.0,23.21
2016-04-10,0.0,22.96
2016-04-11,0.0,22.92
2016-04-12,0.45,22.49
2016-04-13,1.19,22.59
2016-04-14,2.56,23.6
2016-04-15,0.81,23.8
2016-04-16,2.16,24.1
2016-04-17,0.3,24.6
2016-04-18,0.2,21.43
2016-04-19,0.0,20.91
2016-04-20,0.0,20.26
2016-04-21,0.0,20.1
2016-04-22,0.0,20.22
2016-04-23,0.39,20.0
2016-04-24,2.96,19.96
2016-04-25,5.78,20.76
2016-04-26,9.58,22.58
2016-04-27,6.22,24.89
2016-04-28,1.27,25.33
2016-04-29,1.66,22.19
2016-04-30,2.25,28.41
2016-05-01,0.0,26.12
2016-05-02,0.68,22.6
2016-05-03,2.31,23.72
2016-05-04,0.0,22.45
2016-05-05,0.0,20.94
2016-05-06,0.0,21.58
2016-05-07,0.0,19.64
2016-05-08,0.0,20.86
2016-05-09,0.0,18.7
2016-05-10,0.08,18.72
2016-05-11,0.0,18.32
2016-05-12,0.0,18.48
2016-05-13,0.0,17.92
2016-05-14,0.44,17.86
2016-05-15,2.76,18.1
2016-05-16,0.06,18.27
2016-05-17,0.0,17.94
2016-05-18,0.29,17.95
2016-05-19,0.14,18.02
2016-05-20,0.55,17.93
2016-05-21,0.0,18.01
2016-05-22,5.78,17.66
2016-05-23,2.65,21.41
2016-05-24,0.19,19.85
2016-05-25,0.0,18.41
2016-05-26,0.1,17.87
2016-05-27,0.14,17.31
2016-05-28,1.81,17.22
2016-05-29,5.87,17.0
2016-05-30,7.43,26.19
2016-05-31,2.01,32.33
2016-06-01,14.01,21.94
2016-06-02,7.96,35.22
2016-06-03,2.22,35.19
2016-06-04,0.1,24.22
2016-06-05,1.3,22.34
2016-06-06,0.14,19.17
2016-06-07,3.93,19.4
2016-06-08,0.0,23.23
2016-06-09,0.04,18.84
2016-06-10,0.0,18.24
2016-06-11,0.02,16.55
2016-06-12,7.0,16.81
2016-06-13,16.89,23.0
2016-06-14,2.48,31.0
2016-06-15,8.51,27.25
2016-06-16,1.3,26.23
2016-06-17,3.64,28.62
2016-06-18,11.3,35.71
2016-06-19,0.22,55.34
2016-06-20,6.3,27.85
2016-06-21,1.19,33.03
2016-06-22,0.0,27.92
2016-06-23,8.26,23.26
2016-06-24,13.52,44.89
2016-06-25,16.85,62.5
2016-06-26,2.29,100.16
2016-06-27,1.58,56.09
2016-06-28,7.95,32.0
2016-06-29,0.37,41.05
2016-06-30,0.98,38.87
2016-07-01,4.35,27.65
2016-07-02,1.29,32.84
2016-07-03,1.93,31.76
2016-07-04,0.0,28.37
2016-07-05,0.37,24.66
2016-07-06,0.0,22.1
2016-07-07,0.0,20.81
2016-07-08,1.33,20.62
2016-07-09,0.0,20.76
2016-07-10,0.0,20.3
2016-07-11,0.0,18.9
2016-07-12,0.43,19.73
2016-07-13,4.19,17.3
2016-07-14,1.16,16.16
2016-07-15,0.11,16.75
2016-07-16,0.23,16.65
2016-07-17,0.6,15.96
2016-07-18,0.0,15.71
2016-07-19,0.0,15.24
2016-07-20,3.41,15.36
2016-07-21,0.57,19.03
2016-07-22,5.87,16.75
2016-07-23,1.27,16.53
2016-07-24,0.0,17.21
2016-07-25,3.4,16.78
2016-07-26,0.51,17.21
2016-07-27,0.2,17.46
2016-07-28,5.56,16.03
2016-07-29,0.88,15.71
2016-07-30,0.32,15.52
2016-07-31,2.74,15.58
2016-08-01,5.14,15.8
2016-08-02,5.75,18.37
2016-08-03,6.56,20.89
2016-08-04,0.17,25.98
2016-08-05,1.96,19.15
2016-08-06,0.28,20.5
2016-08-07,0.0,18.86
2016-08-08,0.42,16.26
2016-08-09,1.84,15.52
2016-08-10,0.74,15.77
2016-08-11,6.9,16.02
2016-08-12,2.25,20.56
2016-08-13,0.0,18.06
2016-08-14,0.0,16.32
2016-08-15,0.03,15.22
2016-08-16,0.0,15.13
2016-08-17,0.0,14.75
2016-08-18,0.0,13.99
2016-08-19,2.29,14.31
2016-08-20,0.38,13.69
2016-08-21,2.81,15.39
2016-08-22,0.59,15.66
2016-08-23,0.0,14.09
2016-08-24,0.0,13.6
2016-08-25,0.0,13.33
2016-08-26,0.0,12.34
2016-08-27,0.96,11.42
2016-08-28,2.55,13.02
2016-08-29,0.92,11.98
2016-08-30,0.0,12.65
2016-08-31,0.0,12.13
2016-09-01,0.24,12.12
2016-09-02,0.0,11.3
2016-09-03,0.59,10.43
2016-09-04,10.42,12.59
2016-09-05,0.32,19.52
2016-09-06,0.0,15.44
2016-09-07,0.0,13.46
2016-09-08,0.0,12.61
2016-09-09,0.0,11.96
2016-09-10,0.0,11.84
2016-09-11,0.0,11.23
2016-09-12,0.0,11.16
2016-09-13,0.0,10.63
2016-09-14,0.0,10.8
2016-09-15,0.85,10.73
2016-09-16,0.0,11.01
2016-09-17,2.42,10.94
2016-09-18,0.01,11.08
2016-09-19,0.0,11.12
2016-09-20,0.0,11.59
2016-09-21,0.0,10.97
2016-09-22,0.0,10.67
2016-09-23,0.16,10.79
2016-09-24,0.0,10.78
2016-09-25,0.16,10.9
2016-09-26,0.0,11.07
2016-09-27,0.0,10.95
2016-09-28,0.0,10.73
2016-09-29,1.67,10.53
2016-09-30,1.02,12.22
2016-10-01,2.62,11.72
2016-10-02,4.92,11.89
2016-10-03,0.49,12.2
2016-10-04,0.0,12.9
2016-10-05,0.0,12.28
2016-10-06,0.44,11.65
2016-10-07,1.42,10.93
2016-10-08,0.05,11.2
2016-10-09,0.04,11.72
2016-10-10,0.04,11.49
2016-10-11,1.69,11.11
2016-10-12,0.05,11.3
2016-10-13,0.01,11.36
2016-10-14,0.02,10.81
2016-10-15,0.13,10.3
2016-10-16,0.01,10.76
2016-10-17,0.32,10.09
2016-10-18,6.38,9.77
2016-10-19,20.3,17.81
2016-10-20,0.6,23.57
2016-10-21,6.68,19.38
2016-10-22,0.22,19.82
2016-10-23,0.01,17.44
2016-10-24,8.8,15.01
2016-10-25,0.41,19.08
2016-10-26,0.16,16.32
2016-10-27,0.14,14.48
2016-10-28,1.44,13.63
2016-10-29,0.0,13.7
2016-10-30,0.0,13.16
2016-10-31,0.0,12.87
2016-11-01,1.71,12.68
2016-11-02,3.19,12.58
2016-11-03,0.41,13.66
2016-11-04,1.85,13.14
2016-11-05,1.29,13.52
2016-11-06,1.65,13.81
2016-11-07,7.33,14.77
2016-11-08,0.64,20.67
2016-11-09,4.47,17.54
2016-11-10,8.1,19.95
2016-11-11,0.14,21.46
2016-11-12,0.0,19.15
2016-11-13,0.0,16.98
2016-11-14,1.38,16.24
2016-11-15,6.23,14.64
2016-11-16,12.14,18.74
2016-11-17,8.7,26.12
2016-11-18,3.64,40.41
2016-11-19,0.26,45.1
2016-11-20,1.0,28.08
2016-11-21,0.63,25.37
2016-11-22,0.49,21.68
2016-11-23,0.02,21.04
2016-11-24,0.01,20.54
2016-11-25,0.0,18.39
2016-11-26,0.85,16.46
2016-11-27,0.18,20.28
2016-11-28,0.01,17.93
2016-11-29,0.02,16.48
2016-11-30,0.13,16.46
2016-12-01,1.52,16.16
2016-12-02,1.01,16.34
2016-12-03,0.01,17.57
2016-12-04,0.0,17.63
2016-12-05,0.01,15.79
2016-12-06,0.0,16.02
2016-12-07,0.03,16.85
2016-12-08,0.65,15.43
2016-12-09,0.41,15.5
2016-12-10,4.04,15.62
2016-12-11,2.09,20.38
2016-12-12,0.29,20.63
2016-12-13,1.06,17.65
2016-12-14,0.21,19.7
2016-12-15,0.01,18.74
2016-12-16,0.0,16.72
2016-12-17,0.23,16.47
2016-12-18,0.46,17.38
2016-12-19,0.0,16.89
2016-12-20,0.01,16.45
2016-12-21,2.37,16.42
2016-12-22,4.54,19.32
2016-12-23,1.17,24.57
2016-12-24,0.75,21.81
2016-12-25,2.01,21.66
2016-12-26,3.01,23.27
2016-12-27,0.03,25.5
2016-12-28,0.0,22.41
2016-12-29,0.0,21.0
2016-12-30,0.01,21.14
2016-12-31,0.02,19.21
2017-01-01,4.11,18.9
2017-01-02,0.62,21.8
2017-01-03,6.1,21.6
2017-01-04,2.95,23.88
2017-01-05,0.01,31.25
2017-01-06,0.39,22.33
2017-01-07,2.22,22.63
2017-01-08,0.14,22.15
2017-01-09,1.88,21.98
2017-01-10,1.46,22.52
2017-01-11,4.38,29.71
2017-01-12,7.11,34.6
2017-01-13,6.04,45.49
2017-01-14,2.19,51.93
2017-01-15,1.01,42.82
2017-01-16,0.01,33.22
2017-01-17,0.0,26.58
2017-01-18,0.0,23.63
2017-01-19,0.0,23.36
2017-01-20,0.0,22.9
2017-01-21,0.0,21.86
2017-01-22,0.01,21.67
2017-01-23,0.03,21.55
2017-01-24,0.01,20.58
2017-01-25,0.0,19.34
2017-01-26,0.0,21.05
2017-01-27,0.0,20.62
2017-01-28,0.31,19.11
2017-01-29,0.48,20.8
2017-01-30,5.23,21.85
2017-01-31,0.04,24.01
2017-02-01,0.65,22.48
2017-02-02,0.02,21.84
2017-02-03,1.5,22.72
2017-02-04,3.88,22.83
2017-02-05,0.02,27.06
2017-02-06,0.07,26.48
2017-02-07,0.98,23.18
2017-02-08,0.0,23.58
2017-02-09,0.0,22.74
2017-02-10,0.03,21.55
2017-02-11,0.55,22.75
2017-02-12,0.0,22.18
2017-02-13,0.0,19.31
2017-02-14,0.0,21.52
2017-02-15,0.0,19.66
2017-02-16,0.31,20.86
2017-02-17,3.44,21.27
2017-02-18,0.0,21.63
2017-02-19,1.83,20.97
2017-02-20,4.5,21.34
2017-02-21,0.74,24.48
2017-02-22,21.6,26.77
2017-02-23,9.99,83.01
2017-02-24,0.28,116.56
2017-02-25,0.02,98.39
2017-02-26,0.06,73.43
2017-02-27,4.2,61.44
2017-02-28,5.38,52.81
2017-03-01,5.41,50.65
2017-03-02,2.16,61.74
2017-03-03,0.0,58.81
2017-03-04,0.84,54.72
2017-03-05,1.24,46.13
2017-03-06,3.4,42.27
2017-03-07,3.17,41.54
2017-03-08,10.71,43.62
2017-03-09,1.47,68.34
2017-03-10,0.0,65.03
2017-03-11,0.0,59.13
2017-03-12,0.0,51.56
2017-03-13,0.0,43.1
2017-03-14,0.02,30.11
2017-03-15,0.0,27.31
2017-03-16,0.0,25.17
2017-03-17,4.13,24.47
2017-03-18,11.14,30.62
2017-03-19,1.34,43.27
2017-03-20,2.05,48.4
2017-03-21,1.45,39.87
2017-03-22,0.0,43.82
2017-03-23,0.0,33.27
2017-03-24,0.0,28.63
2017-03-25,0.0,26.59
2017-03-26,0.0,27.19
2017-03-27,0.0,23.75
2017-03-28,0.0,23.35
2017-03-29,0.01,22.38
2017-03-30,0.0,21.99
2017-03-31,0.0,22.07
2017-04-01,2.08,21.93
2017-04-02,0.0,21.63
2017-04-03,0.02,21.21
2017-04-04,0.0,21.08
2017-04-05,0.22,20.25
2017-04-06,0.01,19.43
2017-04-07,0.01,20.9
2017-04-08,0.0,18.86
2017-04-09,0.0,18.8
2017-04-10,0.01,19.8
2017-04-11,0.0,19.02
2017-04-12,3.5,18.13
2017-04-13,0.08,19.0
2017-04-14,0.28,18.17
2017-04-15,1.56,17.87
2017-04-16,4.51,17.98
2017-04-17,3.45,19.68
2017-04-18,1.28,19.94
2017-04-19,0.0,18.17
2017-04-20,0.04,17.64
2017-04-21,2.76,17.7
2017-04-22,0.07,17.98
2017-04-23,0.2,18.0
2017-04-24,2.56,17.48
2017-04-25,0.82,18.4
2017-04-26,0.34,18.26
2017-04-27,0.03,17.42
2017-04-28,0.6,17.52
2017-04-29,0.0,17.87
2017-04-30,0.0,17.5
2017-05-01,4.18,17.27
2017-05-02,7.48,20.41
2017-05-03,3.61,22.06
2017-05-04,0.41,21.13
2017-05-05,0.02,18.45
2017-05-06,0.0,18.1
2017-05-07,0.02,17.53
2017-05-08,0.43,17.34
2017-05-09,0.0,17.17
2017-05-10,0.0,17.0
2017-05-11,1.04,17.01
2017-05-12,6.33,17.63
2017-05-13,2.66,18.87
2017-05-14,1.55,17.02
2017-05-15,0.01,18.72
2017-05-16,0.02,17.14
2017-05-17,0.0,16.13
2017-05-18,5.1,15.9
2017-05-19,13.94,20.86
2017-05-20,0.01,23.93
2017-05-21,0.0,18.51
2017-05-22,0.0,17.29
2017-05-23,0.01,16.73
2017-05-24,0.01,16.19
2017-05-25,0.0,15.49
2017-05-26,0.0,14.87
2017-05-27,0.18,14.46
2017-05-28,6.06,15.6
2017-05-29,0.21,18.65
2017-05-30,4.0,16.73
2017-05-31,0.0,18.25
2017-06-01,0.0,15.2
2017-06-02,1.82,13.82
2017-06-03,8.44,18.42
2017-06-04,0.69,20.7
2017-06-05,0.0,18.2
2017-06-06,1.56,15.33
2017-06-07,1.85,16.77
2017-06-08,0.1,16.25
2017-06-09,4.38,15.48
2017-06-10,0.0,17.45
2017-06-11,0.46,15.71
2017-06-12,0.0,15.2
2017-06-13,0.0,14.93
2017-06-14,0.0,15.07
2017-06-15,6.7,14.32
2017-06-16,0.04,16.26
2017-06-17,0.09,15.68
2017-06-18,0.0,14.6
2017-06-19,0.0,13.92
2017-06-20,0.0,13.38
2017-06-21,0.0,12.86
2017-06-22,3.48,12.34
2017-06-23,0.0,12.59
2017-06-24,2.22,12.57
2017-06-25,1.02,14.36
2017-06-26,0.8,13.58
2017-06-27,0.64,12.32
2017-06-28,7.23,13.25
2017-06-29,1.35,15.62
2017-06-30,3.57,14.0
2017-07-01,4.01,15.98
2017-07-02,1.75,17.73
2017-07-03,0.21,16.23
2017-07-04,0.05,14.54
2017-07-05,0.0,14.49
2017-07-06,3.84,13.18
2017-07-07,0.52,13.9
2017-07-08,0.13,13.15
2017-07-09,5.19,12.22
2017-07-10,6.97,11.81
2017-07-11,3.3,19.43
2017-07-12,27.0,21.69
2017-07-13,0.0,36.03
2017-07-14,3.51,20.15
2017-07-15,0.17,17.73
2017-07-16,4.79,17.12
2017-07-17,0.22,16.44
2017-07-18,0.0,16.26
2017-07-19,12.73,15.9
2017-07-20,4.27,23.65
2017-07-21,8.53,20.47
2017-07-22,9.17,19.3
2017-07-23,2.45,22.52
2017-07-24,19.48,22.99
2017-07-25,21.72,25.5
2017-07-26,0.64,38.9
2017-07-27,0.07,31.32
2017-07-28,0.27,21.73
2017-07-29,1.6,19.09
2017-07-30,0.72,17.97
2017-07-31,0.75,17.93
2017-08-01,1.84,17.36
2017-08-02,3.9,17.17
2017-08-03,0.27,19.16
2017-08-04,0.9,17.8
2017-08-05,13.71,18.78
2017-08-06,0.0,23.3
2017-08-07,0.01,18.39
2017-08-08,1.47,17.45
2017-08-09,0.46,18.37
2017-08-10,14.51,16.59
2017-08-11,24.06,20.38
2017-08-12,4.99,25.93
2017-08-13,0.01,39.66
2017-08-14,0.1,38.51
2017-08-15,0.8,37.19
2017-08-16,0.01,30.15
2017-08-17,2.09,20.2
2017-08-18,12.16,18.39
2017-08-19,1.7,21.78
2017-08-20,0.54,19.17
2017-08-21,0.0,17.24
2017-08-22,0.0,16.89
2017-08-23,0.01,16.69
2017-08-24,0.01,16.64
2017-08-25,0.05,16.45
2017-08-26,0.02,16.35
2017-08-27,0.0,16.13
2017-08-28,0.0,16.03
2017-08-29,0.0,16.59
2017-08-30,7.95,16.97
2017-08-31,3.41,17.9
2017-09-01,1.8,18.61
2017-09-02,2.41,19.63
2017-09-03,0.29,19.84
2017-09-04,0.0,17.44
2017-09-05,1.52,16.8
2017-09-06,2.81,18.24
2017-09-07,0.65,17.99
2017-09-08,15.55,17.07
2017-09-09,5.32,30.13
2017-09-10,0.19,26.87
2017-09-11,1.25,22.2
2017-09-12,6.58,18.49
2017-09-13,4.76,20.37
2017-09-14,8.93,21.84
2017-09-15,2.08,22.92
2017-09-16,0.44,20.9
2017-09-17,3.76,19.24
2017-09-18,3.65,20.2
2017-09-19,0.26,20.84
2017-09-20,0.25,19.43
2017-09-21,0.0,18.73
2017-09-22,1.63,18.32
2017-09-23,0.04,19.31
2017-09-24,0.01,18.42
2017-09-25,0.42,17.68
2017-09-26,3.31,18.05
2017-09-27,0.23,22.16
2017-09-28,0.85,19.13
2017-09-29,5.82,19.05
2017-09-30,12.3,20.62
2017-10-01,0.81,27.91
2017-10-02,5.09,21.33
2017-10-03,1.7,20.52
2017-10-04,7.41,20.17
2017-10-05,5.42,21.23
2017-10-06,3.37,23.41
2017-10-07,11.74,21.15
2017-10-08,1.71,36.2
2017-10-09,4.09,46.1
2017-10-10,1.9,42.8
2017-10-11,0.76,35.96
2017-10-12,0.01,34.84
2017-10-13,0.0,27.73
2017-10-14,0.0,22.59
2017-10-15,0.0,24.46
2017-10-16,0.0,21.01
2017-10-17,0.0,19.39
2017-10-18,0.0,20.31
2017-10-19,0.38,19.1
2017-10-20,3.84,20.62
2017-10-21,2.78,21.3
2017-10-22,4.19,20.79
2017-10-23,0.45,22.65
2017-10-24,0.89,20.3
2017-10-25,0.69,20.4
2017-10-26,0.76,19.79
2017-10-27,0.35,19.74
2017-10-28,9.39,18.77
2017-10-29,0.71,25.02
2017-10-30,0.19,24.06
2017-10-31,2.96,19.68
2017-11-01,0.14,21.79
2017-11-02,1.02,19.72
2017-11-03,0.01,19.05
2017-11-04,6.3,20.23
2017-11-05,6.49,22.38
2017-11-06,0.02,35.43
2017-11-07,0.03,33.45
2017-11-08,0.01,28.37
2017-11-09,1.1,22.44
2017-11-10,4.88,20.46
2017-11-11,1.45,26.99
2017-11-12,6.14,30.95
2017-11-13,0.08,35.43
2017-11-14,0.88,30.06
2017-11-15,0.11,28.81
2017-11-16,1.24,25.01
2017-11-17,0.0,21.63
2017-11-18,3.7,21.58
2017-11-19,2.43,23.23
2017-11-20,13.24,30.28
2017-11-21,5.25,52.62
2017-11-22,0.03,78.41
2017-11-23,7.87,69.69
2017-11-24,9.18,71.08
2017-11-25,1.36,104.53
2017-11-26,2.17,103.05
2017-11-27,10.46,93.76
2017-11-28,0.06,115.09
2017-11-29,0.38,104.69
2017-11-30,2.8,86.08
2017-12-01,0.2,73.61
2017-12-02,1.16,62.1
2017-12-03,4.86,59.84
2017-12-04,3.06,60.69
2017-12-05,0.13,57.99
2017-12-06,0.0,59.14
2017-12-07,5.54,61.1
2017-12-08,3.84,68.09
2017-12-09,2.37,64.34
2017-12-10,7.3,75.98
2017-12-11,7.32,110.46
2017-12-12,1.47,126.13
2017-12-13,11.88,129.71
2017-12-14,4.63,161.09
2017-12-15,0.35,181.72
2017-12-16,1.54,143.33
2017-12-17,4.81,108.68
2017-12-18,0.92,100.95
2017-12-19,6.71,105.57
2017-12-20,1.55,104.6
2017-12-21,2.01,109.06
2017-12-22,0.14,103.19
2017-12-23,0.07,92.59
2017-12-24,0.11,91.65
2017-12-25,0.0,86.69
2017-12-26,1.55,86.15
2017-12-27,0.74,77.84
2017-12-28,0.03,65.6
2017-12-29,1.41,56.68
2017-12-30,9.5,60.59
2017-12-31,5.77,78.06
2018-01-01,8.48,126.3
2018-01-02,13.36,122.37
2018-01-03,7.2,140.5
2018-01-04,1.98,184.59
2018-01-05,0.39,171.48
2018-01-06,0.78,142.43
2018-01-07,0.01,123.89
2018-01-08,0.0,112.6
2018-01-09,0.04,100.76
2018-01-10,0.05,93.7
2018-01-11,0.16,76.74
2018-01-12,0.07,64.46
2018-01-13,0.0,57.58
2018-01-14,0.0,55.05
2018-01-15,4.63,48.42
2018-01-16,8.99,58.85
2018-01-17,6.04,81.26
2018-01-18,8.66,99.8
2018-01-19,6.01,109.35
2018-01-20,3.88,121.36
2018-01-21,0.95,121.9
2018-01-22,2.1,115.47
2018-01-23,0.55,108.95
2018-01-24,2.16,96.94
2018-01-25,2.06,90.5
2018-01-26,0.07,95.56
2018-01-27,0.62,85.52
2018-01-28,0.41,86.06
2018-01-29,3.2,79.05
2018-01-30,1.1,72.2
2018-01-31,8.87,69.53
2018-02-01,2.26,108.46
2018-02-02,2.85,98.09
2018-02-03,1.56,106.01
2018-02-04,0.18,92.57
2018-02-05,0.0,85.29
2018-02-06,0.02,71.4
2018-02-07,0.0,59.64
2018-02-08,0.0,55.19
2018-02-09,0.05,48.55
2018-02-10,1.09,45.19
2018-02-11,3.27,46.16
2018-02-12,1.67,49.48
2018-02-13,0.0,49.5
2018-02-14,0.1,45.77
2018-02-15,1.74,41.34
2018-02-16,0.02,40.41
2018-02-17,0.0,38.05
2018-02-18,0.0,33.83
2018-02-19,0.0,34.49
2018-02-20,0.0,30.8
2018-02-21,0.0,25.2
2018-02-22,0.0,24.93
2018-02-23,0.0,24.28
2018-02-24,0.0,22.92
2018-02-25,0.22,22.87
2018-02-26,0.07,22.82
2018-02-27,0.2,22.25
2018-02-28,0.0,22.16
2018-03-01,0.0,21.43
2018-03-02,0.05,20.34
2018-03-03,0.22,21.62
2018-03-04,0.23,22.13
2018-03-05,0.0,23.89
2018-03-06,0.02,22.08
2018-03-07,1.62,21.36
2018-03-08,4.0,20.9
2018-03-09,4.13,30.46
2018-03-10,0.09,32.19
2018-03-11,0.05,33.46
2018-03-12,2.46,28.76
2018-03-13,6.47,31.47
2018-03-14,0.01,32.73
2018-03-15,7.76,30.98
2018-03-16,3.46,41.39
2018-03-17,0.02,73.98
2018-03-18,0.0,61.93
2018-03-19,0.79,40.48
2018-03-20,0.07,28.93
2018-03-21,0.37,26.36
2018-03-22,3.31,24.87
2018-03-23,0.39,31.47
2018-03-24,0.0,26.47
2018-03-25,0.02,27.09
2018-03-26,0.11,23.47
2018-03-27,1.19,24.37
2018-03-28,9.23,26.75
2018-03-29,1.9,44.31
2018-03-30,2.3,47.9
2018-03-31,0.86,44.74
2018-04-01,1.71,44.95
2018-04-02,0.46,39.7
2018-04-03,0.23,32.24
2018-04-04,1.44,30.32
2018-04-05,1.36,27.78
2018-04-06,0.02,25.5
2018-04-07,0.0,24.74
2018-04-08,0.0,24.32
2018-04-09,0.0,23.77
2018-04-10,0.01,23.49
2018-04-11,0.08,23.03
2018-04-12,2.03,21.75
2018-04-13,4.16,23.3
2018-04-14,3.39,20.51
2018-04-15,2.09,21.7
2018-04-16,0.0,22.62
2018-04-17,0.0,20.38
2018-04-18,0.0,19.76
2018-04-19,0.0,19.46
2018-04-20,0.0,19.06
2018-04-21,0.0,19.34
2018-04-22,8.22,19.38
2018-04-23,0.0,23.0
2018-04-24,0.17,20.93
2018-04-25,3.87,19.56
2018-04-26,3.97,19.9
2018-04-27,0.0,21.79
2018-04-28,0.0,19.79
2018-04-29,1.62,19.75
2018-04-30,1.86,21.13
2018-05-01,0.19,20.47
2018-05-02,0.0,19.14
2018-05-03,0.0,18.66
2018-05-04,0.0,17.99
2018-05-05,0.0,17.84
2018-05-06,0.0,17.48
2018-05-07,0.0,17.32
2018-05-08,0.0,17.22
2018-05-09,0.01,17.08
2018-05-10,2.17,17.16
2018-05-11,0.0,18.39
2018-05-12,0.6,17.21
2018-05-13,16.05,17.14
2018-05-14,0.0,22.8
2018-05-15,1.79,18.87
2018-05-16,4.95,15.62
2018-05-17,0.0,29.56
2018-05-18,0.0,18.85
2018-05-19,0.0,17.65
2018-05-20,0.0,17.27
2018-05-21,2.11,17.25
2018-05-22,2.13,18.46
2018-05-23,0.47,18.02
2018-05-24,0.94,17.36
2018-05-25,0.49,17.35
2018-05-26,0.0,16.81
2018-05-27,1.91,16.65
2018-05-28,0.02,18.53
2018-05-29,4.41,16.86
2018-05-30,0.29,17.39
2018-05-31,1.27,16.34
2018-06-01,20.15,18.02
2018-06-02,0.08,25.31
2018-06-03,0.0,27.76
2018-06-04,0.0,17.48
2018-06-05,0.0,16.99
2018-06-06,0.0,16.92
2018-06-07,2.66,16.89
2018-06-08,4.32,20.0
2018-06-09,6.93,22.22
2018-06-10,0.44,19.02
2018-06-11,0.01,17.61
2018-06-12,0.32,17.26
2018-06-13,0.07,17.27
2018-06-14,3.49,16.65
2018-06-15,0.01,17.6
2018-06-16,1.01,16.82
2018-06-17,0.0,16.48
2018-06-18,0.08,16.07
2018-06-19,0.04,15.59
2018-06-20,0.11,15.56
2018-06-21,3.84,15.53
2018-06-22,3.96,16.35
2018-06-23,0.1,16.41
2018-06-24,1.2,16.32
2018-06-25,0.08,16.33
2018-06-26,0.01,15.53
2018-06-27,0.0,15.3
2018-06-28,0.0,14.94
2018-06-29,0.0,14.78
2018-06-30,0.0,14.68
2018-07-01,0.0,14.07
2018-07-02,0.0,13.86
2018-07-03,0.04,13.26
2018-07-04,0.54,13.12
2018-07-05,0.3,12.78
2018-07-06,0.0,13.12
2018-07-07,0.0,12.46
2018-07-08,0.0,12.24
2018-07-09,0.18,12.45
2018-07-10,11.08,13.06
2018-07-11,10.46,18.82
2018-07-12,1.9,21.34
2018-07-13,0.0,19.22
2018-07-14,0.0,16.88
2018-07-15,0.0,14.85
2018-07-16,0.0,14.05
2018-07-17,1.52,14.35
2018-07-18,0.0,13.22
2018-07-19,0.0,13.18
2018-07-20,0.04,12.99
2018-07-21,0.71,12.15
2018-07-22,0.02,16.26
2018-07-23,0.0,12.34
2018-07-24,0.0,11.56
2018-07-25,0.69,11.46
2018-07-26,0.0,10.34
2018-07-27,0.0,9.94
2018-07-28,1.41,9.74
2018-07-29,0.0,15.97
2018-07-30,0.0,13.74
2018-07-31,0.0,11.16
2018-08-01,0.9,10.23
2018-08-02,0.0,10.32
2018-08-03,0.0,9.66
2018-08-04,0.0,9.45
2018-08-05,0.0,9.54
2018-08-06,0.0,9.22
2018-08-07,1.67,8.6
2018-08-08,0.55,9.38
2018-08-09,5.26,9.73
2018-08-10,0.86,11.08
2018-08-11,0.0,10.62
2018-08-12,0.01,10.46
2018-08-13,4.55,10.01
2018-08-14,3.42,12.13
2018-08-15,0.0,12.72
2018-08-16,0.12,11.21
2018-08-17,3.63,11.44
2018-08-18,0.0,12.72
2018-08-19,0.0,10.06
2018-08-20,0.2,10.4
2018-08-21,0.0,12.31
2018-08-22,0.0,10.18
2018-08-23,0.97,10.26
2018-08-24,2.13,10.04
2018-08-25,3.12,12.8
2018-08-26,0.71,17.42
2018-08-27,0.19,10.3
2018-08-28,0.0,9.94
2018-08-29,13.13,9.79
2018-08-30,0.36,16.38
2018-08-31,0.0,16.05
2018-09-01,0.0,11.68
2018-09-02,0.31,10.22
2018-09-03,0.5,9.24
2018-09-04,1.08,8.88
2018-09-05,0.05,9.66
2018-09-06,5.51,9.32
2018-09-07,0.3,12.73
2018-09-08,0.0,9.98
2018-09-09,0.0,10.26
2018-09-10,0.0,9.43
2018-09-11,0.0,9.3
2018-09-12,3.16,8.93
2018-09-13,0.75,9.4
2018-09-14,0.0,9.68
2018-09-15,0.0,10.01
2018-09-16,0.0,9.16
2018-09-17,0.0,8.99
2018-09-18,0.0,8.12
2018-09-19,0.0,7.6
2018-09-20,0.0,8.02
2018-09-21,4.94,8.33
2018-09-22,3.28,11.09
2018-09-23,15.07,12.87
2018-09-24,0.93,19.61
2018-09-25,0.0,14.85
2018-09-26,0.0,12.34
2018-09-27,0.01,10.81
2018-09-28,0.34,9.84
2018-09-29,0.0,9.66
2018-09-30,0.02,9.1
2018-10-01,3.11,8.64
2018-10-02,2.1,11.48
2018-10-03,0.02,11.43
2018-10-04,0.06,10.72
2018-10-05,0.0,9.24
2018-10-06,0.11,9.3
2018-10-07,0.0,8.49
2018-10-08,0.0,8.87
2018-10-09,0.0,9.83
2018-10-10,0.0,8.55
2018-10-11,0.0,8.53
2018-10-12,0.0,9.11
2018-10-13,0.0,7.28
2018-10-14,0.0,7.86
2018-10-15,0.0,8.16
2018-10-16,0.03,7.1
2018-10-17,0.0,7.11
2018-10-18,0.21,7.55
2018-10-19,0.0,8.02
2018-10-20,0.0,8.28
2018-10-21,0.0,9.35
2018-10-22,1.56,9.59
2018-10-23,5.76,10.37
2018-10-24,4.09,11.81
2018-10-25,0.77,13.09
2018-10-26,2.27,12.43
2018-10-27,0.27,14.35
2018-10-28,0.08,11.57
2018-10-29,3.04,10.23
2018-10-30,4.53,11.72
2018-10-31,0.14,14.76
2018-11-01,1.64,12.47
2018-11-02,0.24,12.29
2018-11-03,0.01,10.26
2018-11-04,0.0,9.93
2018-11-05,0.01,9.84
2018-11-06,0.0,9.67
2018-11-07,0.19,9.54
2018-11-08,0.7,9.51
2018-11-09,0.03,9.12
2018-11-10,1.6,9.37
2018-11-11,3.03,10.03
2018-11-12,1.54,11.99
2018-11-13,0.79,11.78
2018-11-14,0.01,9.89
2018-11-15,0.0,9.99
2018-11-16,0.0,9.88
2018-11-17,0.0,10.11
2018-11-18,0.19,9.36
2018-11-19,0.63,9.29
2018-11-20,1.42,9.76
2018-11-21,0.0,10.62
2018-11-22,0.0,8.92
2018-11-23,0.0,8.56
2018-11-24,1.97,8.56
2018-11-25,0.2,11.7
2018-11-26,0.0,9.71
2018-11-27,0.0,9.56
2018-11-28,1.33,9.25
2018-11-29,0.45,9.34
2018-11-30,0.09,9.93
2018-12-01,2.86,9.35
2018-12-02,16.93,12.51
2018-12-03,6.79,20.59
2018-12-04,0.04,20.66
2018-12-05,0.62,16.81
2018-12-06,1.27,14.6
2018-12-07,5.88,14.16
2018-12-08,15.56,17.76
2018-12-09,7.95,26.03
2018-12-10,1.64,25.48
2018-12-11,0.53,18.24
2018-12-12,0.01,16.06
2018-12-13,0.01,15.05
2018-12-14,0.0,14.28
2018-12-15,0.14,13.45
2018-12-16,1.11,12.62
2018-12-17,2.25,12.98
2018-12-18,0.07,14.44
2018-12-19,0.33,12.68
2018-12-20,3.43,12.08
2018-12-21,16.54,15.84
2018-12-22,9.1,21.12
2018-12-23,14.71,24.54
2018-12-24,0.23,37.27
2018-12-25,0.01,36.72
2018-12-26,0.16,25.99
2018-12-27,0.0,19.24
2018-12-28,0.7,16.8
2018-12-29,3.19,16.17
2018-12-30,1.8,16.62
2018-12-31,0.96,15.9
2019-01-01,2.94,15.96
2019-01-02,0.18,16.19
2019-01-03,1.02,15.37
2019-01-04,6.43,15.4
2019-01-05,9.27,18.37
2019-01-06,3.71,19.48
2019-01-07,6.18,22.43
2019-01-08,7.33,30.29
2019-01-09,0.12,44.01
2019-01-10,1.87,42.01
2019-01-11,3.41,40.17
2019-01-12,7.14,35.93
2019-01-13,14.63,44.65
2019-01-14,0.69,69.51
2019-01-15,0.1,76.97
2019-01-16,1.56,59.9
2019-01-17,6.1,59.24
2019-01-18,0.0,64.87
2019-01-19,0.0,58.71
2019-01-20,0.0,54.1
2019-01-21,0.0,40.1
2019-01-22,0.22,29.55
2019-01-23,0.01,25.62
2019-01-24,0.0,23.23
2019-01-25,9.41,18.35
2019-01-26,5.48,23.49
2019-01-27,3.91,33.83
2019-01-28,6.19,54.45
2019-01-29,0.07,63.24
2019-01-30,2.25,58.77
2019-01-31,0.98,55.84
2019-02-01,0.94,48.58
2019-02-02,3.46,50.29
2019-02-03,0.02,46.36
2019-02-04,0.38,43.94
2019-02-05,0.0,37.56
2019-02-06,0.75,40.48
2019-02-07,0.29,40.5
2019-02-08,2.23,35.69
2019-02-09,4.21,33.81
2019-02-10,17.83,46.95
2019-02-11,1.77,99.45
2019-02-12,0.04,96.93
2019-02-13,0.0,69.28
2019-02-14,0.0,56.84
2019-02-15,0.0,52.4
2019-02-16,0.0,45.62
2019-02-17,0.0,45.27
2019-02-18,0.09,38.38
2019-02-19,0.02,30.53
2019-02-20,0.0,27.2
2019-02-21,1.08,23.83
2019-02-22,0.03,21.45
2019-02-23,0.0,22.1
2019-02-24,0.0,19.83
2019-02-25,0.0,21.49
2019-02-26,0.0,20.8
2019-02-27,0.0,19.4
2019-02-28,0.99,18.56
2019-03-01,1.04,20.34
2019-03-02,0.56,18.35
2019-03-03,3.46,19.48
2019-03-04,5.23,25.88
2019-03-05,0.46,25.54
2019-03-06,0.9,21.21
2019-03-07,3.46,23.19
2019-03-08,4.96,25.46
2019-03-09,6.78,30.18
2019-03-10,11.53,48.78
2019-03-11,7.73,74.93
2019-03-12,0.96,79.11
2019-03-13,7.2,74.61
2019-03-14,8.74,85.96
2019-03-15,11.22,118.56
2019-03-16,2.83,127.28
2019-03-17,4.73,127.34
2019-03-18,0.46,118.26
2019-03-19,0.0,95.7
2019-03-20,0.0,75.32
2019-03-21,0.0,64.01
2019-03-22,0.0,52.39
2019-03-23,0.07,43.82
2019-03-24,1.04,45.68
2019-03-25,3.58,41.04
2019-03-26,0.78,37.2
2019-03-27,0.04,32.3
2019-03-28,0.0,27.95
2019-03-29,0.0,22.02
2019-03-30,0.0,21.12
2019-03-31,0.0,22.19
2019-04-01,0.0,24.75
2019-04-02,1.15,19.84
2019-04-03,7.87,22.45
2019-04-04,4.74,24.57
2019-04-05,0.33,30.4
2019-04-06,0.0,25.59
2019-04-07,0.0,25.24
2019-04-08,0.0,21.96
2019-04-09,0.0,20.04
2019-04-10,0.0,18.94
2019-04-11,0.0,18.59
2019-04-12,0.47,17.6
2019-04-13,3.25,18.9
2019-04-14,0.04,19.59
2019-04-15,0.0,18.66
2019-04-16,0.0,17.92
2019-04-17,0.0,17.15
2019-04-18,0.0,16.84
2019-04-19,0.0,16.47
2019-04-20,0.0,16.11
2019-04-21,0.0,15.91
2019-04-22,0.0,15.85
2019-04-23,0.0,15.65
2019-04-24,2.77,15.98
2019-04-25,0.19,17.33
2019-04-26,2.38,16.27
2019-04-27,5.54,16.84
2019-04-28,0.98,18.23
2019-04-29,0.56,16.48
2019-04-30,0.0,16.13
2019-05-01,0.0,15.8
2019-05-02,2.04,15.89
2019-05-03,5.04,16.78
2019-05-04,1.71,17.7
2019-05-05,0.72,17.24
2019-05-06,0.7,16.25
2019-05-07,0.12,16.1
2019-05-08,6.0,15.87
2019-05-09,1.35,18.02
2019-05-10,1.67,16.94
2019-05-11,0.45,16.4
2019-05-12,0.0,15.41
2019-05-13,0.0,15.12
2019-05-14,0.0,15.01
2019-05-15,0.04,14.97
2019-05-16,2.45,14.79
2019-05-17,0.04,15.27
2019-05-18,0.29,15.21
2019-05-19,1.14,15.47
2019-05-20,29.94,17.03
2019-05-21,3.05,16.59
2019-05-22,0.07,22.76
2019-05-23,0.0,32.71
2019-05-24,0.21,35.73
2019-05-25,0.0,29.55
2019-05-26,1.46,21.63
2019-05-27,0.78,20.46
2019-05-28,15.64,17.62
2019-05-29,0.0,24.66
2019-05-30,0.01,23.28
2019-05-31,0.03,19.54
2019-06-01,0.0,15.82
2019-06-02,1.78,15.98
2019-06-03,4.54,16.94
2019-06-04,0.24,18.93
2019-06-05,1.09,17.21
2019-06-06,0.09,15.94
2019-06-07,3.33,15.6
2019-06-08,0.27,15.68
2019-06-09,0.0,15.28
2019-06-10,8.42,15.3
2019-06-11,0.36,17.37
2019-06-12,10.12,18.01
2019-06-13,0.19,22.53
2019-06-14,1.55,16.84
2019-06-15,0.3,16.58
2019-06-16,0.02,15.97
2019-06-17,0.0,15.25
2019-06-18,0.0,15.3
2019-06-19,4.17,15.19
2019-06-20,1.2,16.03
2019-06-21,0.0,15.08
2019-06-22,0.0,14.95
2019-06-23,0.0,14.89
2019-06-24,0.0,14.81
2019-06-25,0.0,14.82
2019-06-26,0.0,14.72
2019-06-27,0.0,14.34
2019-06-28,0.0,14.0
2019-06-29,0.0,13.84
2019-06-30,0.01,13.73
2019-07-01,0.0,13.73
2019-07-02,0.01,13.5
2019-07-03,0.0,13.26
2019-07-04,0.0,13.23
2019-07-05,0.0,13.14
2019-07-06,5.9,13.12
2019-07-07,0.0,14.75
2019-07-08,0.21,13.88
2019-07-09,0.06,13.65
2019-07-10,1.24,12.96
2019-07-11,14.15,13.56
2019-07-12,11.63,20.62
2019-07-13,1.16,18.05
2019-07-14,0.08,16.07
2019-07-15,0.0,14.74
2019-07-16,0.0,14.62
2019-07-17,0.02,14.24
2019-07-18,0.19,13.95
2019-07-19,0.02,13.56
2019-07-20,6.91,13.48
2019-07-21,0.0,18.14
2019-07-22,0.0,15.01
2019-07-23,0.0,13.55
2019-07-24,0.0,13.18
2019-07-25,0.0,13.06
2019-07-26,0.0,13.23
2019-07-27,0.0,13.06
2019-07-28,2.45,13.12
2019-07-29,0.04,13.74
2019-07-30,0.56,13.84
2019-07-31,1.92,13.55
2019-08-01,0.11,13.67
2019-08-02,6.73,13.09
2019-08-03,0.16,15.27
2019-08-04,0.47,14.29
2019-08-05,0.48,13.92
2019-08-06,0.87,13.35
2019-08-07,1.07,12.98
2019-08-08,0.13,14.65
2019-08-09,1.09,13.42
2019-08-10,0.11,12.96
2019-08-11,0.07,12.95
2019-08-12,2.71,12.74
2019-08-13,2.22,14.83
2019-08-14,2.23,14.12
2019-08-15,5.03,13.86
2019-08-16,0.63,17.1
2019-08-17,4.39,14.57
2019-08-18,8.27,15.68
2019-08-19,0.05,20.2
2019-08-20,0.25,16.1
2019-08-21,0.07,14.95
2019-08-22,0.05,15.44
2019-08-23,0.0,14.53
2019-08-24,0.04,13.72
2019-08-25,0.07,13.23
2019-08-26,0.16,13.04
2019-08-27,1.75,12.41
2019-08-28,4.23,12.82
2019-08-29,3.16,13.51
2019-08-30,0.04,16.72
2019-08-31,2.38,13.0
2019-09-01,1.59,13.0
2019-09-02,0.01,12.35
2019-09-03,0.0,11.82
2019-09-04,1.61,12.33
2019-09-05,1.2,13.15
2019-09-06,1.26,13.12
2019-09-07,3.18,12.89
2019-09-08,0.85,13.17
2019-09-09,0.02,14.39
2019-09-10,0.0,13.21
2019-09-11,2.67,12.69
2019-09-12,0.06,14.14
2019-09-13,1.1,13.97
2019-09-14,0.0,14.43
2019-09-15,0.66,12.88
2019-09-16,5.05,12.71
2019-09-17,0.1,13.39
2019-09-18,0.0,11.99
2019-09-19,0.0,11.88
2019-09-20,0.0,12.0
2019-09-21,0.0,12.0
2019-09-22,1.61,11.8
2019-09-23,2.16,12.15
2019-09-24,2.4,12.47
2019-09-25,2.7,12.36
2019-09-26,6.94,12.68
2019-09-27,0.83,13.86
2019-09-28,2.79,13.4
2019-09-29,18.7,13.62
2019-09-30,4.69,15.97
2019-10-01,22.02,16.51
2019-10-02,1.12,23.12
2019-10-03,2.17,20.95
2019-10-04,9.92,16.98
2019-10-05,0.0,19.65
2019-10-06,2.6,17.6
2019-10-07,3.05,16.72
2019-10-08,1.55,15.17
2019-10-09,3.96,15.38
2019-10-10,0.32,13.87
2019-10-11,0.88,13.43
2019-10-12,0.06,13.12
2019-10-13,1.7,12.53
2019-10-14,0.0,12.54
2019-10-15,13.55,11.99
2019-10-16,1.69,15.71
2019-10-17,1.94,15.99
2019-10-18,1.87,15.15
2019-10-19,5.62,14.87
2019-10-20,10.24,14.94
2019-10-21,0.09,21.65
2019-10-22,0.03,17.27
2019-10-23,0.01,15.16
2019-10-24,0.25,14.56
2019-10-25,0.0,13.74
2019-10-26,2.77,13.89
2019-10-27,0.36,14.08
2019-10-28,0.04,13.78
2019-10-29,0.01,12.61
2019-10-30,0.01,12.2
2019-10-31,0.0,12.14
2019-11-01,6.77,12.04
2019-11-02,1.63,14.92
2019-11-03,1.51,14.97
2019-11-04,4.54,13.34
2019-11-05,2.47,14.43
2019-11-06,3.1,15.84
2019-11-07,0.99,16.17
2019-11-08,0.03,14.65
2019-11-09,0.19,13.45
2019-11-10,0.01,12.99
2019-11-11,0.47,12.57
2019-11-12,1.2,12.65
2019-11-13,0.92,12.7
2019-11-14,0.01,13.15
2019-11-15,1.11,12.18
2019-11-16,0.07,11.52
2019-11-17,10.7,11.97
2019-11-18,19.87,21.46
2019-11-19,3.1,40.56
2019-11-20,0.04,27.37
2019-11-21,0.03,18.81
2019-11-22,0.47,16.96
2019-11-23,0.0,16.34
2019-11-24,0.01,15.58
2019-11-25,0.16,14.99
2019-11-26,0.29,14.74
2019-11-27,2.81,14.92
2019-11-28,6.27,15.96
2019-11-29,0.42,17.78
2019-11-30,0.02,15.27
2019-12-01,0.04,14.58
2019-12-02,2.0,14.23
2019-12-03,0.07,14.54
2019-12-04,0.01,14.93
2019-12-05,0.06,14.45
2019-12-06,4.73,14.3
2019-12-07,0.48,16.22
2019-12-08,2.2,15.19
2019-12-09,6.0,16.73
2019-12-10,3.04,18.26
2019-12-11,6.6,16.51
2019-12-12,0.26,24.92
2019-12-13,7.34,24.18
2019-12-14,5.38,29.07
2019-12-15,2.24,36.92
2019-12-16,0.16,44.32
2019-12-17,4.85,30.64
2019-12-18,0.03,31.67
2019-12-19,0.0,30.2
2019-12-20,1.19,25.8
2019-12-21,0.77,25.6
2019-12-22,6.16,24.46
2019-12-23,1.86,32.28
2019-12-24,16.09,36.76
2019-12-25,3.89,82.29
2019-12-26,0.07,91.97
2019-12-27,0.0,73.58
2019-12-28,0.0,60.38
2019-12-29,0.0,42.54
2019-12-30,0.03,34.37
2019-12-31,0.18,31.54
2020-01-01,0.0,38.95
2020-01-02,0.04,26.82
2020-01-03,6.48,23.98
2020-01-04,4.04,26.51
2020-01-05,0.1,32.35
2020-01-06,0.46,32.39
2020-01-07,0.13,29.77
2020-01-08,3.55,25.67
2020-01-09,3.21,25.36
2020-01-10,2.69,28.5
2020-01-11,0.04,37.02
2020-01-12,1.81,33.3
2020-01-13,0.39,31.81
2020-01-14,0.26,30.7
2020-01-15,0.96,30.82
2020-01-16,0.02,23.85
2020-01-17,0.42,22.67
2020-01-18,2.42,22.65
2020-01-19,0.57,22.17
2020-01-20,0.01,20.59
2020-01-21,0.0,19.36
2020-01-22,0.38,21.1
2020-01-23,0.01,20.85
2020-01-24,0.01,20.26
2020-01-25,0.02,19.05
2020-01-26,0.35,18.93
2020-01-27,2.83,19.67
2020-01-28,2.68,23.57
2020-01-29,1.27,28.32
2020-01-30,1.71,23.0
2020-01-31,0.98,26.24
2020-02-01,11.54,26.9
2020-02-02,7.03,42.01
2020-02-03,10.59,60.01
2020-02-04,3.29,70.08
2020-02-05,0.02,83.61
2020-02-06,0.0,73.54
2020-02-07,0.0,67.72
2020-02-08,0.13,59.89
2020-02-09,10.99,53.28
2020-02-10,9.78,73.66
2020-02-11,1.62,91.93
2020-02-12,0.28,88.56
2020-02-13,4.91,76.48
2020-02-14,0.76,76.74
2020-02-15,0.6,67.14
2020-02-16,8.36,61.56
2020-02-17,5.08,75.42
2020-02-18,4.69,80.21
2020-02-19,1.45,81.81
2020-02-20,5.91,83.48
2020-02-21,0.01,83.96
2020-02-22,7.89,78.42
2020-02-23,21.33,88.69
2020-02-24,4.39,193.18
2020-02-25,4.08,195.76
2020-02-26,4.27,168.75
2020-02-27,5.07,159.53
2020-02-28,3.1,148.54
2020-02-29,2.08,142.87
2020-03-01,5.4,137.42
2020-03-02,5.33,118.77
2020-03-03,1.18,115.99
2020-03-04,0.8,117.1
2020-03-05,8.87,110.34
2020-03-06,5.25,121.87
2020-03-07,0.03,142.56
2020-03-08,1.34,126.91
2020-03-09,5.27,114.26
2020-03-10,13.16,119.1
2020-03-11,6.43,159.61
2020-03-12,1.5,180.43
2020-03-13,2.39,167.12
2020-03-14,0.01,143.26
2020-03-15,0.0,129.69
2020-03-16,0.48,114.39
2020-03-17,0.0,88.12
2020-03-18,0.0,76.7
2020-03-19,0.0,67.73
2020-03-20,0.57,63.94
2020-03-21,0.0,56.58
2020-03-22,0.0,52.19
2020-03-23,0.0,45.48
2020-03-24,0.0,36.11
2020-03-25,0.0,35.56
2020-03-26,0.0,34.02
2020-03-27,0.0,29.01
2020-03-28,0.0,29.48
2020-03-29,0.97,29.62
2020-03-30,1.22,27.92
2020-03-31,0.0,33.17
2020-04-01,0.05,27.33
2020-04-02,0.09,24.61
2020-04-03,0.33,23.49
2020-04-04,0.0,23.37
2020-04-05,0.0,22.07
2020-04-06,0.0,21.47
2020-04-07,0.0,22.68
2020-04-08,0.0,21.25
2020-04-09,0.0,20.54
2020-04-10,0.0,19.76
2020-04-11,0.0,19.31
2020-04-12,0.04,19.74
2020-04-13,0.01,20.03
2020-04-14,0.0,18.89
2020-04-15,0.0,18.63
2020-04-16,0.0,18.42
2020-04-17,0.0,17.92
2020-04-18,2.74,18.0
2020-04-19,0.02,18.94
2020-04-20,0.0,17.76
2020-04-21,0.0,17.51
2020-04-22,0.0,17.66
2020-04-23,0.0,17.57
2020-04-24,0.0,17.47
2020-04-25,0.0,17.6
2020-04-26,0.0,17.89
2020-04-27,0.0,17.83
2020-04-28,6.36,18.18
2020-04-29,3.25,21.9
2020-04-30,6.81,21.93
2020-05-01,2.41,21.83
2020-05-02,7.02,20.01
2020-05-03,2.01,21.91
2020-05-04,0.36,19.28
2020-05-05,0.0,19.19
2020-05-06,0.0,18.34
2020-05-07,0.0,17.75
2020-05-08,0.0,18.33
2020-05-09,0.0,18.16
2020-05-10,0.78,17.85
2020-05-11,0.1,17.95
2020-05-12,0.0,17.73
2020-05-13,0.56,17.4
2020-05-14,0.0,17.71
2020-05-15,0.0,17.14
2020-05-16,0.0,17.13
2020-05-17,0.0,17.12
2020-05-18,0.0,17.0
2020-05-19,0.02,17.17
2020-05-20,0.0,17.07
2020-05-21,0.0,16.78
2020-05-22,1.97,16.48
2020-05-23,0.81,16.19
2020-05-24,3.35,16.43
2020-05-25,0.0,16.49
2020-05-26,0.0,16.43
2020-05-27,0.0,16.14
2020-05-28,0.0,15.63
2020-05-29,0.0,15.58
2020-05-30,0.0,15.34
2020-05-31,0.0,15.05
2020-06-01,0.0,14.83
2020-06-02,0.0,14.72
2020-06-03,1.86,14.84
2020-06-04,11.19,15.02
2020-06-05,9.41,19.27
2020-06-06,1.41,24.91
2020-06-07,0.02,18.88
2020-06-08,0.75,16.53
2020-06-09,4.02,16.15
2020-06-10,0.86,16.57
2020-06-11,0.1,16.59
2020-06-12,0.0,16.2
2020-06-13,0.65,15.28
2020-06-14,28.81,15.32
2020-06-15,0.92,22.99
2020-06-16,1.29,18.77
2020-06-17,12.17,17.5
2020-06-18,1.91,20.51
2020-06-19,0.13,18.93
2020-06-20,0.0,16.38
2020-06-21,0.88,15.76
2020-06-22,0.16,15.97
2020-06-23,0.0,16.02
2020-06-24,0.0,15.72
2020-06-25,0.0,15.63
2020-06-26,0.43,15.58
2020-06-27,1.87,15.62
2020-06-28,0.62,15.56
2020-06-29,1.51,15.06
2020-06-30,4.38,15.49
2020-07-01,15.45,16.23
2020-07-02,3.41,23.6
2020-07-03,0.03,18.9
2020-07-04,0.59,16.32
2020-07-05,0.23,15.88
2020-07-06,4.26,15.37
2020-07-07,1.6,16.27
2020-07-08,2.48,15.01
2020-07-09,1.83,14.97
2020-07-10,1.36,15.16
2020-07-11,0.06,14.59
2020-07-12,0.0,14.06
2020-07-13,0.0,13.69
2020-07-14,4.84,13.4
2020-07-15,1.87,14.27
2020-07-16,1.52,14.41
2020-07-17,0.02,14.61
2020-07-18,0.0,13.58
2020-07-19,0.62,13.41
2020-07-20,0.22,13.29
2020-07-21,0.0,13.4
2020-07-22,0.0,13.07
2020-07-23,0.0,13.06
2020-07-24,0.42,12.82
2020-07-25,10.89,13.22
2020-07-26,2.37,15.81
2020-07-27,0.79,18.45
2020-07-28,0.02,15.59
2020-07-29,0.0,13.68
2020-07-30,0.0,13.22
2020-07-31,0.04,13.18
2020-08-01,5.39,12.76
2020-08-02,0.17,13.19
2020-08-03,0.0,13.36
2020-08-04,0.0,13.45
2020-08-05,0.0,13.04
2020-08-06,0.01,12.13
2020-08-07,0.01,12.06
2020-08-08,0.0,11.88
2020-08-09,10.19,11.61
2020-08-10,0.01,22.47
2020-08-11,0.01,15.1
2020-08-12,4.81,13.3
2020-08-13,3.81,12.86
2020-08-14,25.34,17.68
2020-08-15,3.98,29.2
2020-08-16,3.03,25.3
2020-08-17,5.08,19.23
2020-08-18,1.54,21.43
2020-08-19,0.1,19.2
2020-08-20,0.71,16.16
2020-08-21,1.36,15.34
2020-08-22,0.03,15.49
2020-08-23,1.49,13.77
2020-08-24,0.93,14.1
2020-08-25,1.8,13.33
2020-08-26,0.91,13.41
2020-08-27,2.02,13.58
2020-08-28,1.87,13.54
2020-08-29,0.02,13.42
2020-08-30,0.27,13.18
2020-08-31,0.1,12.96
2020-09-01,1.2,12.56
2020-09-02,0.0,12.64
2020-09-03,5.82,12.82
2020-09-04,8.7,15.37
2020-09-05,3.62,16.48
2020-09-06,0.02,18.51
2020-09-07,0.0,14.94
2020-09-08,0.0,13.4
2020-09-09,0.89,13.02
2020-09-10,0.0,12.85
2020-09-11,0.0,12.27
2020-09-12,0.0,12.07
2020-09-13,0.0,12.11
2020-09-14,0.0,11.94
2020-09-15,0.0,11.69
2020-09-16,0.0,11.65
2020-09-17,0.0,11.38
2020-09-18,0.0,11.08
2020-09-19,0.0,11.15
2020-09-20,0.0,11.01
2020-09-21,0.0,10.9
2020-09-22,0.0,11.05
2020-09-23,2.65,10.89
2020-09-24,2.2,11.76
2020-09-25,0.18,12.29
2020-09-26,20.48,11.76
2020-09-27,0.1,20.69
2020-09-28,0.27,17.29
2020-09-29,1.18,14.07
2020-09-30,0.04,12.83
2020-10-01,0.59,12.7
2020-10-02,0.0,12.06
2020-10-03,2.75,11.82
2020-10-04,0.21,13.31
2020-10-05,1.93,12.03
2020-10-06,3.04,12.2
2020-10-07,4.07,13.39
2020-10-08,7.42,16.14
2020-10-09,1.12,15.55
2020-10-10,3.47,13.52
2020-10-11,2.05,14.34
2020-10-12,0.58,13.82
2020-10-13,0.11,12.7
2020-10-14,1.29,12.34
2020-10-15,0.54,12.15
2020-10-16,0.06,12.06
2020-10-17,0.04,12.05
2020-10-18,1.04,11.82
2020-10-19,0.04,12.02
2020-10-20,3.62,11.86
2020-10-21,2.05,13.23
2020-10-22,4.41,14.0
2020-10-23,6.93,14.67
2020-10-24,0.03,16.06
2020-10-25,3.36,15.01
2020-10-26,0.38,16.31
2020-10-27,0.48,13.48
2020-10-28,8.26,12.99
2020-10-29,6.81,14.76
2020-10-30,1.19,17.0
2020-10-31,1.66,15.04
2020-11-01,1.19,14.66
2020-11-02,3.15,14.27
2020-11-03,0.11,14.49
2020-11-04,0.0,13.84
2020-11-05,0.0,13.48
2020-11-06,0.0,13.09
2020-11-07,0.0,12.94
2020-11-08,0.0,12.8
2020-11-09,0.04,12.64
2020-11-10,0.04,12.38
2020-11-11,0.15,12.26
2020-11-12,0.44,12.37
2020-11-13,1.32,12.3
2020-11-14,0.01,11.72
2020-11-15,3.93,12.2
2020-11-16,1.11,14.66
2020-11-17,1.62,13.57
2020-11-18,0.56,12.94
2020-11-19,2.07,12.14
2020-11-20,0.05,12.85
2020-11-21,0.26,12.14
2020-11-22,2.05,12.28
2020-11-23,0.03,12.73
2020-11-24,0.0,12.08
2020-11-25,0.03,11.95
2020-11-26,0.22,11.94
2020-11-27,0.0,11.8
2020-11-28,0.0,11.8
2020-11-29,0.0,11.63
2020-11-30,5.89,11.44
2020-12-01,2.28,14.46
2020-12-02,0.21,14.89
2020-12-03,0.57,13.17
2020-12-04,2.09,12.42
2020-12-05,1.33,12.44
2020-12-06,4.72,12.43
2020-12-07,0.98,14.25
2020-12-08,0.01,15.59
2020-12-09,0.01,13.34
2020-12-10,0.02,12.7
2020-12-11,0.33,12.43
2020-12-12,0.61,12.45
2020-12-13,0.39,12.38
2020-12-14,3.21,12.27
2020-12-15,3.09,12.71
2020-12-16,0.06,13.95
2020-12-17,0.98,13.24
2020-12-18,0.01,13.17
2020-12-19,0.06,12.48
2020-12-20,0.8,12.39
2020-12-21,6.52,12.66
2020-12-22,2.75,14.84
2020-12-23,8.23,15.41
2020-12-24,2.82,20.46
2020-12-25,0.15,17.38
2020-12-26,0.08,15.01
2020-12-27,4.35,14.64
2020-12-28,0.62,16.55
2020-12-29,0.51,15.6
2020-12-30,1.56,14.99
2020-12-31,0.81,15.83
