date,location,new_cases,new_deaths,total_cases,total_deaths,weekly_cases,weekly_deaths,biweekly_cases,biweekly_deaths
2020-01-22,World,0.0,0.0,557.0,17.0,,,,
2020-01-23,World,100.0,1.0,657.0,18.0,,,,
2020-01-24,World,287.0,8.0,944.0,26.0,,,,
2020-01-25,World,493.0,16.0,1437.0,42.0,,,,
2020-01-26,World,683.0,14.0,2120.0,56.0,,,,
2020-01-27,World,809.0,26.0,2929.0,82.0,2372.0,65.0,,
2020-01-28,World,2651.0,49.0,5580.0,131.0,5023.0,114.0,,
2020-01-29,World,589.0,2.0,6169.0,133.0,5612.0,116.0,,
2020-01-30,World,2068.0,39.0,8237.0,172.0,7580.0,154.0,,
2020-01-31,World,1690.0,42.0,9927.0,214.0,8983.0,188.0,,
2020-02-01,World,2111.0,46.0,12038.0,260.0,10601.0,218.0,,
2020-02-02,World,4749.0,104.0,16787.0,364.0,14667.0,308.0,,
2020-02-03,World,3100.0,64.0,19887.0,428.0,16958.0,346.0,19330.0,411.0
2020-02-04,World,4012.0,66.0,23899.0,494.0,18319.0,363.0,23342.0,477.0
2020-02-05,World,3745.0,72.0,27644.0,566.0,21475.0,433.0,27087.0,549.0
2020-02-06,World,3162.0,70.0,30806.0,636.0,22569.0,464.0,30149.0,618.0
2020-02-07,World,3594.0,85.0,34400.0,721.0,24473.0,507.0,33456.0,695.0
2020-02-08,World,2731.0,87.0,37131.0,808.0,25093.0,548.0,35694.0,766.0
2020-02-09,World,3031.0,100.0,40162.0,908.0,23375.0,544.0,38042.0,852.0
2020-02-10,World,2609.0,107.0,42771.0,1015.0,22884.0,587.0,39842.0,933.0
2020-02-11,World,2043.0,100.0,44814.0,1115.0,20915.0,621.0,39234.0,984.0
2020-02-12,World,418.0,5.0,45232.0,1120.0,17588.0,554.0,39063.0,987.0
2020-02-13,World,15152.0,253.0,60384.0,1373.0,29578.0,737.0,52147.0,1201.0
2020-02-14,World,6528.0,152.0,66912.0,1525.0,32512.0,804.0,56985.0,1311.0
2020-02-15,World,2143.0,143.0,69055.0,1668.0,31924.0,860.0,57017.0,1408.0
2020-02-16,World,2183.0,104.0,71238.0,1772.0,31076.0,864.0,54451.0,1408.0
2020-02-17,World,2035.0,98.0,73273.0,1870.0,30502.0,855.0,53386.0,1442.0
2020-02-18,World,1882.0,140.0,75155.0,2010.0,30341.0,895.0,51256.0,1516.0
2020-02-19,World,500.0,115.0,75655.0,2125.0,30423.0,1005.0,48011.0,1559.0
2020-02-20,World,561.0,125.0,76216.0,2250.0,15832.0,877.0,45410.0,1614.0
2020-02-21,World,630.0,4.0,76846.0,2254.0,9934.0,729.0,42446.0,1533.0
2020-02-22,World,1762.0,208.0,78608.0,2462.0,9553.0,794.0,41477.0,1654.0
2020-02-23,World,382.0,11.0,78990.0,2473.0,7752.0,701.0,38828.0,1565.0
2020-02-24,World,568.0,160.0,79558.0,2633.0,6285.0,763.0,36787.0,1618.0
2020-02-25,World,854.0,80.0,80412.0,2713.0,5257.0,703.0,35598.0,1598.0
2020-02-26,World,973.0,61.0,81384.0,2774.0,5730.0,649.0,36153.0,1654.0
2020-02-27,World,1344.0,43.0,82728.0,2817.0,6513.0,567.0,22345.0,1444.0
2020-02-28,World,1424.0,59.0,84152.0,2876.0,7307.0,622.0,17241.0,1351.0
2020-02-29,World,1871.0,70.0,86023.0,2946.0,7416.0,484.0,16969.0,1278.0
2020-03-01,World,2379.0,54.0,88402.0,3000.0,9413.0,527.0,17165.0,1228.0
2020-03-02,World,1980.0,90.0,90382.0,3090.0,10825.0,457.0,17110.0,1220.0
2020-03-03,World,2612.0,74.0,92994.0,3164.0,12583.0,451.0,17840.0,1154.0
2020-03-04,World,2344.0,96.0,95338.0,3260.0,13954.0,486.0,19684.0,1135.0
2020-03-05,World,2740.0,95.0,98078.0,3355.0,15350.0,538.0,21863.0,1105.0
2020-03-06,World,3984.0,114.0,102062.0,3469.0,17910.0,593.0,25217.0,1215.0
2020-03-07,World,4137.0,104.0,106199.0,3573.0,20176.0,627.0,27592.0,1111.0
2020-03-08,World,3798.0,242.0,109997.0,3815.0,21595.0,815.0,31008.0,1342.0
2020-03-09,World,4295.0,194.0,114292.0,4009.0,23910.0,919.0,34735.0,1376.0
2020-03-10,World,4759.0,275.0,119051.0,4284.0,26057.0,1120.0,38640.0,1571.0
2020-03-11,World,7504.0,352.0,126527.0,4636.0,31217.0,1376.0,45171.0,1862.0
2020-03-12,World,6756.0,321.0,133283.0,4957.0,35233.0,1602.0,50583.0,2140.0
2020-03-13,World,13194.0,503.0,146477.0,5460.0,44443.0,1991.0,62353.0,2584.0
2020-03-14,World,10888.0,426.0,157365.0,5886.0,51194.0,2313.0,71370.0,2940.0
2020-03-15,World,11233.0,666.0,168598.0,6552.0,58629.0,2737.0,80224.0,3552.0
2020-03-16,World,14567.0,716.0,183165.0,7268.0,68901.0,3259.0,92811.0,4178.0
2020-03-17,World,15174.0,851.0,198339.0,8118.0,79316.0,3835.0,105373.0,4955.0
2020-03-18,World,17560.0,954.0,215899.0,9072.0,89372.0,4437.0,120589.0,5813.0
2020-03-19,World,27087.0,1144.0,242986.0,10214.0,109703.0,5260.0,144936.0,6862.0
2020-03-20,World,29532.0,1575.0,272516.0,11789.0,126041.0,6332.0,170484.0,8323.0
2020-03-21,World,32433.0,1809.0,304943.0,13597.0,147586.0,7715.0,198780.0,10028.0
2020-03-22,World,34178.0,1830.0,339121.0,15427.0,170531.0,8879.0,229160.0,11616.0
2020-03-23,World,42551.0,2096.0,381672.0,17523.0,198515.0,10259.0,267416.0,13518.0
2020-03-24,World,41888.0,2426.0,423545.0,19949.0,225229.0,11834.0,304545.0,15669.0
2020-03-25,World,51480.0,2971.0,475025.0,22920.0,259149.0,13851.0,348521.0,18288.0
2020-03-26,World,60810.0,3256.0,535835.0,26173.0,292872.0,15963.0,402575.0,21223.0
2020-03-27,World,63913.0,3638.0,599748.0,29811.0,327253.0,18026.0,453294.0,24358.0
2020-03-28,World,69564.0,4049.0,669312.0,33860.0,364384.0,20266.0,511970.0,27981.0
2020-03-29,World,56503.0,3819.0,725815.0,37679.0,386709.0,22255.0,557240.0,31134.0
2020-03-30,World,65003.0,4368.0,790818.0,42047.0,409161.0,24527.0,607676.0,34786.0
2020-03-31,World,78439.0,5168.0,869257.0,47215.0,445712.0,27269.0,670941.0,39103.0
2020-04-01,World,86333.0,6644.0,955590.0,53859.0,480565.0,30942.0,739714.0,44793.0
2020-04-02,World,82418.0,6253.0,1038007.0,60112.0,502173.0,33939.0,795045.0,49902.0
2020-04-03,World,84201.0,6501.0,1122208.0,66613.0,522461.0,36802.0,849714.0,54828.0
2020-04-04,World,77147.0,6590.0,1182278.0,72971.0,530044.0,39343.0,894428.0,59609.0
2020-04-05,World,71698.0,5919.0,1253976.0,78890.0,545239.0,41443.0,931948.0,63698.0
2020-04-06,World,74672.0,6427.0,1328648.0,85317.0,554908.0,43502.0,964069.0,68029.0
2020-04-07,World,72422.0,8515.0,1397576.0,93832.0,548891.0,46849.0,994603.0,74118.0
2020-04-08,World,82153.0,7220.0,1479729.0,101052.0,544711.0,47425.0,1025276.0,78367.0
2020-04-09,World,87165.0,8153.0,1566894.0,109205.0,549458.0,49325.0,1051631.0,83264.0
2020-04-10,World,86413.0,7740.0,1653307.0,116945.0,551670.0,50564.0,1074131.0,87366.0
2020-04-11,World,75491.0,6981.0,1728798.0,123926.0,550014.0,50955.0,1080058.0,90298.0
2020-04-12,World,118581.0,6514.0,1847358.0,130440.0,596897.0,51550.0,1142136.0,92993.0
2020-04-13,World,71823.0,6512.0,1919181.0,136952.0,594048.0,51635.0,1148956.0,95137.0
2020-04-14,World,84618.0,7358.0,2003799.0,144308.0,606244.0,50478.0,1155135.0,97327.0
2020-04-15,World,78247.0,8765.0,2082046.0,153073.0,602338.0,52023.0,1147049.0,99448.0
2020-04-16,World,94463.0,7708.0,2176509.0,160781.0,609636.0,51578.0,1159094.0,100903.0
2020-04-17,World,87872.0,7592.0,2264381.0,169668.0,611095.0,51430.0,1162765.0,101994.0
2020-04-18,World,78244.0,6427.0,2342624.0,176095.0,613848.0,50876.0,1163862.0,101831.0
2020-04-19,World,76311.0,6100.0,2418935.0,182195.0,571578.0,50462.0,1168475.0,102012.0
2020-04-20,World,76471.0,6510.0,2495406.0,188705.0,576226.0,50460.0,1170274.0,102095.0
2020-04-21,World,76083.0,7196.0,2571489.0,195901.0,567691.0,50298.0,1173935.0,100776.0
2020-04-22,World,82035.0,7276.0,2653524.0,203177.0,571479.0,48809.0,1173817.0,100832.0
2020-04-23,World,84418.0,7270.0,2736233.0,210447.0,561434.0,48371.0,1171070.0,99949.0
2020-04-24,World,93596.0,6834.0,2819795.0,217280.0,567158.0,47613.0,1178253.0,99043.0
2020-04-25,World,83184.0,6048.0,2902979.0,223328.0,572098.0,47234.0,1185946.0,98110.0
2020-04-26,World,70794.0,4816.0,2973772.0,228144.0,566581.0,45950.0,1138159.0,96412.0
2020-04-27,World,70981.0,5445.0,3044753.0,233589.0,561091.0,44885.0,1137317.0,95345.0
2020-04-28,World,75830.0,6629.0,3120583.0,240218.0,560838.0,44318.0,1128529.0,94616.0
2020-04-29,World,78781.0,6980.0,3197909.0,247198.0,557584.0,44022.0,1129063.0,92831.0
2020-04-30,World,83647.0,6252.0,3281556.0,253450.0,556813.0,43004.0,1118247.0,91375.0
2020-05-01,World,88940.0,5593.0,3370496.0,259037.0,552157.0,41763.0,1119315.0,89376.0
2020-05-02,World,78428.0,6044.0,3448757.0,265081.0,547401.0,41759.0,1119499.0,88993.0
2020-05-03,World,74013.0,4274.0,3522754.0,269355.0,550620.0,41217.0,1117201.0,87167.0
2020-05-04,World,77642.0,4844.0,3600390.0,274199.0,557281.0,40616.0,1118372.0,85501.0
2020-05-05,World,79684.0,6147.0,3680074.0,280346.0,561135.0,40134.0,1121973.0,84452.0
2020-05-06,World,90421.0,6760.0,3770495.0,287106.0,572775.0,39914.0,1130359.0,83936.0
2020-05-07,World,90721.0,5866.0,3859633.0,292972.0,579849.0,39528.0,1136662.0,82532.0
2020-05-08,World,91963.0,5954.0,3950116.0,298926.0,582872.0,39889.0,1135029.0,81652.0
2020-05-09,World,84343.0,4918.0,4034459.0,303844.0,588787.0,38763.0,1136188.0,80522.0
2020-05-10,World,75223.0,4338.0,4109682.0,308182.0,589997.0,38827.0,1140617.0,80044.0
2020-05-11,World,76198.0,4078.0,4185823.0,312260.0,588553.0,38061.0,1145834.0,78677.0
2020-05-12,World,85297.0,5735.0,4271100.0,317989.0,594166.0,37649.0,1155301.0,77783.0
2020-05-13,World,84349.0,5437.0,4355448.0,323426.0,588094.0,36326.0,1160869.0,76240.0
2020-05-14,World,95642.0,5748.0,4451089.0,329174.0,593015.0,36208.0,1172864.0,75736.0
2020-05-15,World,95902.0,5753.0,4546991.0,334927.0,596954.0,36007.0,1179826.0,75896.0
2020-05-16,World,93890.0,4541.0,4640881.0,339468.0,606501.0,35630.0,1195288.0,74393.0
2020-05-17,World,78363.0,3880.0,4719244.0,343348.0,609641.0,35172.0,1199638.0,73999.0
2020-05-18,World,89132.0,4396.0,4808376.0,347743.0,622575.0,35490.0,1211128.0,73551.0
2020-05-19,World,96022.0,5185.0,4904189.0,352711.0,633300.0,34940.0,1227466.0,72589.0
2020-05-20,World,105422.0,5406.0,5009611.0,358117.0,654373.0,34909.0,1242467.0,71235.0
2020-05-21,World,106077.0,5034.0,5115584.0,363151.0,664808.0,34195.0,1257823.0,70403.0
2020-05-22,World,107339.0,5705.0,5222923.0,368856.0,676245.0,34147.0,1273199.0,70154.0
2020-05-23,World,104150.0,4454.0,5327073.0,373310.0,686505.0,34060.0,1293006.0,69690.0
2020-05-24,World,93655.0,3480.0,5420289.0,376710.0,701797.0,33660.0,1311438.0,68832.0
2020-05-25,World,88595.0,3614.0,5508512.0,378404.0,701260.0,32878.0,1323835.0,68368.0
2020-05-26,World,92362.0,4780.0,5600874.0,383184.0,697600.0,32473.0,1330900.0,67413.0
2020-05-27,World,102555.0,5220.0,5703429.0,388404.0,694733.0,32287.0,1349106.0,67196.0
2020-05-28,World,119993.0,4991.0,5823422.0,393395.0,708649.0,32244.0,1373457.0,66439.0
2020-05-29,World,121435.0,5156.0,5944857.0,398551.0,722745.0,31695.0,1398990.0,65842.0
2020-05-30,World,135043.0,4359.0,6079900.0,402910.0,753638.0,31600.0,1440143.0,65660.0
2020-05-31,World,102860.0,3287.0,6182760.0,406197.0,762843.0,31407.0,1464640.0,65067.0
2020-06-01,World,100264.0,3744.0,6283024.0,409938.0,774512.0,31537.0,1475772.0,64415.0
2020-06-02,World,123288.0,5271.0,6405665.0,415209.0,805438.0,32028.0,1503038.0,64501.0
2020-06-03,World,114442.0,5621.0,6516881.0,420830.0,817325.0,32429.0,1512058.0,64716.0
2020-06-04,World,138230.0,5527.0,6655111.0,426357.0,835562.0,32965.0,1544211.0,65209.0
2020-06-05,World,133405.0,5057.0,6788516.0,431414.0,847532.0,32866.0,1570277.0,64561.0
2020-06-06,World,129330.0,4140.0,6917846.0,435554.0,841819.0,32647.0,1595457.0,64247.0
2020-06-07,World,111012.0,3257.0,7028858.0,438811.0,849971.0,32617.0,1612814.0,64024.0
2020-06-08,World,103046.0,4455.0,7131904.0,443266.0,852753.0,33328.0,1627265.0,64865.0
2020-06-09,World,125982.0,5045.0,7257886.0,448311.0,855447.0,33102.0,1660885.0,65130.0
2020-06-10,World,137160.0,5426.0,7395046.0,453737.0,878165.0,32907.0,1695490.0,65336.0
2020-06-11,World,136186.0,5139.0,7531232.0,458874.0,876121.0,32519.0,1711683.0,65484.0
2020-06-12,World,127474.0,4743.0,7658706.0,463617.0,870190.0,32205.0,1717722.0,65071.0
2020-06-13,World,133908.0,4394.0,7792614.0,468010.0,874768.0,32459.0,1716587.0,65106.0
2020-06-14,World,131947.0,3782.0,7924561.0,471792.0,895703.0,32984.0,1745674.0,65601.0
2020-06-15,World,124912.0,4067.0,8049473.0,475859.0,917569.0,32596.0,1770322.0,65924.0
2020-06-16,World,143899.0,7118.0,8193372.0,482977.0,935486.0,34669.0,1790933.0,67771.0
2020-06-17,World,143199.0,5477.0,8336571.0,488454.0,941525.0,34720.0,1819690.0,67627.0
2020-06-18,World,143094.0,5354.0,8479665.0,493808.0,948433.0,34935.0,1824554.0,67454.0
2020-06-19,World,181142.0,5179.0,8660659.0,500166.0,1002101.0,35371.0,1872291.0,67576.0
2020-06-20,World,185883.0,4482.0,8846542.0,504648.0,1054076.0,35459.0,1928844.0,67918.0
2020-06-21,World,112858.0,4644.0,8939604.0,509291.0,1034987.0,36321.0,1930690.0,69305.0
2020-06-22,World,142333.0,3867.0,9081936.0,513158.0,1052408.0,36121.0,1969977.0,68717.0
2020-06-23,World,168126.0,5569.0,9250059.0,518727.0,1076635.0,34572.0,2012121.0,69241.0
2020-06-24,World,171436.0,5529.0,9421495.0,524225.0,1104872.0,34624.0,2046397.0,69344.0
2020-06-25,World,179515.0,5110.0,9601010.0,529335.0,1141293.0,34380.0,2089726.0,69315.0
2020-06-26,World,192488.0,5083.0,9793498.0,534418.0,1152639.0,34284.0,2154740.0,69655.0
2020-06-27,World,176412.0,4736.0,9969910.0,539154.0,1143168.0,34538.0,2197244.0,69997.0
2020-06-28,World,168866.0,3622.0,10138367.0,542775.0,1199176.0,33516.0,2234163.0,69837.0
2020-06-29,World,152682.0,4072.0,10291049.0,546847.0,1209525.0,33721.0,2261933.0,69842.0
2020-06-30,World,183771.0,5252.0,10474820.0,552099.0,1225170.0,33404.0,2301805.0,67976.0
2020-07-01,World,215128.0,5341.0,10689948.0,557440.0,1268862.0,33216.0,2373734.0,67840.0
2020-07-02,World,204970.0,5514.0,10894918.0,562954.0,1294317.0,33620.0,2435610.0,68000.0
2020-07-03,World,202639.0,5240.0,11097556.0,568194.0,1304468.0,33777.0,2457107.0,68061.0
2020-07-04,World,189714.0,4796.0,11287270.0,572988.0,1317770.0,33837.0,2460938.0,68375.0
2020-07-05,World,186220.0,3849.0,11473490.0,576833.0,1335124.0,34064.0,2534300.0,67580.0
2020-07-06,World,168273.0,4268.0,11641763.0,581101.0,1350715.0,34260.0,2560240.0,67981.0
2020-07-07,World,209569.0,6360.0,11851332.0,587461.0,1376513.0,35368.0,2601683.0,68772.0
2020-07-08,World,215281.0,5633.0,12066613.0,593090.0,1376666.0,35660.0,2645528.0,68876.0
2020-07-09,World,224596.0,5849.0,12291209.0,598939.0,1396292.0,35995.0,2690609.0,69615.0
2020-07-10,World,232881.0,5743.0,12524090.0,604681.0,1426534.0,36498.0,2731002.0,70275.0
2020-07-11,World,212820.0,5141.0,12736910.0,609822.0,1449640.0,36843.0,2767410.0,70680.0
2020-07-12,World,192932.0,4302.0,12929842.0,614124.0,1456352.0,37296.0,2791476.0,71360.0
2020-07-13,World,194478.0,4436.0,13124320.0,618560.0,1482557.0,37464.0,2833272.0,71724.0
2020-07-14,World,221023.0,5987.0,13345343.0,624545.0,1494011.0,37091.0,2870524.0,72459.0
2020-07-15,World,229786.0,5919.0,13575129.0,630464.0,1508516.0,37377.0,2885182.0,73037.0
2020-07-16,World,244912.0,6162.0,13820041.0,636626.0,1528832.0,37690.0,2925124.0,73685.0
2020-07-17,World,237420.0,5981.0,14057461.0,643664.0,1533371.0,37928.0,2959905.0,74426.0
2020-07-18,World,235339.0,6532.0,14292800.0,650194.0,1555890.0,39319.0,3005530.0,76162.0
2020-07-19,World,211891.0,4894.0,14504691.0,655088.0,1574849.0,39911.0,3031201.0,77207.0
2020-07-20,World,208144.0,3965.0,14712835.0,659053.0,1588515.0,39440.0,3071072.0,76904.0
2020-07-21,World,243131.0,6351.0,14955856.0,665391.0,1610623.0,39804.0,3104634.0,76895.0
2020-07-22,World,275358.0,7419.0,15231212.0,672810.0,1656195.0,41304.0,3164711.0,78681.0
2020-07-23,World,279632.0,6637.0,15510843.0,679447.0,1690915.0,41779.0,3219747.0,79469.0
2020-07-24,World,283506.0,6462.0,15794349.0,685909.0,1737001.0,42260.0,3270372.0,80188.0
2020-07-25,World,249557.0,6065.0,16043906.0,691974.0,1751219.0,41793.0,3307109.0,81112.0
2020-07-26,World,211808.0,4409.0,16255714.0,696383.0,1751136.0,41308.0,3325985.0,81219.0
2020-07-27,World,234390.0,5314.0,16490100.0,701679.0,1777382.0,42657.0,3365897.0,82097.0
2020-07-28,World,263887.0,6938.0,16753987.0,708617.0,1798138.0,43244.0,3408761.0,83048.0
2020-07-29,World,270232.0,6628.0,17024219.0,715245.0,1793012.0,42453.0,3449207.0,83757.0
2020-07-30,World,281780.0,6781.0,17305999.0,722022.0,1795160.0,42597.0,3486075.0,84376.0
2020-07-31,World,287462.0,6610.0,17593461.0,728632.0,1799116.0,42745.0,3536117.0,85005.0
2020-08-01,World,246271.0,5986.0,17839732.0,734618.0,1795830.0,42666.0,3547049.0,84459.0
2020-08-02,World,230611.0,4700.0,18070343.0,739305.0,1814633.0,42957.0,3565769.0,84265.0
2020-08-03,World,206057.0,4857.0,18276399.0,744162.0,1786300.0,42500.0,3563682.0,85157.0
2020-08-04,World,265304.0,7174.0,18541703.0,751333.0,1787717.0,42736.0,3585855.0,85980.0
2020-08-05,World,275153.0,7377.0,18816856.0,758710.0,1792638.0,43485.0,3585650.0,85938.0
2020-08-06,World,286702.0,6847.0,19103558.0,765557.0,1797560.0,43551.0,3592720.0,86148.0
2020-08-07,World,282433.0,6757.0,19385991.0,772310.0,1792531.0,43698.0,3591647.0,86443.0
2020-08-08,World,265226.0,6024.0,19651217.0,778334.0,1811486.0,43736.0,3607316.0,86402.0
2020-08-09,World,232997.0,5194.0,19884212.0,783528.0,1813872.0,44230.0,3628505.0,87187.0
2020-08-10,World,233210.0,5377.0,20117422.0,788905.0,1841025.0,44750.0,3627325.0,87250.0
2020-08-11,World,265564.0,6615.0,20382985.0,795520.0,1841285.0,44191.0,3629002.0,86927.0
2020-08-12,World,275070.0,6975.0,20658055.0,802493.0,1841202.0,43789.0,3633840.0,87274.0
2020-08-13,World,290108.0,6787.0,20948147.0,809280.0,1844608.0,43729.0,3642168.0,87280.0
2020-08-14,World,307071.0,6568.0,21255218.0,815847.0,1869246.0,43540.0,3661777.0,87238.0
2020-08-15,World,249023.0,6054.0,21504241.0,821901.0,1853043.0,43570.0,3664529.0,87306.0
2020-08-16,World,210081.0,4800.0,21714280.0,826701.0,1830127.0,43176.0,3643999.0,87406.0
2020-08-17,World,212882.0,4623.0,21927162.0,831324.0,1809799.0,42422.0,3650824.0,87172.0
2020-08-18,World,259402.0,7056.0,22186564.0,838380.0,1803637.0,42863.0,3644922.0,87054.0
2020-08-19,World,277473.0,6423.0,22464037.0,844802.0,1806040.0,42311.0,3647242.0,86100.0
2020-08-20,World,271478.0,6427.0,22735515.0,851229.0,1787410.0,41951.0,3632018.0,85680.0
2020-08-21,World,261951.0,6215.0,22997466.0,857001.0,1742290.0,41598.0,3611536.0,85138.0
2020-08-22,World,263529.0,5789.0,23260995.0,862790.0,1756796.0,41333.0,3609839.0,84903.0
2020-08-23,World,202757.0,4307.0,23463752.0,867097.0,1749472.0,40840.0,3579599.0,84016.0
2020-08-24,World,228200.0,4857.0,23691852.0,871954.0,1764790.0,41074.0,3574589.0,83496.0
2020-08-25,World,245208.0,6563.0,23937060.0,878517.0,1750596.0,40581.0,3554233.0,83444.0
2020-08-26,World,281688.0,6654.0,24218748.0,885054.0,1754811.0,40812.0,3560851.0,83123.0
2020-08-27,World,287261.0,6215.0,24506009.0,891269.0,1770594.0,40600.0,3558004.0,82551.0
2020-08-28,World,285285.0,5825.0,24789946.0,897094.0,1793928.0,40210.0,3536218.0,81808.0
2020-08-29,World,260733.0,5788.0,25050679.0,902882.0,1791132.0,40209.0,3547928.0,81542.0
2020-08-30,World,219736.0,4274.0,25270415.0,907156.0,1808111.0,40176.0,3557583.0,81016.0
2020-08-31,World,264307.0,4433.0,25534722.0,911589.0,1844218.0,39752.0,3609008.0,80826.0
2020-09-01,World,266884.0,6609.0,25801606.0,918190.0,1865894.0,39798.0,3616490.0,80379.0
2020-09-02,World,281900.0,6320.0,26083494.0,924507.0,1866106.0,39464.0,3620917.0,80276.0
2020-09-03,World,285429.0,6100.0,26368923.0,930607.0,1864274.0,39349.0,3634868.0,79949.0
2020-09-04,World,301728.0,5861.0,26670651.0,936447.0,1880717.0,39385.0,3674645.0,79595.0
2020-09-05,World,273721.0,5093.0,26944372.0,941540.0,1893705.0,38690.0,3684837.0,78899.0
2020-09-06,World,228998.0,4135.0,27173370.0,945675.0,1902967.0,38551.0,3711078.0,78727.0
2020-09-07,World,225236.0,5771.0,27390653.0,955298.0,1863896.0,39889.0,3708114.0,79641.0
2020-09-08,World,246510.0,5123.0,27637163.0,960421.0,1843522.0,38403.0,3709416.0,78201.0
2020-09-09,World,285310.0,6265.0,27922473.0,966686.0,1846932.0,38348.0,3713038.0,77812.0
2020-09-10,World,304390.0,6033.0,28226863.0,972688.0,1865893.0,38281.0,3730167.0,77630.0
2020-09-11,World,316361.0,6000.0,28543224.0,978687.0,1880526.0,38420.0,3761243.0,77805.0
2020-09-12,World,288724.0,5058.0,28831948.0,983745.0,1895529.0,38385.0,3789234.0,77075.0
2020-09-13,World,248834.0,3963.0,29080782.0,987708.0,1915365.0,38213.0,3818332.0,76764.0
2020-09-14,World,267138.0,4607.0,29347920.0,992315.0,1957267.0,37049.0,3821163.0,76938.0
2020-09-15,World,280551.0,6562.0,29628471.0,998877.0,1991308.0,38488.0,3834830.0,76891.0
2020-09-16,World,304950.0,5868.0,29933421.0,1004745.0,2010948.0,38091.0,3857880.0,76439.0
2020-09-17,World,315570.0,5648.0,30248991.0,1010393.0,2022128.0,37706.0,3888021.0,75987.0
2020-09-18,World,326644.0,5852.0,30575635.0,1016245.0,2032411.0,37558.0,3912937.0,75978.0
2020-09-19,World,293118.0,5273.0,30868753.0,1021518.0,2036805.0,37773.0,3932334.0,76158.0
2020-09-20,World,255127.0,3982.0,31123880.0,1025500.0,2043098.0,37792.0,3958463.0,76005.0
2020-09-21,World,259906.0,4428.0,31383786.0,1029928.0,2035866.0,37613.0,3993133.0,74662.0
2020-09-22,World,284318.0,6151.0,31668104.0,1036079.0,2039633.0,37202.0,4030941.0,75690.0
2020-09-23,World,311651.0,6551.0,31979755.0,1042630.0,2046334.0,37885.0,4057282.0,75976.0
2020-09-24,World,320951.0,5668.0,32300706.0,1048298.0,2051715.0,37905.0,4073843.0,75611.0
2020-09-25,World,330614.0,6017.0,32631320.0,1054315.0,2055685.0,38070.0,4088096.0,75628.0
2020-09-26,World,286111.0,5432.0,32917431.0,1059747.0,2048678.0,38229.0,4085483.0,76002.0
2020-09-27,World,247081.0,3885.0,33164420.0,1063632.0,2040632.0,38132.0,4083730.0,75924.0
2020-09-28,World,261248.0,4114.0,33425668.0,1067746.0,2041974.0,37818.0,4077840.0,75431.0
2020-09-29,World,282799.0,6048.0,33708467.0,1073794.0,2040455.0,37715.0,4080088.0,74917.0
2020-09-30,World,324544.0,6426.0,34033011.0,1080220.0,2053348.0,37590.0,4099682.0,75475.0
2020-10-01,World,319108.0,8894.0,34352119.0,1089114.0,2051505.0,40816.0,4103220.0,78721.0
2020-10-02,World,329499.0,5735.0,34681618.0,1094844.0,2050390.0,40534.0,4106075.0,78604.0
2020-10-03,World,297355.0,4784.0,34978973.0,1099628.0,2061634.0,39886.0,4110312.0,78115.0
2020-10-04,World,260528.0,4041.0,35239501.0,1103669.0,2075081.0,40042.0,4115713.0,78174.0
2020-10-05,World,311343.0,4300.0,35550844.0,1110758.0,2125176.0,40228.0,4167150.0,78046.0
2020-10-06,World,316119.0,5862.0,35866963.0,1116620.0,2158496.0,40042.0,4198951.0,77757.0
2020-10-07,World,349188.0,5924.0,36216151.0,1122541.0,2183140.0,39540.0,4236488.0,77130.0
2020-10-08,World,359316.0,6386.0,36575467.0,1128924.0,2223348.0,37032.0,4274853.0,77848.0
2020-10-09,World,360399.0,6180.0,36935866.0,1135104.0,2254248.0,37477.0,4304638.0,78011.0
2020-10-10,World,355522.0,4905.0,37291388.0,1140009.0,2312415.0,37598.0,4374049.0,77484.0
2020-10-11,World,289485.0,4195.0,37580873.0,1144204.0,2341372.0,37752.0,4416453.0,77794.0
2020-10-12,World,290015.0,4127.0,37870888.0,1148331.0,2320044.0,37579.0,4445220.0,77807.0
2020-10-13,World,319369.0,5349.0,38190257.0,1153680.0,2323294.0,37066.0,4481790.0,77108.0
2020-10-14,World,380769.0,6164.0,38571026.0,1159843.0,2354875.0,37306.0,4538015.0,76846.0
2020-10-15,World,406991.0,6209.0,38978017.0,1166052.0,2402550.0,37129.0,4625898.0,74161.0
2020-10-16,World,410519.0,6213.0,39388536.0,1172265.0,2452670.0,37162.0,4706918.0,74639.0
2020-10-17,World,372131.0,5727.0,39760667.0,1177992.0,2469279.0,37984.0,4781694.0,75582.0
2020-10-18,World,331243.0,3959.0,40091910.0,1181951.0,2511037.0,37748.0,4852409.0,75500.0
2020-10-19,World,374940.0,4842.0,40466850.0,1186793.0,2595962.0,38463.0,4916006.0,76042.0
2020-10-20,World,388867.0,6624.0,40855717.0,1193417.0,2665460.0,39738.0,4988754.0,76804.0
2020-10-21,World,439606.0,6903.0,41295323.0,1200320.0,2724297.0,40477.0,5079172.0,77783.0
2020-10-22,World,482070.0,5978.0,41777393.0,1206298.0,2799376.0,40246.0,5201926.0,77375.0
2020-10-23,World,493893.0,7104.0,42271286.0,1213402.0,2882750.0,41137.0,5335420.0,78299.0
2020-10-24,World,456336.0,5918.0,42727622.0,1219320.0,2966955.0,41328.0,5436234.0,79312.0
2020-10-25,World,358826.0,4386.0,43086448.0,1223685.0,2994538.0,41755.0,5505575.0,79503.0
2020-10-26,World,483038.0,5839.0,43569486.0,1229524.0,3102636.0,42752.0,5698598.0,81215.0
2020-10-27,World,468457.0,7386.0,44037943.0,1236910.0,3182226.0,43514.0,5847686.0,83252.0
2020-10-28,World,521758.0,7181.0,44559701.0,1244085.0,3264378.0,43792.0,5988675.0,84269.0
2020-10-29,World,551370.0,7237.0,45111071.0,1251322.0,3333678.0,45051.0,6133054.0,85297.0
2020-10-30,World,571737.0,7775.0,45682808.0,1259097.0,3411522.0,45722.0,6294272.0,86859.0
2020-10-31,World,472103.0,6671.0,46154911.0,1265768.0,3427289.0,46475.0,6394244.0,87803.0
2020-11-01,World,439182.0,5356.0,46594093.0,1271124.0,3507645.0,47445.0,6502183.0,89200.0
2020-11-02,World,548359.0,6457.0,47142452.0,1277581.0,3572966.0,48063.0,6675602.0,90815.0
2020-11-03,World,565510.0,9574.0,47707962.0,1287153.0,3670019.0,50251.0,6852245.0,93765.0
2020-11-04,World,538593.0,9928.0,48200096.0,1297046.0,3686854.0,52998.0,6951232.0,96790.0
2020-11-05,World,619321.0,8740.0,48819416.0,1305786.0,3754805.0,54501.0,7088483.0,99552.0
2020-11-06,World,623170.0,9156.0,49442586.0,1314942.0,3806238.0,55882.0,7217760.0,101604.0
2020-11-07,World,599172.0,7786.0,50041758.0,1322728.0,3933307.0,56997.0,7360596.0,103472.0
2020-11-08,World,490833.0,6402.0,50532591.0,1329129.0,3984958.0,58043.0,7492603.0,105488.0
2020-11-09,World,509798.0,7581.0,51042389.0,1336710.0,3946397.0,59167.0,7519363.0,107230.0
2020-11-10,World,570742.0,9775.0,51613131.0,1346485.0,3951629.0,59368.0,7621648.0,109619.0
2020-11-11,World,624650.0,10417.0,52237781.0,1356902.0,4037686.0,59857.0,7724540.0,112855.0
2020-11-12,World,640178.0,9715.0,52877959.0,1366617.0,4058543.0,60832.0,7813348.0,115333.0
2020-11-13,World,660920.0,9897.0,53538879.0,1376514.0,4096293.0,61573.0,7902531.0,117455.0
2020-11-14,World,587009.0,9169.0,54125888.0,1385683.0,4084130.0,62956.0,8017437.0,119953.0
2020-11-15,World,490215.0,6928.0,54616103.0,1392611.0,4083512.0,63482.0,8068470.0,121525.0
2020-11-16,World,525620.0,8054.0,55141723.0,1400665.0,4099334.0,63955.0,8045731.0,123122.0
2020-11-17,World,602301.0,10969.0,55744024.0,1411634.0,4130893.0,65149.0,8082522.0,124517.0
2020-11-18,World,622256.0,11466.0,56366280.0,1423100.0,4128499.0,66198.0,8166185.0,126055.0
2020-11-19,World,653979.0,11140.0,57020259.0,1434240.0,4142300.0,67623.0,8200843.0,128455.0
2020-11-20,World,674020.0,11778.0,57694279.0,1446018.0,4155400.0,69504.0,8251693.0,131077.0
2020-11-21,World,592556.0,9305.0,58286835.0,1455323.0,4160947.0,69640.0,8245077.0,132596.0
2020-11-22,World,498067.0,7669.0,58784902.0,1462992.0,4168799.0,70381.0,8252311.0,133863.0
2020-11-23,World,534002.0,8725.0,59318904.0,1471717.0,4177181.0,71052.0,8276515.0,135007.0
2020-11-24,World,590779.0,12511.0,59909683.0,1484228.0,4165659.0,72594.0,8296552.0,137743.0
2020-11-25,World,617070.0,11993.0,60526753.0,1496221.0,4160473.0,73121.0,8288972.0,139319.0
2020-11-26,World,589254.0,10942.0,61116007.0,1507163.0,4095748.0,72923.0,8238048.0,140546.0
2020-11-27,World,695308.0,11521.0,61811315.0,1518684.0,4117036.0,72666.0,8272436.0,142170.0
2020-11-28,World,607542.0,9517.0,62418857.0,1528201.0,4132022.0,72878.0,8292969.0,142518.0
2020-11-29,World,495591.0,7653.0,62914448.0,1535854.0,4129546.0,72862.0,8298345.0,143243.0
2020-11-30,World,506549.0,9079.0,63420997.0,1544933.0,4102093.0,73216.0,8279274.0,144268.0
2020-12-01,World,614872.0,12387.0,64035869.0,1557320.0,4126186.0,73092.0,8291845.0,145686.0
2020-12-02,World,640220.0,12486.0,64676089.0,1569806.0,4149336.0,73585.0,8309809.0,146706.0
2020-12-03,World,690562.0,12707.0,65366651.0,1582513.0,4250644.0,75350.0,8346392.0,148273.0
2020-12-04,World,696292.0,12431.0,66062943.0,1594944.0,4251628.0,76260.0,8368664.0,148926.0
2020-12-05,World,642292.0,10604.0,66705235.0,1605548.0,4286378.0,77347.0,8418400.0,150225.0
2020-12-06,World,543873.0,8095.0,67249108.0,1613643.0,4334660.0,77789.0,8464206.0,150651.0
2020-12-07,World,534823.0,8832.0,67783931.0,1622475.0,4362934.0,77542.0,8465027.0,150758.0
2020-12-08,World,630564.0,12039.0,68414495.0,1634512.0,4378626.0,77194.0,8504812.0,150286.0
2020-12-09,World,665323.0,12569.0,69079818.0,1647081.0,4403729.0,77277.0,8553065.0,150862.0
2020-12-10,World,672114.0,12418.0,70575155.0,1659499.0,4385281.0,76988.0,8635925.0,152338.0
2020-12-11,World,705694.0,13182.0,71280849.0,1672681.0,4394683.0,77739.0,8646311.0,153999.0
2020-12-12,World,648648.0,10829.0,71929497.0,1683510.0,4401039.0,77964.0,8687417.0,155311.0
2020-12-13,World,538717.0,8229.0,72468214.0,1691739.0,4395883.0,78098.0,8730543.0,155887.0
2020-12-14,World,551097.0,9194.0,73019311.0,1700933.0,4412157.0,78460.0,8775091.0,156002.0
2020-12-15,World,648532.0,13223.0,73667843.0,1714156.0,4430125.0,79644.0,8808751.0,156838.0
2020-12-16,World,717514.0,13907.0,74385323.0,1728063.0,4482316.0,80982.0,8886045.0,158259.0
2020-12-17,World,738542.0,13166.0,75123865.0,1741229.0,4548744.0,81730.0,8934025.0,158718.0
2020-12-18,World,721330.0,13065.0,75845195.0,1754294.0,4564380.0,81613.0,8959063.0,159352.0
2020-12-19,World,635405.0,11257.0,76480600.0,1765551.0,4551137.0,82041.0,8952176.0,160005.0
2020-12-20,World,547176.0,8376.0,77027776.0,1773927.0,4559596.0,82188.0,8955479.0,160286.0
2020-12-21,World,546184.0,9485.0,77573960.0,1783412.0,4554683.0,82479.0,8966840.0,160939.0
2020-12-22,World,651341.0,13844.0,78225301.0,1797256.0,4557492.0,83100.0,8987617.0,162744.0
2020-12-23,World,682042.0,13739.0,78907343.0,1810995.0,4522020.0,82932.0,9004336.0,163914.0
2020-12-24,World,693331.0,12208.0,79600674.0,1823203.0,4476809.0,81974.0,9025553.0,163704.0
2020-12-25,World,493158.0,8623.0,80093832.0,1831826.0,4248637.0,77532.0,8813017.0,159145.0
2020-12-26,World,532595.0,8352.0,80626427.0,1840178.0,4145827.0,74627.0,8696964.0,156668.0
2020-12-27,World,413171.0,8154.0,81039598.0,1848332.0,4011822.0,74405.0,8571418.0,156593.0
2020-12-28,World,499169.0,9557.0,81538767.0,1857878.0,3964807.0,74477.0,8519490.0,156956.0
2020-12-29,World,671848.0,14937.0,82210615.0,1872815.0,3985314.0,75570.0,8542806.0,158670.0
2020-12-30,World,725281.0,15442.0,82935896.0,1888257.0,4028553.0,77273.0,8550573.0,160205.0
2020-12-31,World,839716.0,13463.0,83775612.0,1901720.0,4174938.0,78528.0,8651747.0,160502.0
2021-01-01,World,563665.0,9640.0,84339277.0,1911360.0,4245445.0,79545.0,8494082.0,157077.0
2021-01-02,World,604352.0,9460.0,84943629.0,1920820.0,4317202.0,80653.0,8463029.0,155280.0
2021-01-03,World,520309.0,7940.0,85463938.0,1928760.0,4424340.0,80439.0,8436162.0,154844.0
2021-01-04,World,557424.0,9950.0,86021362.0,1938710.0,4482595.0,80832.0,8447402.0,155309.0
2021-01-05,World,740862.0,15419.0,86762224.0,1954129.0,4551609.0,81314.0,8536923.0,156884.0
2021-01-06,World,790885.0,14918.0,87553109.0,1969047.0,4617213.0,80790.0,8645766.0,158063.0
2021-01-07,World,869932.0,14959.0,88423040.0,1984006.0,4647429.0,82286.0,8822367.0,160814.0
2021-01-08,World,835398.0,15288.0,89258438.0,1999294.0,4919162.0,87934.0,9164607.0,167479.0
2021-01-09,World,756253.0,13313.0,90014691.0,2012607.0,5071063.0,91787.0,9388265.0,172440.0
2021-01-10,World,601528.0,9556.0,90616219.0,2022163.0,5152282.0,93403.0,9576622.0,173842.0
2021-01-11,World,614429.0,10279.0,91230648.0,2032442.0,5209287.0,93732.0,9691882.0,174564.0
2021-01-12,World,692517.0,16962.0,91923165.0,2049404.0,5160942.0,95275.0,9712551.0,176589.0
2021-01-13,World,743258.0,16464.0,92666423.0,2065868.0,5113315.0,96821.0,9730528.0,177611.0
2021-01-14,World,759048.0,15720.0,93425471.0,2081588.0,5002431.0,97582.0,9649860.0,179868.0
2021-01-15,World,783836.0,15716.0,94209307.0,2097304.0,4950869.0,98010.0,9870031.0,185944.0
2021-01-16,World,656860.0,14033.0,94866167.0,2111337.0,4851476.0,98730.0,9922539.0,190517.0
2021-01-17,World,527599.0,9868.0,95393766.0,2121205.0,4777547.0,99042.0,9929829.0,192445.0
2021-01-18,World,517241.0,10448.0,95911006.0,2131653.0,4680359.0,99211.0,9889646.0,192943.0
2021-01-19,World,592777.0,15680.0,96503783.0,2147333.0,4580619.0,97929.0,9741561.0,193204.0
2021-01-20,World,687197.0,17749.0,97190980.0,2165082.0,4524558.0,99214.0,9637873.0,196035.0
2021-01-21,World,668743.0,17293.0,97859723.0,2182375.0,4434253.0,100787.0,9436684.0,198369.0
2021-01-22,World,663473.0,16059.0,98523196.0,2198434.0,4313890.0,101130.0,9264759.0,199140.0
2021-01-23,World,576710.0,14565.0,99099906.0,2212999.0,4233740.0,101662.0,9085216.0,200392.0
2021-01-24,World,461961.0,9761.0,99561867.0,2222760.0,4168102.0,101555.0,8945649.0,200597.0
2021-01-25,World,481542.0,11142.0,100043409.0,2233902.0,4132403.0,102249.0,8812762.0,201460.0
2021-01-26,World,561268.0,17449.0,100604677.0,2251317.0,4100894.0,104018.0,8681513.0,201947.0
2021-01-27,World,600951.0,16916.0,101205628.0,2268233.0,4014648.0,103185.0,8539206.0,202399.0
2021-01-28,World,615088.0,16526.0,101820716.0,2284759.0,3960993.0,102418.0,8395246.0,203205.0
2021-01-29,World,588956.0,15762.0,102409670.0,2300521.0,3886476.0,102121.0,8200366.0,203251.0
2021-01-30,World,514824.0,13284.0,102924494.0,2313805.0,3824590.0,100840.0,8058330.0,202502.0
2021-01-31,World,396563.0,9548.0,103321057.0,2323353.0,3759192.0,100627.0,7927294.0,202182.0
2021-02-01,World,442948.0,10248.0,103764005.0,2333601.0,3720598.0,99733.0,7853001.0,201982.0
2021-02-02,World,465407.0,14857.0,104229412.0,2348458.0,3624737.0,97141.0,7725631.0,201159.0
2021-02-03,World,525213.0,15859.0,104754625.0,2364317.0,3548999.0,96084.0,7563647.0,199269.0
2021-02-04,World,471736.0,12926.0,105226361.0,2377243.0,3405647.0,92484.0,7366640.0,194902.0
2021-02-05,World,536474.0,17181.0,105762835.0,2394424.0,3353165.0,93903.0,7239641.0,196024.0
2021-02-06,World,435181.0,11855.0,106198016.0,2406279.0,3273522.0,92474.0,7098112.0,193314.0
2021-02-07,World,351524.0,7768.0,106549540.0,2414047.0,3228483.0,90694.0,6987675.0,191321.0
2021-02-08,World,339907.0,9647.0,106889446.0,2423607.0,3125442.0,90093.0,6846040.0,189826.0
2021-02-09,World,407268.0,14730.0,107296714.0,2438337.0,3067303.0,89966.0,6692040.0,187107.0
2021-02-10,World,440447.0,13857.0,107737161.0,2452194.0,2982537.0,87964.0,6531536.0,184048.0
2021-02-11,World,443753.0,13870.0,108180914.0,2466064.0,2954554.0,88908.0,6360201.0,181392.0
2021-02-12,World,429577.0,12879.0,108610491.0,2478943.0,2847657.0,84606.0,6200822.0,178509.0
2021-02-13,World,380474.0,10686.0,108990965.0,2489629.0,2792950.0,83437.0,6066472.0,175911.0
2021-02-14,World,308632.0,7105.0,109299597.0,2496734.0,2750058.0,82774.0,5978541.0,173468.0
2021-02-15,World,280812.0,7817.0,109580409.0,2504551.0,2690963.0,80944.0,5816405.0,171037.0
2021-02-16,World,359786.0,11103.0,109940195.0,2515654.0,2643481.0,77317.0,5710784.0,167283.0
2021-02-17,World,386375.0,11354.0,110326570.0,2527008.0,2589409.0,74814.0,5571946.0,162778.0
2021-02-18,World,410796.0,11990.0,110737366.0,2538997.0,2556452.0,72934.0,5511006.0,161842.0
2021-02-19,World,409658.0,11658.0,111147024.0,2550655.0,2536533.0,71713.0,5384190.0,156319.0
2021-02-20,World,375205.0,9096.0,111522229.0,2559751.0,2531264.0,70123.0,5324214.0,153560.0
2021-02-21,World,319559.0,6791.0,111841788.0,2566542.0,2542191.0,69809.0,5292249.0,152583.0
2021-02-22,World,295568.0,7247.0,112137356.0,2573789.0,2556947.0,69239.0,5247910.0,150183.0
2021-02-23,World,392738.0,11481.0,112530094.0,2585270.0,2589899.0,69617.0,5233380.0,146934.0
2021-02-24,World,444930.0,12442.0,112975024.0,2597712.0,2648454.0,70705.0,5237863.0,145519.0
2021-02-25,World,452963.0,11003.0,113427987.0,2608715.0,2690621.0,69718.0,5247073.0,142652.0
2021-02-26,World,441940.0,10548.0,113869927.0,2619263.0,2722903.0,68608.0,5259436.0,140321.0
2021-02-27,World,396735.0,8730.0,114266662.0,2627993.0,2744433.0,68242.0,5275697.0,138365.0
2021-02-28,World,307782.0,6500.0,114574444.0,2634493.0,2732656.0,67951.0,5274847.0,137760.0
2021-03-01,World,305499.0,7508.0,114879943.0,2642001.0,2742587.0,68212.0,5299534.0,137451.0
2021-03-02,World,387610.0,10257.0,115193206.0,2652258.0,2737459.0,66988.0,5327358.0,136605.0
2021-03-03,World,441845.0,11557.0,115635051.0,2663815.0,2734374.0,66103.0,5382828.0,136808.0
2021-03-04,World,458408.0,10406.0,116093459.0,2674220.0,2739819.0,65506.0,5430440.0,135224.0
2021-03-05,World,449095.0,10541.0,116542554.0,2684761.0,2746974.0,65499.0,5469877.0,134107.0
2021-03-06,World,414027.0,8257.0,116956581.0,2693018.0,2764266.0,65026.0,5508699.0,133268.0
2021-03-07,World,374443.0,6081.0,117331024.0,2699099.0,2830927.0,64607.0,5563583.0,132558.0
2021-03-08,World,305469.0,7193.0,117636493.0,2706292.0,2830897.0,64292.0,5573484.0,132504.0
2021-03-09,World,414044.0,10493.0,118050537.0,2716785.0,2857331.0,64528.0,5594790.0,131516.0
2021-03-10,World,458866.0,10157.0,118509403.0,2726942.0,2874352.0,63128.0,5608726.0,129231.0
2021-03-11,World,489680.0,10213.0,118999083.0,2737155.0,2905624.0,62935.0,5645443.0,128441.0
2021-03-12,World,489248.0,9864.0,119488331.0,2747019.0,2945777.0,62258.0,5692751.0,127757.0
2021-03-13,World,455596.0,8652.0,119943927.0,2755671.0,2987346.0,62653.0,5751612.0,127679.0
2021-03-14,World,365075.0,5994.0,120309002.0,2761662.0,2977978.0,62566.0,5808905.0,127173.0
2021-03-15,World,354083.0,7507.0,120663085.0,2769169.0,3026592.0,62880.0,5857489.0,127172.0
2021-03-16,World,467034.0,10613.0,121130119.0,2779782.0,3079582.0,63000.0,5936913.0,127528.0
2021-03-17,World,545716.0,10590.0,121675835.0,2790372.0,3166432.0,63433.0,6040784.0,126561.0
2021-03-18,World,547928.0,10721.0,122223763.0,2801093.0,3224680.0,63941.0,6130304.0,126876.0
2021-03-19,World,562539.0,10816.0,122786302.0,2811909.0,3297971.0,64893.0,6243748.0,127151.0
2021-03-20,World,498447.0,8743.0,123284749.0,2820652.0,3340822.0,64984.0,6328168.0,127637.0
2021-03-21,World,440469.0,8552.0,123725218.0,2829204.0,3416216.0,67542.0,6394194.0,130108.0
2021-03-22,World,423405.0,7966.0,124146409.0,2837170.0,3485538.0,68001.0,6512130.0,130881.0
2021-03-23,World,505839.0,11485.0,124652248.0,2848655.0,3524343.0,68873.0,6603925.0,131873.0
2021-03-24,World,631699.0,10608.0,125281946.0,2859263.0,3610326.0,68891.0,6776758.0,132324.0
2021-03-25,World,652193.0,11553.0,125934139.0,2870816.0,3714591.0,69723.0,6939271.0,133664.0
2021-03-26,World,640042.0,12769.0,126574181.0,2883585.0,3792094.0,71676.0,7090065.0,136569.0
2021-03-27,World,584533.0,10210.0,127158714.0,2893795.0,3878180.0,73143.0,7219002.0,138127.0
2021-03-28,World,492654.0,7285.0,127651368.0,2901080.0,3930365.0,71876.0,7346581.0,139418.0
2021-03-29,World,459275.0,8663.0,128110643.0,2909743.0,3966235.0,72573.0,7451773.0,140574.0
2021-03-30,World,562205.0,11905.0,128672848.0,2921644.0,4022601.0,72993.0,7546944.0,141866.0
2021-03-31,World,673896.0,12931.0,129346744.0,2934575.0,4064798.0,75316.0,7675124.0,144207.0
2021-04-01,World,709818.0,12302.0,130056562.0,2946877.0,4122423.0,76065.0,7837014.0,145788.0
2021-04-02,World,644784.0,10652.0,130701346.0,2957529.0,4127165.0,73948.0,7919259.0,145624.0
2021-04-03,World,540350.0,9339.0,131241696.0,2966868.0,4082982.0,73077.0,7961162.0,146220.0
2021-04-04,World,559922.0,7428.0,131801618.0,2974296.0,4150250.0,73220.0,8080615.0,145096.0
2021-04-05,World,496989.0,8254.0,132298607.0,2982550.0,4187964.0,72811.0,8154199.0,145384.0
2021-04-06,World,607493.0,12453.0,132906100.0,2995003.0,4233252.0,73359.0,8255853.0,146352.0
2021-04-07,World,663139.0,15359.0,133569239.0,3010362.0,4222495.0,75787.0,8287293.0,151103.0
2021-04-08,World,836056.0,14301.0,134405295.0,3024663.0,4348733.0,77786.0,8471156.0,153851.0
2021-04-09,World,752178.0,14345.0,135152613.0,3039008.0,4456127.0,81479.0,8583292.0,155427.0
2021-04-10,World,670644.0,13006.0,135823257.0,3052014.0,4586421.0,85146.0,8669403.0,158223.0
2021-04-11,World,709612.0,9123.0,136532869.0,3061137.0,4736111.0,86841.0,8886361.0,160061.0
2021-04-12,World,613846.0,9908.0,137146715.0,3071045.0,4852968.0,88495.0,9040932.0,161306.0
2021-04-13,World,763823.0,13794.0,137910538.0,3084839.0,5009298.0,89836.0,9242550.0,163195.0
2021-04-14,World,811313.0,14090.0,138721851.0,3098929.0,5157472.0,88567.0,9379967.0,164354.0
2021-04-15,World,821230.0,13656.0,139543081.0,3112585.0,5142646.0,87922.0,9491379.0,165708.0
2021-04-16,World,859850.0,13380.0,140402931.0,3125965.0,5250318.0,86957.0,9706445.0,168436.0
2021-04-17,World,794040.0,12617.0,141196918.0,3138582.0,5373714.0,86568.0,9960135.0,171714.0
2021-04-18,World,700110.0,9139.0,141897028.0,3147721.0,5364212.0,86584.0,10100323.0,173425.0
2021-04-19,World,690932.0,11134.0,142587960.0,3158855.0,5441298.0,87810.0,10294266.0,176305.0
2021-04-20,World,839596.0,14294.0,143427556.0,3173149.0,5517071.0,88310.0,10526369.0,178146.0
2021-04-21,World,889242.0,14753.0,144316798.0,3187902.0,5595000.0,88973.0,10752472.0,177540.0
2021-04-22,World,899401.0,13921.0,145216199.0,3201823.0,5673171.0,89238.0,10815817.0,177160.0
2021-04-23,World,907667.0,15261.0,146123858.0,3217084.0,5720988.0,91119.0,10971306.0,178076.0
2021-04-24,World,824230.0,13132.0,146948088.0,3230216.0,5751178.0,91634.0,11124892.0,178202.0
2021-04-25,World,728486.0,10773.0,147676574.0,3240989.0,5779554.0,93268.0,11143766.0,179852.0
2021-04-26,World,689050.0,11630.0,148365624.0,3252619.0,5777672.0,93764.0,11218970.0,181574.0
2021-04-27,World,839121.0,15001.0,149204745.0,3267620.0,5777197.0,94471.0,11294268.0,182781.0
2021-04-28,World,898791.0,15945.0,150103536.0,3283565.0,5786746.0,95663.0,11381746.0,184636.0
2021-04-29,World,894035.0,15739.0,150997571.0,3299304.0,5781380.0,97481.0,11454551.0,186719.0
2021-04-30,World,891369.0,14419.0,151888940.0,3313723.0,5765082.0,96639.0,11486070.0,187758.0
2021-05-01,World,794910.0,13039.0,152683850.0,3326762.0,5735762.0,96546.0,11486940.0,188180.0
2021-05-02,World,687271.0,10331.0,153371121.0,3337093.0,5694547.0,96104.0,11474101.0,189372.0
2021-05-03,World,690457.0,11685.0,154061578.0,3348778.0,5695954.0,96159.0,11473626.0,189923.0
2021-05-04,World,784956.0,14059.0,154846534.0,3362837.0,5641789.0,95217.0,11418986.0,189688.0
2021-05-05,World,842001.0,14904.0,155688535.0,3377741.0,5584999.0,94176.0,11371745.0,189839.0
2021-05-06,World,872846.0,14576.0,156561381.0,3392317.0,5563810.0,93013.0,11345190.0,190494.0
2021-05-07,World,834826.0,14468.0,157396207.0,3406782.0,5507267.0,93062.0,11272349.0,189701.0
2021-05-08,World,788298.0,13329.0,158184505.0,3420111.0,5500655.0,93352.0,11236417.0,189898.0
2021-05-09,World,649409.0,10474.0,158833913.0,3430585.0,5462793.0,93495.0,11157340.0,189599.0
2021-05-10,World,625644.0,11092.0,159459557.0,3441677.0,5397980.0,92902.0,11093934.0,189061.0
2021-05-11,World,725816.0,14171.0,160185356.0,3455848.0,5338840.0,93014.0,10980629.0,188231.0
2021-05-12,World,767486.0,14141.0,160952842.0,3469989.0,5264325.0,92251.0,10849324.0,186427.0
2021-05-13,World,734699.0,13435.0,161687541.0,3483424.0,5126178.0,91110.0,10689988.0,184123.0
2021-05-14,World,709565.0,13028.0,162397106.0,3496452.0,5000917.0,89670.0,10508184.0,182732.0
2021-05-15,World,631612.0,12285.0,163028718.0,3508737.0,4844231.0,88626.0,10344886.0,181978.0
2021-05-16,World,546621.0,10301.0,163575339.0,3519038.0,4741443.0,88453.0,10204236.0,181948.0
2021-05-17,World,543542.0,11330.0,164118881.0,3530368.0,4659341.0,88691.0,10057321.0,181593.0
2021-05-18,World,622002.0,14076.0,164738519.0,3544444.0,4555527.0,88596.0,9894367.0,181610.0
2021-05-19,World,672045.0,13457.0,165410564.0,3557901.0,4460086.0,87912.0,9724411.0,180163.0
2021-05-20,World,631152.0,13180.0,165692870.0,3571081.0,4356539.0,87657.0,9482717.0,178767.0
2021-05-21,World,626474.0,12976.0,166319344.0,3584057.0,4273448.0,87605.0,9274365.0,177275.0
2021-05-22,World,572361.0,11445.0,166891705.0,3595502.0,4214197.0,86765.0,9058428.0,175391.0
2021-05-23,World,481621.0,9864.0,167373326.0,3605366.0,4149197.0,86328.0,8890640.0,174781.0
2021-05-24,World,451077.0,9146.0,167824402.0,3614512.0,4056732.0,84144.0,8716073.0,172835.0
2021-05-25,World,533406.0,12982.0,168357808.0,3627494.0,3968136.0,83050.0,8523663.0,171646.0
2021-05-26,World,568428.0,12807.0,168926236.0,3640301.0,3864519.0,82400.0,8324605.0,170312.0
2021-05-27,World,546897.0,12940.0,169473133.0,3653241.0,3780264.0,82160.0,8136803.0,169817.0
2021-05-28,World,505511.0,12021.0,169978644.0,3665262.0,3659301.0,81205.0,7932749.0,168810.0
2021-05-29,World,480420.0,10807.0,170459064.0,3676069.0,3567360.0,80567.0,7781557.0,167332.0
2021-05-30,World,389947.0,8400.0,170849011.0,3684469.0,3475686.0,79103.0,7624883.0,165431.0
2021-05-31,World,387055.0,8697.0,171236066.0,3693166.0,3411664.0,78654.0,7468396.0,162798.0
2021-06-01,World,460004.0,10942.0,171696070.0,3708380.0,3338262.0,76614.0,7306398.0,159664.0
2021-06-02,World,487628.0,11926.0,172183698.0,3720306.0,3257462.0,75733.0,7121981.0,158133.0
2021-06-03,World,480499.0,10162.0,172664197.0,3730464.0,3191064.0,72955.0,6971328.0,155115.0
2021-06-04,World,424891.0,10659.0,173089088.0,3741123.0,3110444.0,71593.0,6769745.0,152798.0
2021-06-05,World,396651.0,9413.0,173485739.0,3750536.0,3026675.0,70199.0,6594035.0,150766.0
2021-06-06,World,322980.0,7306.0,173808719.0,3757842.0,2959708.0,69105.0,6435394.0,148208.0
2021-06-07,World,321764.0,8076.0,174130483.0,3765917.0,2894417.0,68484.0,6306081.0,147138.0
2021-06-08,World,370111.0,10654.0,174500594.0,3776571.0,2804524.0,68196.0,6142786.0,144810.0
2021-06-09,World,418288.0,10183.0,174918882.0,3786754.0,2735184.0,66453.0,5992646.0,142186.0
2021-06-10,World,453500.0,8606.0,175372382.0,3802734.0,2708185.0,64897.0,5899249.0,137852.0
2021-06-11,World,422029.0,11740.0,175794411.0,3814474.0,2705323.0,65978.0,5815767.0,137571.0
2021-06-12,World,368374.0,9810.0,176162785.0,3824284.0,2677046.0,66375.0,5703721.0,136574.0
2021-06-13,World,302799.0,9271.0,176465584.0,3833555.0,2656865.0,68340.0,5616573.0,137445.0
2021-06-14,World,309291.0,7993.0,176774875.0,3841546.0,2644392.0,68257.0,5538809.0,136741.0
2021-06-15,World,374756.0,10751.0,177149631.0,3852297.0,2649037.0,68354.0,5453561.0,136550.0
2021-06-16,World,389167.0,10083.0,177538798.0,3862380.0,2619916.0,68254.0,5355100.0,134707.0
2021-06-17,World,395994.0,9300.0,177934792.0,3871679.0,2562410.0,68948.0,5270595.0,133845.0
2021-06-18,World,403503.0,9193.0,178338295.0,3880872.0,2543884.0,66401.0,5249207.0,132379.0
2021-06-19,World,347295.0,8081.0,178685590.0,3888953.0,2522805.0,64672.0,5199851.0,131047.0
2021-06-20,World,304762.0,6868.0,178990352.0,3895821.0,2524768.0,62269.0,5181633.0,130609.0
2021-06-21,World,296648.0,6984.0,179287000.0,3902805.0,2512125.0,61260.0,5156517.0,129517.0
2021-06-22,World,410211.0,8985.0,179697211.0,3911790.0,2547580.0,59494.0,5196617.0,127848.0
2021-06-23,World,396612.0,9346.0,180093823.0,3921136.0,2555025.0,58757.0,5174941.0,127011.0
2021-06-24,World,409235.0,8661.0,180503058.0,3929797.0,2568266.0,58118.0,5130676.0,127066.0
2021-06-25,World,417643.0,9234.0,180920701.0,3939031.0,2582406.0,58159.0,5126290.0,124560.0
2021-06-26,World,362866.0,7542.0,181283567.0,3946573.0,2597977.0,57620.0,5120782.0,122292.0
2021-06-27,World,311210.0,6095.0,181594777.0,3952668.0,2604425.0,56847.0,5129193.0,119116.0
2021-06-28,World,332994.0,6561.0,181927771.0,3959229.0,2640771.0,56424.0,5152896.0,117684.0
2021-06-29,World,381190.0,8159.0,182308961.0,3967388.0,2611750.0,55598.0,5159330.0,115092.0
2021-06-30,World,399452.0,9207.0,182708390.0,3976593.0,2614590.0,55459.0,5169615.0,114216.0
2021-07-01,World,435489.0,8541.0,183143879.0,3985134.0,2640844.0,55339.0,5209110.0,113457.0
2021-07-02,World,442272.0,8376.0,183586151.0,3993510.0,2665473.0,54481.0,5247879.0,112640.0
2021-07-03,World,373758.0,6903.0,183959909.0,4000413.0,2676365.0,53842.0,5274342.0,111462.0
2021-07-04,World,327661.0,6641.0,184287570.0,4007053.0,2692816.0,54388.0,5297241.0,111235.0
2021-07-05,World,377871.0,7391.0,184665441.0,4014444.0,2737693.0,55218.0,5378464.0,111642.0
2021-07-06,World,450444.0,8482.0,185115885.0,4022926.0,2806947.0,55541.0,5418697.0,111139.0
2021-07-07,World,465167.0,8555.0,185581052.0,4031480.0,2872662.0,54889.0,5487252.0,110348.0
2021-07-08,World,481769.0,8920.0,186062821.0,4040400.0,2918942.0,55268.0,5559786.0,110607.0
2021-07-09,World,513094.0,8417.0,186575915.0,4048817.0,2989764.0,55309.0,5655237.0,109790.0
2021-07-10,World,420940.0,7254.0,186996855.0,4055381.0,3036946.0,55660.0,5713311.0,109502.0
2021-07-11,World,369732.0,7631.0,187366587.0,4063012.0,3079017.0,56650.0,5771833.0,111038.0
2021-07-12,World,434027.0,8142.0,187800614.0,4071154.0,3135173.0,57401.0,5872866.0,112619.0
2021-07-13,World,525532.0,8381.0,188326146.0,4079535.0,3210261.0,57300.0,6017208.0,112841.0
2021-07-14,World,537750.0,8594.0,188863896.0,4088126.0,3282844.0,57339.0,6155506.0,112228.0
2021-07-15,World,576208.0,8635.0,189440104.0,4096761.0,3377283.0,57054.0,6296225.0,112322.0
2021-07-16,World,595655.0,8761.0,190035759.0,4105522.0,3459844.0,57398.0,6449608.0,112707.0
2021-07-17,World,488635.0,7510.0,190524394.0,4113032.0,3527539.0,57654.0,6564485.0,113314.0
2021-07-18,World,419778.0,6603.0,190944172.0,4119635.0,3577585.0,56626.0,6656602.0,113276.0
2021-07-19,World,489232.0,7226.0,191433404.0,4126861.0,3632790.0,55710.0,6767963.0,113111.0
2021-07-20,World,532176.0,11913.0,191965580.0,4147560.0,3639434.0,59242.0,6849695.0,116542.0
2021-07-21,World,555801.0,8667.0,192521381.0,4156227.0,3657485.0,59315.0,6940329.0,116654.0
2021-07-22,World,564923.0,8781.0,193086304.0,4165008.0,3646200.0,59461.0,7023483.0,116515.0
2021-07-23,World,727908.0,8331.0,193814212.0,4173339.0,3778453.0,59031.0,7238297.0,116429.0
2021-07-24,World,491108.0,8664.0,194245945.0,4182003.0,3780926.0,60185.0,7308465.0,117839.0
2021-07-25,World,445466.0,7382.0,194691411.0,4189385.0,3806614.0,60964.0,7384199.0,117590.0
2021-07-26,World,540464.0,8506.0,195231875.0,4197891.0,3857846.0,62244.0,7490636.0,117954.0
2021-07-27,World,606228.0,9790.0,195838103.0,4207680.0,3931898.0,60121.0,7571332.0,119363.0
2021-07-28,World,649930.0,10122.0,196488033.0,4217802.0,4026027.0,61576.0,7683512.0,120891.0
2021-07-29,World,642743.0,10266.0,197130776.0,4228068.0,4103847.0,63061.0,7750047.0,122522.0
2021-07-30,World,732240.0,9604.0,197863016.0,4237671.0,4108179.0,64334.0,7886632.0,123365.0
2021-07-31,World,517218.0,8844.0,198380234.0,4246515.0,4134289.0,64514.0,7915215.0,124699.0
2021-08-01,World,482991.0,7419.0,198863225.0,4253934.0,4171814.0,64551.0,7978428.0,125515.0
2021-08-02,World,571011.0,8151.0,199434236.0,4262085.0,4202361.0,64196.0,8060207.0,126440.0
2021-08-03,World,634220.0,10352.0,200068456.0,4272437.0,4230353.0,64758.0,8162251.0,124879.0
2021-08-04,World,680383.0,10497.0,200748839.0,4282928.0,4260806.0,65133.0,8286833.0,126709.0
2021-08-05,World,685525.0,10992.0,201434364.0,4293919.0,4303588.0,65859.0,8407435.0,128920.0
2021-08-06,World,819426.0,10474.0,202253790.0,4304389.0,4390774.0,66729.0,8498953.0,131063.0
2021-08-07,World,561208.0,8681.0,202814998.0,4313065.0,4434764.0,66566.0,8569053.0,131080.0
2021-08-08,World,467686.0,7497.0,203282684.0,4320562.0,4419459.0,66644.0,8591273.0,131195.0
2021-08-09,World,619016.0,8830.0,203901700.0,4329392.0,4467464.0,67323.0,8669825.0,131519.0
2021-08-10,World,645720.0,11518.0,204547420.0,4340910.0,4478964.0,68489.0,8709317.0,133247.0
2021-08-11,World,730649.0,10527.0,205278069.0,4351437.0,4529230.0,68519.0,8790036.0,133652.0
2021-08-12,World,705676.0,10512.0,205983745.0,4361949.0,4549381.0,68039.0,8852969.0,133898.0
2021-08-13,World,801753.0,10474.0,206785498.0,4372423.0,4531708.0,68039.0,8922482.0,134768.0
2021-08-14,World,552848.0,8741.0,207338346.0,4381164.0,4523348.0,68099.0,8958112.0,134665.0
2021-08-15,World,466636.0,7445.0,207804982.0,4388608.0,4522298.0,68047.0,8941757.0,134691.0
2021-08-16,World,664272.0,9864.0,208469254.0,4398472.0,4567554.0,69081.0,9035018.0,136404.0
2021-08-17,World,682649.0,10710.0,209151903.0,4409182.0,4604483.0,68273.0,9083447.0,136762.0
2021-08-18,World,735588.0,10820.0,209887491.0,4420002.0,4609422.0,68566.0,9138652.0,137085.0
2021-08-19,World,711675.0,11447.0,210599166.0,4431449.0,4615421.0,69501.0,9164802.0,137540.0
2021-08-20,World,785176.0,10493.0,211384342.0,4441942.0,4598844.0,69520.0,9130552.0,137559.0
2021-08-21,World,559004.0,8920.0,211943346.0,4450862.0,4605000.0,69699.0,9128348.0,137798.0
2021-08-22,World,448045.0,7783.0,212391391.0,4458645.0,4586409.0,70037.0,9108707.0,138084.0
2021-08-23,World,684037.0,10053.0,213075428.0,4468698.0,4606174.0,70226.0,9173728.0,139307.0
2021-08-24,World,676715.0,11024.0,213752143.0,4479722.0,4600240.0,70540.0,9204723.0,138813.0
2021-08-25,World,737361.0,11312.0,214489504.0,4491034.0,4602013.0,71032.0,9211435.0,139598.0
2021-08-26,World,736394.0,11591.0,215225898.0,4502625.0,4626732.0,71176.0,9242153.0,140677.0
2021-08-27,World,751076.0,10417.0,215976974.0,4513042.0,4592632.0,71100.0,9191476.0,140620.0
2021-08-28,World,557111.0,8435.0,216534085.0,4521477.0,4590739.0,70615.0,9195739.0,140314.0
2021-08-29,World,446793.0,6822.0,216980878.0,4528299.0,4589487.0,69654.0,9175896.0,139691.0
2021-08-30,World,671814.0,9571.0,217652692.0,4537870.0,4577264.0,69172.0,9183438.0,139398.0
2021-08-31,World,620611.0,9596.0,218273303.0,4547185.0,4521160.0,67744.0,9121400.0,138284.0
2021-09-01,World,719037.0,12425.0,218992340.0,4559610.0,4502836.0,68857.0,9104849.0,139889.0
2021-09-02,World,678429.0,11254.0,219669062.0,4570864.0,4444871.0,68520.0,9071603.0,139696.0
2021-09-03,World,723518.0,10725.0,220392579.0,4581589.0,4417313.0,68828.0,9009945.0,139928.0
2021-09-04,World,496653.0,7774.0,220889232.0,4589363.0,4356855.0,68167.0,8947594.0,138782.0
2021-09-05,World,446926.0,6578.0,221336158.0,4595939.0,4356988.0,67923.0,8946475.0,137577.0
2021-09-06,World,477741.0,8170.0,221813886.0,4604109.0,4162915.0,66522.0,8740179.0,135694.0
2021-09-07,World,656438.0,10468.0,222470324.0,4614574.0,4198742.0,67394.0,8719902.0,135138.0
2021-09-08,World,637657.0,10076.0,223107981.0,4624650.0,4117362.0,65045.0,8620198.0,133902.0
2021-09-09,World,640114.0,10747.0,223748095.0,4635397.0,4079047.0,64538.0,8523918.0,133058.0
2021-09-10,World,658671.0,9179.0,224406766.0,4644576.0,4014200.0,62992.0,8431513.0,131820.0
2021-09-11,World,468478.0,8374.0,224875244.0,4652949.0,3986025.0,63592.0,8342880.0,131759.0
2021-09-12,World,371365.0,5668.0,225246609.0,4658617.0,3910464.0,62682.0,8267452.0,130605.0
2021-09-13,World,577865.0,9158.0,225824474.0,4667775.0,4010588.0,63670.0,8173503.0,130192.0
2021-09-14,World,549803.0,9904.0,226374277.0,4677679.0,3903953.0,63106.0,8102695.0,130500.0
2021-09-15,World,567988.0,10426.0,226941089.0,4688105.0,3834284.0,63456.0,7951646.0,128501.0
2021-09-16,World,587331.0,10515.0,227528420.0,4698620.0,3781501.0,63224.0,7860548.0,127762.0
2021-09-17,World,623187.0,9061.0,228151607.0,4707681.0,3746017.0,63106.0,7760217.0,126098.0
2021-09-18,World,398950.0,6483.0,228675435.0,4714164.0,3676489.0,61215.0,7662514.0,124807.0
2021-09-19,World,363378.0,6097.0,229038813.0,4720261.0,3668502.0,61644.0,7578966.0,124326.0
2021-09-20,World,530164.0,8403.0,229568977.0,4728634.0,3620801.0,60889.0,7631389.0,124559.0
2021-09-21,World,488661.0,9355.0,230057638.0,4737989.0,3559659.0,60340.0,7463612.0,123446.0
2021-09-22,World,534946.0,9721.0,230592584.0,4747710.0,3526617.0,59635.0,7360901.0,123091.0
2021-09-23,World,547602.0,9847.0,231140186.0,4757557.0,3486888.0,58967.0,7268389.0,122191.0
2021-09-24,World,549212.0,8700.0,231689398.0,4766257.0,3412913.0,58606.0,7158930.0,121712.0
2021-09-25,World,374088.0,5473.0,232063363.0,4771730.0,3388051.0,57596.0,7064540.0,118811.0
2021-09-26,World,355792.0,5532.0,232419155.0,4777262.0,3380465.0,57031.0,7048967.0,118675.0
2021-09-27,World,482748.0,7774.0,232901903.0,4785036.0,3333049.0,56402.0,6953850.0,117291.0
2021-09-28,World,450944.0,9376.0,233352847.0,4794412.0,3295332.0,56423.0,6854991.0,116763.0
2021-09-29,World,490947.0,9293.0,233843794.0,4803705.0,3251333.0,55995.0,6777950.0,115630.0
2021-09-30,World,489869.0,8876.0,234333663.0,4812581.0,3193600.0,55024.0,6680488.0,113991.0
2021-10-01,World,521965.0,8635.0,234855628.0,4821216.0,3166353.0,54959.0,6579266.0,113565.0
2021-10-02,World,350616.0,5944.0,235206244.0,4827160.0,3142881.0,55430.0,6530932.0,113026.0
2021-10-03,World,309028.0,4356.0,235515272.0,4831516.0,3096117.0,54254.0,6476582.0,111285.0
2021-10-04,World,447049.0,7240.0,235962321.0,4838756.0,3060418.0,53720.0,6393467.0,110122.0
2021-10-05,World,422825.0,7362.0,236385146.0,4846118.0,3032299.0,51706.0,6327631.0,108129.0
2021-10-06,World,507015.0,9136.0,236892161.0,4855254.0,3048367.0,51549.0,6299700.0,107544.0
2021-10-07,World,461807.0,8965.0,237353968.0,4864211.0,3020305.0,51638.0,6213905.0,106662.0
2021-10-08,World,475394.0,7775.0,237829362.0,4871773.0,2973734.0,50778.0,6140087.0,105737.0
2021-10-09,World,340189.0,4825.0,238169528.0,4876598.0,2963307.0,49659.0,6106188.0,105089.0
2021-10-10,World,316415.0,4754.0,238485943.0,4881352.0,2970694.0,50057.0,6066811.0,104311.0
2021-10-11,World,387952.0,5967.0,238873895.0,4887318.0,2911597.0,48784.0,5972015.0,102504.0
2021-10-12,World,438166.0,7971.0,239312061.0,4895289.0,2926938.0,49393.0,5959237.0,101099.0
2021-10-13,World,456366.0,8902.0,239768427.0,4904191.0,2876289.0,49159.0,5924656.0,100708.0
2021-10-14,World,454429.0,8009.0,240221760.0,4912200.0,2868911.0,48203.0,5889216.0,99841.0
2021-10-15,World,457934.0,7205.0,240679694.0,4919405.0,2851451.0,47633.0,5825185.0,98411.0
2021-10-16,World,341305.0,5347.0,241020999.0,4924751.0,2852567.0,48155.0,5815874.0,97814.0
2021-10-17,World,313247.0,4360.0,241334246.0,4929110.0,2849399.0,47761.0,5820093.0,97818.0
2021-10-18,World,427740.0,6600.0,241761985.0,4935709.0,2889187.0,48394.0,5800784.0,97178.0
2021-10-19,World,431515.0,7949.0,242193500.0,4943658.0,2882536.0,48372.0,5809474.0,97765.0
2021-10-20,World,476243.0,8671.0,242669743.0,4952329.0,2902413.0,48141.0,5778702.0,97300.0
2021-10-21,World,461995.0,7765.0,243131738.0,4960094.0,2909979.0,47897.0,5778890.0,96100.0
2021-10-22,World,492749.0,8173.0,243624487.0,4968267.0,2944794.0,48865.0,5796245.0,96498.0
2021-10-23,World,370199.0,5888.0,243994686.0,4974154.0,2973688.0,49406.0,5826255.0,97561.0
2021-10-24,World,309154.0,4643.0,244303840.0,4978797.0,2969595.0,49689.0,5818994.0,97450.0
2021-10-25,World,452345.0,6891.0,244756175.0,4985688.0,2994200.0,49980.0,5883387.0,98374.0
2021-10-26,World,426393.0,7745.0,245182568.0,4993433.0,2989078.0,49776.0,5871614.0,98148.0
2021-10-27,World,513939.0,9135.0,245696507.0,5002568.0,3026774.0,50240.0,5929187.0,98381.0
2021-10-28,World,482958.0,8936.0,246179465.0,5011504.0,3047737.0,51411.0,5957716.0,99308.0
2021-10-29,World,494005.0,7821.0,246673470.0,5019325.0,3048993.0,51059.0,5993787.0,99924.0
2021-10-30,World,374533.0,6004.0,247048003.0,5025329.0,3053327.0,51175.0,6027015.0,100581.0
2021-10-31,World,348761.0,4637.0,247396764.0,5029966.0,3092934.0,51169.0,6062529.0,100858.0
2021-11-01,World,457572.0,6486.0,247854336.0,5036452.0,3098161.0,50764.0,6092361.0,100744.0
2021-11-02,World,404355.0,7074.0,248258691.0,5043526.0,3076123.0,50093.0,6065201.0,99869.0
2021-11-03,World,524720.0,8460.0,248783411.0,5051986.0,3086904.0,49418.0,6113678.0,99658.0
2021-11-04,World,517375.0,7569.0,249300786.0,5059555.0,3121321.0,48051.0,6169058.0,99462.0
2021-11-05,World,524187.0,8580.0,249824973.0,5068135.0,3151503.0,48810.0,6200496.0,99869.0
2021-11-06,World,405633.0,6647.0,250230606.0,5074782.0,3182603.0,49453.0,6235930.0,100628.0
2021-11-07,World,340607.0,4619.0,250571213.0,5079401.0,3174449.0,49435.0,6267383.0,100604.0
2021-11-08,World,524946.0,6811.0,251096159.0,5086211.0,3241823.0,49760.0,6339984.0,100524.0
2021-11-09,World,469321.0,8001.0,251565480.0,5094212.0,3306789.0,50687.0,6382912.0,100780.0
2021-11-10,World,573441.0,8263.0,252138873.0,5102475.0,3355510.0,50490.0,6442414.0,99908.0
2021-11-11,World,521167.0,7676.0,252659633.0,5110151.0,3359302.0,50597.0,6480623.0,98648.0
2021-11-12,World,599595.0,8998.0,253259228.0,5119148.0,3434710.0,51015.0,6586213.0,99825.0
2021-11-13,World,395538.0,6291.0,253654766.0,5125439.0,3424615.0,50659.0,6607218.0,100112.0
2021-11-14,World,348081.0,4728.0,254002847.0,5130167.0,3432089.0,50768.0,6606538.0,100203.0
2021-11-15,World,601463.0,7116.0,254604310.0,5137283.0,3508606.0,51073.0,6750429.0,100833.0
2021-11-16,World,506685.0,7612.0,255110995.0,5144895.0,3545970.0,50684.0,6852759.0,101371.0
2021-11-17,World,615041.0,9152.0,255726036.0,5154047.0,3587570.0,51573.0,6943080.0,102063.0
2021-11-18,World,621481.0,8290.0,256347517.0,5162336.0,3687884.0,52187.0,7047186.0,102784.0
2021-11-19,World,614508.0,7973.0,256962025.0,5170309.0,3702797.0,51162.0,7137507.0,102177.0
2021-11-20,World,437844.0,6028.0,257399869.0,5176337.0,3745103.0,50899.0,7169718.0,101558.0
2021-11-21,World,379547.0,4639.0,257779416.0,5180976.0,3776569.0,50810.0,7208658.0,101578.0
2021-11-22,World,704498.0,7451.0,258483914.0,5188427.0,3879604.0,51145.0,7388210.0,102218.0
2021-11-23,World,574961.0,8017.0,259076312.0,5196437.0,3947880.0,51550.0,7493850.0,102234.0
2021-11-24,World,657552.0,8570.0,259733864.0,5205007.0,3990391.0,50968.0,7577961.0,102541.0
2021-11-25,World,597040.0,7857.0,260330904.0,5212864.0,3965950.0,50535.0,7653834.0,102722.0
2021-11-26,World,613394.0,6895.0,260944298.0,5219759.0,3964836.0,49457.0,7667633.0,100619.0
2021-11-27,World,418598.0,5865.0,261362896.0,5225624.0,3945590.0,49294.0,7690693.0,100193.0
2021-11-28,World,389621.0,4903.0,261752517.0,5230527.0,3955664.0,49558.0,7732233.0,100368.0
2021-11-29,World,742159.0,7924.0,262494676.0,5238451.0,3993325.0,50031.0,7872929.0,101176.0
2021-11-30,World,600260.0,8023.0,263094936.0,5246474.0,4018624.0,50037.0,7966504.0,101587.0
2021-12-01,World,702163.0,9239.0,263797099.0,5255713.0,4063235.0,50706.0,8053626.0,101674.0
2021-12-02,World,707018.0,10161.0,264504117.0,5265874.0,4173213.0,53010.0,8139163.0,103545.0
2021-12-03,World,730578.0,8591.0,265234695.0,5274465.0,4290397.0,54706.0,8255233.0,104163.0
2021-12-04,World,471966.0,5520.0,265706661.0,5279983.0,4343765.0,54361.0,8289355.0,103655.0
2021-12-05,World,419534.0,7420.0,266126195.0,5287403.0,4373678.0,56878.0,8329342.0,106436.0
2021-12-06,World,703584.0,7459.0,266829745.0,5294862.0,4335103.0,56413.0,8328428.0,106444.0
2021-12-07,World,639116.0,7723.0,267468861.0,5302585.0,4373959.0,56113.0,8392583.0,106150.0
2021-12-08,World,711100.0,8299.0,268179961.0,5310881.0,4382896.0,55173.0,8446131.0,105879.0
2021-12-09,World,698187.0,8566.0,268878148.0,5319447.0,4374065.0,53578.0,8547278.0,106588.0
2021-12-10,World,693322.0,8014.0,269571438.0,5327461.0,4336809.0,53001.0,8627206.0,107707.0
2021-12-11,World,466820.0,5835.0,270038175.0,5333296.0,4331663.0,53316.0,8675428.0,107677.0
2021-12-12,World,426353.0,4594.0,270464528.0,5337890.0,4338482.0,50490.0,8712160.0,107368.0
2021-12-13,World,693725.0,6933.0,271158253.0,5344823.0,4328623.0,49964.0,8663726.0,106377.0
2021-12-14,World,636624.0,7733.0,271794877.0,5352556.0,4326131.0,49974.0,8700090.0,106087.0
2021-12-15,World,740000.0,9025.0,272534877.0,5361581.0,4355031.0,50700.0,8737927.0,105873.0
2021-12-16,World,744026.0,7346.0,273278903.0,5368927.0,4400870.0,49480.0,8774935.0,103058.0
2021-12-17,World,767327.0,7300.0,274046230.0,5376227.0,4474875.0,48766.0,8811684.0,101767.0
2021-12-18,World,529735.0,5671.0,274575965.0,5381897.0,4537790.0,48602.0,8869453.0,101918.0
2021-12-19,World,484732.0,4345.0,275060697.0,5386242.0,4596169.0,48353.0,8934651.0,98843.0
2021-12-20,World,809878.0,7279.0,275870575.0,5393521.0,4712322.0,48699.0,9040945.0,98663.0
2021-12-21,World,758476.0,7498.0,276629009.0,5401079.0,4834174.0,48464.0,9160305.0,98438.0
2021-12-22,World,914250.0,10370.0,277543218.0,5411449.0,5008424.0,49809.0,9363455.0,100509.0
2021-12-23,World,1011733.0,7256.0,278554951.0,5418705.0,5276131.0,49719.0,9677001.0,99199.0
2021-12-24,World,855764.0,5694.0,279410686.0,5424399.0,5364568.0,48113.0,9839443.0,96879.0
2021-12-25,World,681592.0,4314.0,280092278.0,5428712.0,5516425.0,46756.0,10054215.0,95358.0
2021-12-26,World,575085.0,3832.0,280667336.0,5432544.0,5606778.0,46243.0,10202947.0,94596.0
2021-12-27,World,1341547.0,6970.0,282008883.0,5439514.0,6138447.0,45934.0,10850769.0,94633.0
2021-12-28,World,1336250.0,7674.0,283345133.0,5447188.0,6716221.0,46110.0,11550395.0,94574.0
2021-12-29,World,1704059.0,7941.0,285049192.0,5455128.0,7506030.0,43681.0,12514454.0,93490.0
2021-12-30,World,1949188.0,7421.0,286998380.0,5462547.0,8443485.0,43846.0,13719616.0,93565.0
2021-12-31,World,1702231.0,5774.0,288700611.0,5468906.0,9289952.0,43926.0,14654520.0,92039.0
2022-01-01,World,1202432.0,4263.0,289903043.0,5473169.0,9810792.0,43875.0,15327217.0,90631.0
2022-01-02,World,917940.0,3396.0,290820983.0,5476565.0,10153647.0,43439.0,15760425.0,89682.0
2022-01-03,World,2337724.0,5814.0,293158701.0,5482379.0,11149824.0,42283.0,17288271.0,88217.0
2022-01-04,World,2612842.0,8719.0,295771543.0,5491059.0,12426416.0,43328.0,19142637.0,89438.0
2022-01-05,World,2583329.0,7770.0,298354872.0,5498829.0,13305686.0,43157.0,20811716.0,86838.0
2022-01-06,World,2668437.0,7060.0,301023309.0,5506440.0,14024935.0,42796.0,22468420.0,86642.0
2022-01-07,World,2952757.0,7251.0,303976066.0,5513691.0,15275461.0,44273.0,24565413.0,88199.0
2022-01-08,World,2135795.0,5208.0,306111861.0,5518897.0,16208824.0,45218.0,26019616.0,89093.0
2022-01-09,World,2004515.0,4060.0,308116376.0,5522957.0,17295399.0,45882.0,27449046.0,89321.0
2022-01-10,World,3251136.0,6911.0,311367512.0,5529867.0,18208811.0,46979.0,29358635.0,89262.0
2022-01-11,World,3029856.0,9103.0,314397365.0,5538970.0,18625825.0,47363.0,31052241.0,90691.0
2022-01-12,World,3446109.0,9026.0,317843474.0,5547996.0,19488605.0,48619.0,32794291.0,91776.0
2022-01-13,World,3186689.0,8232.0,321030163.0,5556228.0,20006857.0,49791.0,34031792.0,92587.0
2022-01-14,World,3316022.0,7968.0,324346185.0,5564196.0,20370122.0,50508.0,35645583.0,94781.0
2022-01-15,World,2427386.0,6130.0,326773571.0,5570326.0,20661713.0,51430.0,36870537.0,96648.0
2022-01-16,World,2170852.0,4514.0,328944423.0,5574840.0,20828050.0,51884.0,38123449.0,97766.0
2022-01-17,World,2777513.0,6510.0,331721936.0,5581350.0,20354427.0,51483.0,38563238.0,98462.0
2022-01-18,World,3764336.0,9100.0,335486272.0,5590450.0,21088907.0,51480.0,39714732.0,98843.0
2022-01-19,World,4082892.0,9937.0,339569164.0,5600387.0,21725690.0,52391.0,41214295.0,101010.0
2022-01-20,World,3733925.0,9639.0,343303089.0,5610026.0,22272926.0,53798.0,42279783.0,103589.0
2022-01-21,World,3809768.0,9958.0,347112857.0,5619984.0,22766672.0,55788.0,43136794.0,106296.0
2022-01-22,World,2649480.0,6025.0,349762337.0,5626009.0,22988766.0,55683.0,43650479.0,107113.0
2022-01-23,World,2382938.0,5168.0,352145275.0,5631177.0,23200852.0,56337.0,44028902.0,108221.0
2022-01-24,World,3632615.0,8911.0,355777890.0,5640088.0,24055954.0,58738.0,44410381.0,110221.0
2022-01-25,World,3653473.0,10711.0,359431363.0,5650571.0,23945091.0,60349.0,45033998.0,111829.0
2022-01-26,World,3761169.0,10712.0,363192532.0,5661283.0,23623368.0,61124.0,45349058.0,113515.0
2022-01-27,World,3699245.0,10301.0,366891777.0,5671584.0,23588688.0,61786.0,45861614.0,115584.0
2022-01-28,World,3678489.0,12344.0,370570266.0,5683928.0,23457409.0,64172.0,46224081.0,119960.0
2022-01-29,World,2563092.0,7894.0,373133358.0,5691822.0,23371021.0,66041.0,46359787.0,121724.0
2022-01-30,World,2176564.0,5552.0,375309922.0,5697374.0,23164647.0,66425.0,46365499.0,122762.0
2022-01-31,World,3040155.0,10427.0,379169048.0,5707798.0,22572187.0,67941.0,46628141.0,126679.0
2022-02-01,World,3129341.0,12471.0,382298389.0,5720475.0,22048055.0,69701.0,45993146.0,130050.0
2022-02-02,World,3184133.0,11915.0,385482522.0,5732390.0,21471019.0,70904.0,45094387.0,132028.0
2022-02-03,World,3193517.0,11641.0,388676039.0,5744031.0,20965291.0,72244.0,44553979.0,134030.0
2022-02-04,World,2955107.0,13170.0,391631146.0,5757201.0,20241909.0,73070.0,43699318.0,137242.0
2022-02-05,World,2103215.0,8217.0,393734361.0,5765418.0,19782032.0,73393.0,43153053.0,139434.0
2022-02-06,World,1762503.0,5978.0,395496864.0,5771396.0,19367971.0,73819.0,42532618.0,140244.0
2022-02-07,World,2973772.0,11101.0,398470636.0,5782497.0,19301588.0,74493.0,41873775.0,142434.0
2022-02-08,World,2599347.0,12795.0,401069983.0,5795292.0,18771594.0,74817.0,40819649.0,144518.0
2022-02-09,World,2432528.0,13127.0,403502511.0,5808419.0,18019989.0,76029.0,39491008.0,146933.0
2022-02-10,World,2813888.0,11880.0,406316399.0,5820299.0,17640360.0,76268.0,38605651.0,148512.0
2022-02-11,World,2424437.0,11987.0,408740836.0,5832286.0,17109690.0,75085.0,37351599.0,148155.0
2022-02-12,World,1724731.0,8650.0,410465567.0,5840936.0,16731206.0,75518.0,36513238.0,148911.0
2022-02-13,World,1405598.0,5274.0,411871165.0,5846210.0,16374301.0,74814.0,35742272.0,148633.0
2022-02-14,World,2042655.0,11229.0,413913820.0,5857439.0,15443184.0,74942.0,34744772.0,149435.0
2022-02-15,World,1876056.0,10644.0,415784344.0,5868083.0,14719893.0,72791.0,33491487.0,147608.0
2022-02-16,World,2242042.0,13113.0,418023812.0,5881196.0,14529407.0,72777.0,32549396.0,148806.0
2022-02-17,World,2062540.0,12208.0,420086352.0,5893404.0,13778059.0,73105.0,31418419.0,149373.0
2022-02-18,World,1983099.0,10638.0,422069451.0,5904042.0,13336721.0,71756.0,30446411.0,146841.0
2022-02-19,World,1477081.0,8358.0,423546532.0,5912400.0,13089071.0,71464.0,29820277.0,146982.0
2022-02-20,World,1193532.0,5380.0,424740064.0,5917780.0,12877005.0,71570.0,29251306.0,146384.0
2022-02-21,World,1705273.0,7547.0,426445337.0,5925327.0,12539623.0,67888.0,27982807.0,142830.0
2022-02-22,World,1673247.0,10051.0,428118584.0,5935378.0,12336814.0,67295.0,27056707.0,140086.0
2022-02-23,World,1916884.0,11987.0,430035468.0,5947364.0,12011656.0,66169.0,26541063.0,138946.0
2022-02-24,World,1787724.0,10810.0,431823192.0,5958174.0,11736840.0,64771.0,25514899.0,137876.0
2022-02-25,World,1654018.0,9067.0,433477210.0,5967241.0,11407759.0,63200.0,24744480.0,134956.0
2022-02-26,World,1273988.0,6542.0,434751198.0,5973783.0,11204666.0,61384.0,24293737.0,132848.0
2022-02-27,World,1052167.0,4702.0,435803348.0,5978483.0,11063301.0,60706.0,23940306.0,132276.0
2022-02-28,World,1608698.0,7668.0,437412046.0,5986151.0,10966726.0,60827.0,23506349.0,128715.0
2022-03-01,World,1598116.0,8471.0,439010162.0,5994622.0,10891595.0,59247.0,23228409.0,126542.0
2022-03-02,World,1658592.0,8180.0,440668754.0,6002802.0,10633303.0,55440.0,22644959.0,121609.0
2022-03-03,World,1774897.0,8175.0,442443651.0,6010976.0,10620476.0,52805.0,22357316.0,117576.0
2022-03-04,World,1762112.0,8697.0,444205750.0,6019673.0,10728570.0,52435.0,22136329.0,115635.0
2022-03-05,World,1290331.0,5642.0,445496081.0,6025315.0,10744913.0,51535.0,21949579.0,112919.0
2022-03-06,World,1109744.0,4228.0,446605825.0,6029542.0,10802490.0,51061.0,21865791.0,111767.0
2022-03-07,World,1741157.0,7681.0,448346982.0,6037407.0,10934949.0,51074.0,21901675.0,111901.0
2022-03-08,World,1583604.0,6885.0,449930586.0,6044292.0,10920437.0,49488.0,21812032.0,108735.0
2022-03-09,World,1988672.0,8196.0,451919258.0,6052488.0,11250517.0,49504.0,21883820.0,104944.0
2022-03-10,World,1871013.0,7525.0,453789928.0,6060013.0,11346633.0,48854.0,21967109.0,101659.0
2022-03-11,World,1872251.0,6568.0,455662179.0,6066223.0,11456772.0,46725.0,22185342.0,99160.0
2022-03-12,World,1560707.0,4733.0,457222886.0,6070956.0,11727148.0,45816.0,22472061.0,97351.0
2022-03-13,World,1137645.0,3554.0,458360531.0,6074510.0,11755049.0,45142.0,22557539.0,96203.0
2022-03-14,World,1997566.0,5598.0,460358094.0,6080108.0,12011458.0,43059.0,22946407.0,94133.0
2022-03-15,World,1808574.0,5616.0,462166668.0,6085724.0,12236428.0,41790.0,23156865.0,91278.0
2022-03-16,World,2236259.0,6888.0,464402927.0,6092612.0,12484015.0,40482.0,23734532.0,89986.0
2022-03-17,World,2077561.0,6739.0,466480488.0,6099694.0,12690563.0,39696.0,24037196.0,88550.0
2022-03-18,World,1891213.0,5761.0,468371701.0,6105455.0,12709525.0,38889.0,24166297.0,85614.0
2022-03-19,World,1479379.0,3855.0,469851080.0,6109310.0,12628197.0,38011.0,24355345.0,83827.0
2022-03-20,World,960828.0,3327.0,470811908.0,6112637.0,12451380.0,37784.0,24206429.0,82926.0
2022-03-21,World,1879565.0,4686.0,472691473.0,6128769.0,12333379.0,36872.0,24344837.0,79931.0
2022-03-22,World,1976426.0,5075.0,474667895.0,6133844.0,12501231.0,36331.0,24737659.0,78121.0
2022-03-23,World,1803500.0,5982.0,476471395.0,6139826.0,12068472.0,35425.0,24552487.0,75907.0
2022-03-24,World,1780977.0,5295.0,478252367.0,6145096.0,11771888.0,33981.0,24462451.0,73677.0
2022-03-25,World,1759204.0,9178.0,480011571.0,6154271.0,11639879.0,37398.0,24349404.0,76287.0
2022-03-26,World,1124409.0,2820.0,481135980.0,6157091.0,11284909.0,36363.0,23913106.0,74374.0
2022-03-27,World,850761.0,2635.0,481986741.0,6159726.0,11174842.0,35671.0,23626222.0,73455.0
2022-03-28,World,1844010.0,4281.0,483830751.0,6164007.0,11139287.0,35266.0,23472666.0,72138.0
2022-03-29,World,1751198.0,4714.0,485581949.0,6168454.0,10914059.0,34905.0,23415290.0,71236.0
2022-03-30,World,1595865.0,4904.0,487177814.0,6173358.0,10706424.0,33827.0,22774896.0,69252.0
2022-03-31,World,1563023.0,4492.0,488740837.0,6177850.0,10488470.0,33024.0,22260358.0,67005.0
2022-04-01,World,1418782.0,4520.0,490159619.0,6182727.0,10148048.0,28366.0,21787927.0,65764.0
2022-04-02,World,872661.0,2573.0,491032280.0,6185300.0,9896300.0,28119.0,21181209.0,64482.0
2022-04-03,World,693145.0,1894.0,491725425.0,6187194.0,9738684.0,27378.0,20913526.0,63049.0
2022-04-04,World,1233167.0,3377.0,492958592.0,6190571.0,9127841.0,26474.0,20267128.0,61740.0
2022-04-05,World,1365020.0,4164.0,494323612.0,6194734.0,8741663.0,25924.0,19655722.0,60829.0
2022-04-06,World,1219760.0,4124.0,495543372.0,6199053.0,8365558.0,25144.0,19071982.0,58971.0
2022-04-07,World,1278153.0,4320.0,496821525.0,6203373.0,8080688.0,24972.0,18569158.0,57996.0
2022-04-08,World,1174212.0,3928.0,497995737.0,6207301.0,7836118.0,24380.0,17984166.0,52746.0
2022-04-09,World,742255.0,2344.0,498737992.0,6209645.0,7705712.0,24151.0,17602012.0,52270.0
2022-04-10,World,561613.0,1772.0,499299605.0,6211417.0,7574180.0,24029.0,17312864.0,51407.0
2022-04-11,World,986320.0,2853.0,500285797.0,6214270.0,7327333.0,23505.0,16455174.0,49979.0
2022-04-12,World,1119305.0,3279.0,501405102.0,6217549.0,7081618.0,22620.0,15823281.0,48544.0
2022-04-13,World,1073486.0,4059.0,502478558.0,6221608.0,6935344.0,22555.0,15300902.0,47699.0
2022-04-14,World,965247.0,3578.0,503440937.0,6225169.0,6622438.0,21813.0,14703126.0,46785.0
2022-04-15,World,667031.0,2474.0,504099922.0,6227643.0,6115257.0,20359.0,13951375.0,44739.0
2022-04-16,World,554458.0,1610.0,504654380.0,6229253.0,5927460.0,19625.0,13633172.0,43776.0
2022-04-17,World,407762.0,1536.0,505062142.0,6230789.0,5773609.0,19389.0,13347789.0,43418.0
2022-04-18,World,457261.0,1563.0,505519403.0,6232352.0,5244550.0,18099.0,12571883.0,41604.0
2022-04-19,World,1018279.0,3016.0,506537409.0,6235368.0,5143524.0,17836.0,12225142.0,40456.0
2022-04-20,World,961524.0,4161.0,507498149.0,6239529.0,5031562.0,17938.0,11966906.0,40493.0
2022-04-21,World,921575.0,3130.0,508419724.0,6242618.0,4987890.0,17490.0,11610328.0,39303.0
2022-04-22,World,831415.0,2751.0,509251139.0,6245383.0,5152274.0,17767.0,11267531.0,38126.0
2022-04-23,World,478775.0,1602.0,509729914.0,6246985.0,5076591.0,17759.0,11004051.0,37384.0
2022-04-24,World,365353.0,1166.0,510095267.0,6248151.0,5034182.0,17389.0,10807791.0,36778.0
2022-04-25,World,636920.0,2137.0,510732187.0,6250288.0,5213841.0,17963.0,10458391.0,36062.0
2022-04-26,World,778778.0,4279.0,511510965.0,6254567.0,4974340.0,19226.0,10117864.0,37062.0
2022-04-27,World,683940.0,3128.0,512194905.0,6257694.0,4696756.0,18193.0,9728318.0,36131.0
2022-04-28,World,759239.0,3006.0,512954119.0,6260693.0,4534420.0,18069.0,9522310.0,35559.0
2022-04-29,World,644382.0,2537.0,513598501.0,6263230.0,4347387.0,17855.0,9499661.0,35622.0
2022-04-30,World,353740.0,1464.0,513952241.0,6264694.0,4222352.0,17717.0,9298943.0,35476.0
2022-05-01,World,309421.0,1209.0,514261662.0,6265897.0,4166420.0,17760.0,9200602.0,35149.0
2022-05-02,World,447398.0,1743.0,514709060.0,6267638.0,3976898.0,17366.0,9190739.0,35329.0
2022-05-03,World,672455.0,2211.0,515381115.0,6269833.0,3870575.0,15298.0,8844915.0,34524.0
2022-05-04,World,627236.0,3719.0,516008351.0,6273552.0,3813871.0,15889.0,8510627.0,34082.0
2022-05-05,World,599634.0,2240.0,516607985.0,6275792.0,3654266.0,15123.0,8188686.0,33192.0
2022-05-06,World,630664.0,2132.0,517238649.0,6277924.0,3640548.0,14718.0,7987935.0,32573.0
2022-05-07,World,339333.0,1154.0,517577982.0,6279078.0,3626141.0,14408.0,7848493.0,32125.0
2022-05-08,World,278853.0,841.0,517856835.0,6279919.0,3595573.0,14040.0,7761993.0,31800.0
2022-05-09,World,690427.0,1886.0,518547262.0,6281805.0,3838602.0,14183.0,7815500.0,31549.0
2022-05-10,World,641261.0,1999.0,519188523.0,6283804.0,3807408.0,13971.0,7677983.0,29269.0
2022-05-11,World,694499.0,2225.0,519883022.0,6286029.0,3874671.0,12477.0,7688542.0,28366.0
2022-05-12,World,652645.0,1995.0,520535667.0,6288024.0,3927682.0,12232.0,7581948.0,27355.0
2022-05-13,World,572961.0,1882.0,521108628.0,6289906.0,3869979.0,11982.0,7510527.0,26700.0
2022-05-14,World,438726.0,965.0,521547354.0,6290870.0,3969372.0,11793.0,7595513.0,26201.0
2022-05-15,World,373652.0,779.0,521921006.0,6291649.0,4064171.0,11731.0,7659744.0,25771.0
2022-05-16,World,591109.0,1605.0,522511208.0,6293227.0,3964853.0,11450.0,7803455.0,25633.0
2022-05-17,World,608657.0,1826.0,523119574.0,6295080.0,3932249.0,11277.0,7739657.0,25248.0
2022-05-18,World,760353.0,2360.0,523879927.0,6297440.0,3998103.0,11412.0,7872774.0,23889.0
2022-05-19,World,597624.0,1733.0,524475995.0,6299173.0,3943082.0,11150.0,7870764.0,23382.0
2022-05-20,World,625906.0,1996.0,525101901.0,6301169.0,3996027.0,11264.0,7866006.0,23246.0
2022-05-21,World,367163.0,1095.0,525469064.0,6302262.0,3924464.0,11394.0,7893836.0,23187.0
2022-05-22,World,327870.0,688.0,525784878.0,6302872.0,3878682.0,11303.0,7942853.0,23034.0
2022-05-23,World,522801.0,1563.0,526278026.0,6304434.0,3810374.0,11261.0,7775227.0,22711.0
2022-05-24,World,594592.0,1657.0,526872618.0,6306086.0,3796309.0,11092.0,7728558.0,22369.0
2022-05-25,World,643708.0,2613.0,527516326.0,6308699.0,3679664.0,11345.0,7677767.0,22757.0
2022-05-26,World,507246.0,1520.0,528019064.0,6310133.0,3589286.0,11132.0,7532368.0,22282.0
2022-05-27,World,569484.0,1975.0,528588548.0,6312107.0,3532864.0,11111.0,7528891.0,22375.0
2022-05-28,World,329029.0,837.0,528917577.0,6312944.0,3494730.0,10853.0,7419194.0,22247.0
2022-05-29,World,276695.0,619.0,529194272.0,6313563.0,3443555.0,10784.0,7322237.0,22087.0
2022-05-30,World,344351.0,1109.0,529538623.0,6314672.0,3265105.0,10330.0,7075479.0,21591.0
2022-05-31,World,625345.0,1523.0,530163968.0,6316195.0,3295858.0,10196.0,7092167.0,21288.0
2022-06-01,World,698283.0,2011.0,530862251.0,6318206.0,3350433.0,9594.0,7030097.0,20939.0
2022-06-02,World,530611.0,1688.0,531392862.0,6319894.0,3373798.0,9762.0,6963084.0,20894.0
2022-06-03,World,543554.0,1531.0,531936416.0,6321425.0,3347868.0,9318.0,6880732.0,20429.0
2022-06-04,World,253081.0,692.0,532189497.0,6322117.0,3271920.0,9173.0,6766650.0,20026.0
2022-06-05,World,262987.0,813.0,532452484.0,6322930.0,3258212.0,9367.0,6701767.0,20151.0
2022-06-06,World,434909.0,965.0,532887393.0,6323895.0,3348770.0,9223.0,6613875.0,19553.0
2022-06-07,World,611660.0,2014.0,533499053.0,6325909.0,3335085.0,9714.0,6630943.0,19910.0
2022-06-08,World,706408.0,2570.0,534205461.0,6328479.0,3343210.0,10273.0,6693643.0,19867.0
2022-06-09,World,565045.0,1556.0,534770506.0,6330035.0,3377644.0,10141.0,6751442.0,19903.0
2022-06-10,World,556371.0,1703.0,535326877.0,6331734.0,3390461.0,10313.0,6738329.0,19631.0
2022-06-11,World,283887.0,922.0,535610668.0,6332656.0,3421267.0,10543.0,6693187.0,19716.0
2022-06-12,World,198248.0,577.0,535808916.0,6333233.0,3356528.0,10307.0,6614740.0,19674.0
2022-06-13,World,527817.0,1688.0,536336733.0,6334921.0,3449436.0,11030.0,6798206.0,20253.0
2022-06-14,World,857053.0,1837.0,537193786.0,6336758.0,3694829.0,10853.0,7029914.0,20567.0
2022-06-15,World,721836.0,1995.0,537915622.0,6338753.0,3710257.0,10278.0,7053467.0,20551.0
2022-06-16,World,582842.0,1495.0,538498464.0,6340616.0,3728054.0,10217.0,7105698.0,20358.0
2022-06-17,World,533013.0,1259.0,539031477.0,6341875.0,3704696.0,9773.0,7095157.0,20086.0
2022-06-18,World,228591.0,645.0,539260068.0,6342520.0,3649400.0,9496.0,7070667.0,20039.0
2022-06-19,World,268499.0,680.0,539528567.0,6343200.0,3719651.0,9599.0,7076179.0,19906.0
2022-06-20,World,754544.0,1520.0,540283111.0,6344720.0,3946378.0,9431.0,7395814.0,20461.0
2022-06-21,World,816064.0,1732.0,541099175.0,6346452.0,3905389.0,9326.0,7600218.0,20179.0
2022-06-22,World,805409.0,2028.0,541904584.0,6348480.0,3988962.0,9359.0,7699219.0,19637.0
2022-06-23,World,783631.0,1814.0,542688215.0,6350294.0,4189751.0,9678.0,7917805.0,19895.0
2022-06-24,World,777334.0,1772.0,543465549.0,6352066.0,4434072.0,10191.0,8138768.0,19964.0
2022-06-25,World,316923.0,800.0,543782472.0,6352866.0,4522404.0,10346.0,8171804.0,19842.0
2022-06-26,World,286764.0,663.0,544069236.0,6353529.0,4540669.0,10329.0,8260320.0,19928.0
2022-06-27,World,872384.0,1471.0,544941620.0,6355000.0,4658509.0,10280.0,8604887.0,19711.0
2022-06-28,World,941955.0,1932.0,545883575.0,6356932.0,4784400.0,10480.0,8689789.0,19806.0
2022-06-29,World,931471.0,1826.0,546815046.0,6358758.0,4910462.0,10278.0,8899424.0,19637.0
2022-06-30,World,1078183.0,1645.0,547893229.0,6360150.0,5205014.0,10109.0,9394765.0,19787.0
2022-07-01,World,949861.0,1866.0,548843090.0,6362016.0,5377541.0,10203.0,9811613.0,20394.0
2022-07-02,World,359437.0,835.0,549202527.0,6362851.0,5420055.0,10238.0,9942459.0,20584.0
2022-07-03,World,358484.0,736.0,549561011.0,6363586.0,5491775.0,10311.0,10032444.0,20640.0
2022-07-04,World,852090.0,1152.0,550413101.0,6364738.0,5471481.0,9992.0,10129990.0,20272.0
2022-07-05,World,1204295.0,2209.0,551617396.0,6366947.0,5733821.0,10269.0,10518221.0,20749.0
2022-07-06,World,1225320.0,2336.0,552842716.0,6369283.0,6027670.0,10779.0,10938132.0,21057.0
2022-07-07,World,1053123.0,2706.0,553895839.0,6371989.0,6002610.0,11840.0,11207624.0,21949.0
2022-07-08,World,1005064.0,2289.0,554900903.0,6374278.0,6057813.0,12263.0,11435354.0,22466.0
2022-07-09,World,503840.0,1043.0,555404743.0,6375321.0,6202216.0,12471.0,11622271.0,22709.0
2022-07-10,World,422868.0,846.0,555827611.0,6376167.0,6266600.0,12581.0,11758375.0,22892.0
2022-07-11,World,1053278.0,1784.0,556880889.0,6377950.0,6467788.0,13213.0,11939269.0,23205.0
2022-07-12,World,1223023.0,2460.0,558103912.0,6380410.0,6486516.0,13464.0,12220337.0,23733.0
2022-07-13,World,1426128.0,2610.0,559530040.0,6383020.0,6687324.0,13738.0,12714994.0,24517.0
2022-07-14,World,1002368.0,2077.0,560532408.0,6385097.0,6636569.0,13109.0,12639179.0,24949.0
2022-07-15,World,1001208.0,2308.0,561533616.0,6387405.0,6632713.0,13128.0,12690526.0,25391.0
2022-07-16,World,553003.0,1084.0,562086619.0,6388489.0,6681876.0,13169.0,12884092.0,25640.0
2022-07-17,World,459442.0,986.0,562546061.0,6389475.0,6718450.0,13309.0,12985050.0,25890.0
2022-07-18,World,1198043.0,2078.0,563744104.0,6391553.0,6863215.0,13603.0,13331003.0,26816.0
2022-07-19,World,1545549.0,3079.0,565288883.0,6394632.0,7185741.0,14222.0,13672257.0,27686.0
2022-07-20,World,1602564.0,2897.0,566890423.0,6397529.0,7362177.0,14509.0,14049501.0,28247.0
2022-07-21,World,1154072.0,2544.0,568044495.0,6400073.0,7513881.0,14976.0,14150450.0,28085.0
2022-07-22,World,1094568.0,2860.0,569139056.0,6402933.0,7607241.0,15528.0,14239954.0,28656.0
2022-07-23,World,636820.0,1287.0,569775876.0,6404220.0,7691058.0,15731.0,14372934.0,28900.0
2022-07-24,World,551091.0,1033.0,570326967.0,6405253.0,7782707.0,15778.0,14501157.0,29087.0
2022-07-25,World,973699.0,1948.0,571300666.0,6407201.0,7558363.0,15648.0,14421578.0,29251.0
2022-07-26,World,1198295.0,2916.0,572497326.0,6410117.0,7211109.0,15485.0,14396850.0,29707.0
2022-07-27,World,1426302.0,3351.0,573923628.0,6413467.0,7034847.0,15939.0,14397024.0,30448.0
2022-07-28,World,1116133.0,2763.0,575039761.0,6416230.0,6996908.0,16158.0,14510789.0,31134.0
2022-07-29,World,1374949.0,3021.0,576414704.0,6419251.0,7277289.0,16319.0,14884530.0,31847.0
2022-07-30,World,576251.0,1095.0,576990955.0,6420346.0,7216720.0,16127.0,14907778.0,31858.0
2022-07-31,World,544757.0,915.0,577535712.0,6421261.0,7210386.0,16009.0,14993093.0,31787.0
2022-08-01,World,873218.0,2435.0,578408930.0,6423696.0,7109905.0,16496.0,14668268.0,32144.0
2022-08-02,World,1190579.0,2886.0,579599509.0,6426576.0,7102189.0,16466.0,14313298.0,31951.0
2022-08-03,World,1155206.0,3138.0,580754715.0,6429714.0,6831093.0,16253.0,13865940.0,32192.0
2022-08-04,World,1061114.0,3174.0,582208895.0,6432888.0,6776074.0,16664.0,13772982.0,32822.0
2022-08-05,World,901005.0,2948.0,583109900.0,6435836.0,6302130.0,16591.0,13579419.0,32910.0
2022-08-06,World,1024227.0,1731.0,584288221.0,6437567.0,6750106.0,17227.0,13966826.0,33354.0
2022-08-07,World,497924.0,942.0,584786145.0,6438509.0,6703273.0,17254.0,13913659.0,33263.0
2022-08-08,World,816237.0,2302.0,585602382.0,6440811.0,6646292.0,17121.0,13756197.0,33617.0
2022-08-09,World,1040236.0,3560.0,586642618.0,6444371.0,6495949.0,17795.0,13598138.0,34261.0
2022-08-10,World,1026870.0,2704.0,587669488.0,6447075.0,6367613.0,17361.0,13198706.0,33614.0
2022-08-11,World,1005474.0,3207.0,588674962.0,6450282.0,6311973.0,17394.0,13088047.0,34058.0
2022-08-12,World,752774.0,2814.0,589427736.0,6453096.0,6163742.0,17260.0,12465872.0,33851.0
2022-08-13,World,636564.0,1484.0,590064300.0,6454580.0,5776079.0,17013.0,12526185.0,34240.0
2022-08-14,World,460754.0,994.0,590525054.0,6455574.0,5738909.0,17065.0,12442182.0,34319.0
2022-08-15,World,855283.0,2395.0,591380337.0,6457969.0,5777955.0,17158.0,12424247.0,34279.0
2022-08-16,World,1083307.0,3436.0,592463644.0,6461405.0,5821026.0,17034.0,12316975.0,34829.0
2022-08-17,World,990363.0,3236.0,593454007.0,6464641.0,5784519.0,17566.0,12152132.0,34927.0
2022-08-18,World,944761.0,2982.0,594398768.0,6467623.0,5723806.0,17341.0,12035779.0,34735.0
2022-08-19,World,801468.0,2713.0,595200236.0,6470336.0,5772500.0,17240.0,11936242.0,34500.0
2022-08-20,World,574428.0,1191.0,595774664.0,6471527.0,5710364.0,16947.0,11486443.0,33960.0
2022-08-21,World,484534.0,1721.0,596259198.0,6473248.0,5734144.0,17674.0,11473053.0,34739.0
2022-08-22,World,710958.0,1614.0,596970156.0,6474669.0,5589819.0,16893.0,11367774.0,34051.0
2022-08-23,World,889617.0,2929.0,597859309.0,6477597.0,5396129.0,16386.0,11217155.0,33420.0
2022-08-24,World,884500.0,3156.0,598743748.0,6480753.0,5290266.0,16306.0,11074785.0,33872.0
2022-08-25,World,865005.0,2957.0,599608753.0,6483710.0,5210510.0,16281.0,10934316.0,33622.0
2022-08-26,World,702198.0,2528.0,600310951.0,6486238.0,5111240.0,16096.0,10883740.0,33336.0
2022-08-27,World,452679.0,1211.0,600763630.0,6487449.0,4989491.0,16116.0,10699855.0,33063.0
2022-08-28,World,406245.0,1023.0,601169875.0,6488472.0,4911202.0,15418.0,10645346.0,33092.0
2022-08-29,World,577138.0,2013.0,601747013.0,6490485.0,4777382.0,15817.0,10367201.0,32710.0
2022-08-30,World,747896.0,2521.0,602494909.0,6492984.0,4635661.0,15409.0,10031790.0,31795.0
2022-08-31,World,753063.0,3368.0,603247972.0,6496352.0,4504224.0,15621.0,9794490.0,31927.0
2022-09-01,World,679764.0,2552.0,603927736.0,6498904.0,4318983.0,15216.0,9529493.0,31497.0
2022-09-02,World,657483.0,2717.0,604585219.0,6501621.0,4274268.0,15405.0,9385508.0,31501.0
2022-09-03,World,376682.0,1077.0,604961901.0,6502698.0,4198271.0,15271.0,9187762.0,31387.0
2022-09-04,World,370389.0,1111.0,605332290.0,6503809.0,4162415.0,15359.0,9073617.0,30777.0
2022-09-05,World,457790.0,1446.0,605790080.0,6505255.0,4043067.0,14792.0,8820449.0,30609.0
2022-09-06,World,673849.0,2315.0,606463929.0,6507570.0,3969020.0,14586.0,8604681.0,29995.0
2022-09-07,World,616160.0,2185.0,607080089.0,6509746.0,3832117.0,13403.0,8336341.0,29024.0
2022-09-08,World,583960.0,2239.0,607664049.0,6511985.0,3736313.0,13090.0,8055296.0,28306.0
2022-09-09,World,525628.0,2297.0,608189677.0,6514280.0,3604458.0,12670.0,7878726.0,28075.0
2022-09-10,World,313232.0,943.0,608502909.0,6515223.0,3541008.0,12536.0,7739279.0,27807.0
2022-09-11,World,314293.0,786.0,608817202.0,6516009.0,3484912.0,12211.0,7647327.0,27570.0
2022-09-12,World,485116.0,1513.0,609302177.0,6517521.0,3512238.0,12278.0,7555305.0,27070.0
2022-09-13,World,548477.0,1983.0,609850654.0,6519503.0,3386866.0,11946.0,7355886.0,26532.0
2022-09-14,World,710850.0,2386.0,610548570.0,6521833.0,3481556.0,12147.0,7313673.0,25550.0
2022-09-15,World,611298.0,2570.0,611159868.0,6524403.0,3508894.0,12478.0,7245207.0,25568.0
2022-09-16,World,455611.0,2008.0,611615479.0,6526411.0,3438877.0,12189.0,7043335.0,24859.0
2022-09-17,World,295097.0,850.0,611910576.0,6527261.0,3420742.0,12096.0,6961750.0,24632.0
2022-09-18,World,254577.0,588.0,612165153.0,6527849.0,3361026.0,11898.0,6845938.0,24109.0
2022-09-19,World,416852.0,1382.0,612582005.0,6529231.0,3292762.0,11767.0,6805000.0,24045.0
2022-09-20,World,553745.0,1830.0,613135614.0,6531061.0,3298030.0,11614.0,6684896.0,23560.0
2022-09-21,World,518071.0,2057.0,613653685.0,6533118.0,3105251.0,11285.0,6586807.0,23432.0
2022-09-22,World,619640.0,2195.0,614273325.0,6535313.0,3113593.0,10910.0,6622487.0,23388.0
2022-09-23,World,517742.0,1828.0,614791067.0,6537141.0,3175724.0,10730.0,6614601.0,22919.0
2022-09-24,World,265165.0,836.0,615056232.0,6537977.0,3145792.0,10716.0,6566534.0,22812.0
2022-09-25,World,222923.0,508.0,615279155.0,6538485.0,3114138.0,10636.0,6475164.0,22534.0
2022-09-26,World,422706.0,1373.0,615701835.0,6539858.0,3119992.0,10627.0,6412754.0,22394.0
2022-09-27,World,599539.0,1603.0,616301374.0,6541461.0,3165786.0,10400.0,6463816.0,22014.0
2022-09-28,World,549748.0,2341.0,616851122.0,6543802.0,3197463.0,10684.0,6302714.0,21969.0
2022-09-29,World,644133.0,2287.0,617495255.0,6546088.0,3221956.0,10776.0,6335549.0,21686.0
2022-09-30,World,472523.0,1473.0,617967778.0,6547561.0,3176737.0,10421.0,6352461.0,21151.0
2022-10-01,World,241057.0,670.0,618208835.0,6548231.0,3152629.0,10255.0,6298421.0,20971.0
2022-10-02,World,200817.0,566.0,618409544.0,6548797.0,3130523.0,10313.0,6244661.0,20949.0
2022-10-03,World,319866.0,1363.0,618729410.0,6550160.0,3027683.0,10303.0,6147675.0,20930.0
2022-10-04,World,600189.0,1602.0,619329599.0,6551762.0,3028333.0,10302.0,6194119.0,20702.0
2022-10-05,World,582626.0,2190.0,619912225.0,6553948.0,3061211.0,10151.0,6258674.0,20835.0
2022-10-06,World,640603.0,2012.0,620552828.0,6555960.0,3057681.0,9876.0,6279637.0,20652.0
2022-10-07,World,574597.0,1797.0,621127425.0,6557757.0,3159755.0,10200.0,6336492.0,20621.0
2022-10-08,World,219017.0,713.0,621346442.0,6558470.0,3137715.0,10243.0,6290344.0,20498.0
2022-10-09,World,218952.0,634.0,621565394.0,6559104.0,3155850.0,10311.0,6286373.0,20624.0
2022-10-10,World,453633.0,1317.0,622019027.0,6560421.0,3289617.0,10265.0,6317300.0,20568.0
2022-10-11,World,690366.0,1911.0,622709234.0,6562332.0,3379794.0,10574.0,6408127.0,20876.0
2022-10-12,World,550092.0,1902.0,623259326.0,6564234.0,3347260.0,10286.0,6408471.0,20437.0
2022-10-13,World,662894.0,2105.0,623922220.0,6566339.0,3369551.0,10379.0,6427232.0,20255.0
2022-10-14,World,477493.0,1716.0,624399713.0,6568055.0,3272447.0,10298.0,6432202.0,20498.0
2022-10-15,World,218089.0,777.0,624617802.0,6568832.0,3271519.0,10362.0,6409234.0,20605.0
2022-10-16,World,192170.0,548.0,624809972.0,6569380.0,3244737.0,10276.0,6400587.0,20587.0
2022-10-17,World,476495.0,1760.0,625286467.0,6571140.0,3267599.0,10719.0,6557216.0,20984.0
2022-10-18,World,629331.0,1847.0,625915177.0,6572987.0,3206564.0,10655.0,6586358.0,21229.0
2022-10-19,World,527813.0,2244.0,626442136.0,6575230.0,3184285.0,10997.0,6531545.0,21283.0
2022-10-20,World,595412.0,2204.0,627037524.0,6577433.0,3116803.0,11096.0,6486354.0,21475.0
2022-10-21,World,430591.0,2002.0,627468115.0,6579435.0,3069901.0,11382.0,6342348.0,21680.0
2022-10-22,World,182341.0,620.0,627650456.0,6580055.0,3034153.0,11225.0,6305672.0,21587.0
2022-10-23,World,160800.0,594.0,627811256.0,6580649.0,3002783.0,11271.0,6247520.0,21547.0
2022-10-24,World,386605.0,1405.0,628197240.0,6581969.0,2912893.0,10916.0,6180492.0,21635.0
2022-10-25,World,594949.0,2180.0,628792189.0,6584149.0,2878511.0,11249.0,6085075.0,21904.0
2022-10-26,World,466818.0,2504.0,629259007.0,6586653.0,2817516.0,11509.0,6001801.0,22506.0
2022-10-27,World,477758.0,2126.0,629729880.0,6588779.0,2699862.0,11431.0,5816665.0,22527.0
2022-10-28,World,363581.0,1486.0,630093461.0,6590262.0,2632852.0,10915.0,5702753.0,22297.0
2022-10-29,World,199109.0,671.0,630292570.0,6590933.0,2649620.0,10966.0,5683773.0,22191.0
2022-10-30,World,167313.0,603.0,630459883.0,6591536.0,2656133.0,10975.0,5658916.0,22246.0
2022-10-31,World,300424.0,1221.0,630760196.0,6592757.0,2569952.0,10791.0,5482845.0,21707.0
2022-11-01,World,401636.0,2802.0,631161832.0,6595559.0,2376639.0,11413.0,5255150.0,22662.0
2022-11-02,World,348188.0,1587.0,631510020.0,6597145.0,2258009.0,10496.0,5075525.0,22005.0
2022-11-03,World,493607.0,2345.0,632003627.0,6599490.0,2273858.0,10715.0,4973720.0,22146.0
2022-11-04,World,444132.0,1978.0,632447759.0,6601468.0,2354409.0,11207.0,4987261.0,22122.0
2022-11-05,World,201322.0,613.0,632649081.0,6602081.0,2356622.0,11149.0,5006242.0,22115.0
2022-11-06,World,186643.0,544.0,632835724.0,6602625.0,2375952.0,11090.0,5032085.0,22065.0
2022-11-07,World,306063.0,1162.0,633140321.0,6603769.0,2381591.0,11031.0,4951543.0,21822.0
2022-11-08,World,450816.0,1276.0,633591137.0,6605045.0,2430771.0,9505.0,4807410.0,20918.0
2022-11-09,World,433929.0,2114.0,634025066.0,6607159.0,2516512.0,10032.0,4774521.0,20528.0
2022-11-10,World,460426.0,2092.0,634485466.0,6609251.0,2483331.0,9779.0,4757189.0,20494.0
2022-11-11,World,488374.0,1708.0,634973840.0,6610959.0,2527573.0,9509.0,4881982.0,20716.0
2022-11-12,World,242507.0,525.0,635216347.0,6611406.0,2568758.0,9421.0,4925380.0,20570.0
2022-11-13,World,183509.0,505.0,635399856.0,6611911.0,2565624.0,9382.0,4941576.0,20472.0
2022-11-14,World,347837.0,1345.0,635746392.0,6613256.0,2607398.0,9565.0,4988989.0,20596.0
2022-11-15,World,503749.0,1490.0,636250141.0,6614321.0,2660331.0,9779.0,5091102.0,19284.0
2022-11-16,World,486212.0,2306.0,636736353.0,6616627.0,2712614.0,9971.0,5229126.0,20003.0
2022-11-17,World,479917.0,2044.0,637215702.0,6618669.0,2732105.0,9923.0,5215436.0,19702.0
2022-11-18,World,630452.0,2361.0,637846154.0,6621027.0,2874183.0,10576.0,5401756.0,20085.0
2022-11-19,World,247355.0,494.0,638093509.0,6621521.0,2879031.0,10545.0,5447789.0,19966.0
2022-11-20,World,222431.0,589.0,638315940.0,6622110.0,2917953.0,10629.0,5483577.0,20011.0
2022-11-21,World,341582.0,1126.0,638657522.0,6623236.0,2911698.0,10410.0,5519096.0,19975.0
2022-11-22,World,574227.0,1952.0,639231749.0,6624977.0,2982176.0,10872.0,5642507.0,20651.0
2022-11-23,World,590941.0,2107.0,639822423.0,6627084.0,3086905.0,10673.0,5799519.0,20644.0
2022-11-24,World,420391.0,1399.0,640242814.0,6628483.0,3027379.0,10028.0,5759484.0,19951.0
2022-11-25,World,697954.0,2202.0,640940768.0,6630685.0,3094881.0,9869.0,5969064.0,20445.0
2022-11-26,World,270626.0,512.0,641211394.0,6631197.0,3118152.0,9887.0,5997183.0,20432.0
2022-11-27,World,263461.0,590.0,641474855.0,6631787.0,3159182.0,9888.0,6077135.0,20517.0
2022-11-28,World,405812.0,1178.0,641880644.0,6632965.0,3223412.0,9940.0,6135110.0,20350.0
2022-11-29,World,730695.0,1601.0,642611339.0,6634565.0,3379880.0,9589.0,6362056.0,20461.0
2022-11-30,World,535647.0,1629.0,643146986.0,6636194.0,3324586.0,9111.0,6411491.0,19784.0
2022-12-01,World,706241.0,2393.0,643853227.0,6638587.0,3610436.0,10105.0,6637815.0,20133.0
2022-12-02,World,761645.0,2345.0,644614516.0,6640932.0,3674127.0,10248.0,6769008.0,20117.0
2022-12-03,World,299909.0,609.0,644914425.0,6641541.0,3703410.0,10345.0,6821562.0,20232.0
2022-12-04,World,257152.0,636.0,645171572.0,6642177.0,3697101.0,10391.0,6856283.0,20279.0
2022-12-05,World,505489.0,1390.0,645677061.0,6643567.0,3796778.0,10603.0,7020190.0,20543.0
2022-12-06,World,624780.0,1742.0,646301571.0,6645309.0,3690863.0,10744.0,7070743.0,20333.0
2022-12-07,World,635272.0,2177.0,646934883.0,6647486.0,3790488.0,11292.0,7115074.0,20403.0
2022-12-08,World,809102.0,3011.0,647743985.0,6650495.0,3893349.0,11910.0,7503785.0,22015.0
2022-12-09,World,669985.0,2179.0,648413970.0,6652674.0,3801689.0,11744.0,7475816.0,21992.0
2022-12-10,World,274677.0,609.0,648688647.0,6653283.0,3776457.0,11744.0,7479867.0,22089.0
2022-12-11,World,299234.0,661.0,648987881.0,6653944.0,3818539.0,11769.0,7515640.0,22160.0
2022-12-12,World,572753.0,1667.0,649560634.0,6655610.0,3885803.0,12046.0,7682581.0,22649.0
2022-12-13,World,778073.0,1962.0,650338707.0,6657572.0,4039096.0,12266.0,7729959.0,23010.0
2022-12-14,World,694387.0,2453.0,651024455.0,6660025.0,4098211.0,12542.0,7888699.0,23834.0
2022-12-15,World,750337.0,2805.0,651774792.0,6662830.0,4039446.0,12336.0,7932795.0,24246.0
2022-12-16,World,731336.0,2696.0,652506128.0,6665526.0,4100797.0,12853.0,7902486.0,24597.0
2022-12-17,World,300473.0,811.0,652806601.0,6666337.0,4126593.0,13055.0,7903050.0,24799.0
2022-12-18,World,283724.0,791.0,653090325.0,6667128.0,4111083.0,13185.0,7929622.0,24954.0
2022-12-19,World,586411.0,1821.0,653676736.0,6668949.0,4124741.0,13339.0,8010544.0,25385.0
2022-12-20,World,708880.0,2214.0,654385616.0,6671163.0,4055548.0,13591.0,8094644.0,25857.0
2022-12-21,World,720311.0,2565.0,655105927.0,6673728.0,4081472.0,13703.0,8179683.0,26245.0
2022-12-22,World,757966.0,2665.0,655863893.0,6676393.0,4089101.0,13563.0,8128547.0,25899.0
2022-12-23,World,640631.0,2681.0,656504524.0,6679074.0,3998396.0,13548.0,8099193.0,26401.0
2022-12-24,World,344379.0,989.0,656848903.0,6680063.0,4042302.0,13726.0,8168895.0,26781.0
2022-12-25,World,251580.0,865.0,657035197.0,6680928.0,4010158.0,13800.0,8121241.0,26985.0
2022-12-26,World,452304.0,1107.0,657554602.0,6682035.0,3876051.0,13086.0,8000792.0,26425.0
2022-12-27,World,654155.0,2104.0,658208757.0,6684139.0,3821326.0,12976.0,7876874.0,26567.0
2022-12-28,World,637132.0,2796.0,658845889.0,6686935.0,3738147.0,13207.0,7819619.0,26910.0
2022-12-29,World,671285.0,2926.0,659517174.0,6689855.0,3651466.0,13468.0,7740567.0,27031.0
2022-12-30,World,582103.0,2416.0,660099277.0,6692271.0,3592938.0,13203.0,7591334.0,26751.0
2022-12-31,World,264064.0,893.0,660363341.0,6693164.0,3512623.0,13107.0,7554925.0,26833.0
2023-01-01,World,314595.0,1046.0,660677936.0,6694210.0,3575638.0,13288.0,7585796.0,27088.0
2023-01-02,World,419721.0,1363.0,661097657.0,6695573.0,3543055.0,13544.0,7419106.0,26630.0
2023-01-03,World,462276.0,2242.0,661559933.0,6697815.0,3351176.0,13682.0,7172502.0,26658.0
2023-01-04,World,571481.0,2923.0,662130385.0,6700738.0,3285525.0,13809.0,7023672.0,27016.0
2023-01-05,World,734763.0,3599.0,662865148.0,6704398.0,3349003.0,14482.0,7000469.0,27950.0
2023-01-06,World,718517.0,3134.0,663583665.0,6707532.0,3485417.0,15200.0,7078355.0,28403.0
2023-01-07,World,357045.0,951.0,663940710.0,6708483.0,3578398.0,15258.0,7091021.0,28365.0
2023-01-08,World,327450.0,1059.0,664268160.0,6709542.0,3591253.0,15271.0,7166891.0,28559.0
2023-01-09,World,349257.0,2160.0,664617152.0,6711702.0,3520789.0,16068.0,7063844.0,29612.0
2023-01-10,World,394941.0,2360.0,665012093.0,6714062.0,3453454.0,16186.0,6804630.0,29868.0
2023-01-11,World,506549.0,3276.0,665518642.0,6717338.0,3388522.0,16539.0,6674047.0,30348.0
2023-01-12,World,477113.0,3443.0,665995755.0,6720780.0,3130872.0,16383.0,6479875.0,30865.0
2023-01-13,World,435479.0,2984.0,666431234.0,6723764.0,2847834.0,16233.0,6333251.0,31433.0
2023-01-14,World,221352.0,1014.0,666652586.0,6724778.0,2712141.0,16296.0,6290539.0,31554.0
2023-01-15,World,196864.0,60903.0,666849450.0,6785681.0,2581555.0,76140.0,6172808.0,91411.0
2023-01-16,World,214618.0,1323.0,667064068.0,6787004.0,2446916.0,75303.0,5967705.0,91371.0
2023-01-17,World,352093.0,2019.0,667416161.0,6789023.0,2404068.0,74962.0,5857522.0,91148.0
2023-01-18,World,377610.0,3160.0,667793771.0,6792180.0,2275129.0,74846.0,5663651.0,91385.0
2023-01-19,World,324498.0,3612.0,668118269.0,6795792.0,2122514.0,75015.0,5253386.0,91398.0
2023-01-20,World,341635.0,3446.0,668459904.0,6799238.0,2028670.0,75477.0,4876504.0,91710.0
2023-01-21,World,153404.0,13494.0,668613308.0,6812732.0,1960722.0,87957.0,4672863.0,104253.0
2023-01-22,World,114427.0,680.0,668727735.0,6813412.0,1878285.0,27734.0,4459840.0,103874.0
2023-01-23,World,171054.0,1555.0,668898789.0,6814967.0,1834721.0,27966.0,4281637.0,103269.0
2023-01-24,World,271820.0,2048.0,669170609.0,6817015.0,1754448.0,27995.0,4158516.0,102957.0
2023-01-25,World,295701.0,2368.0,669464786.0,6819318.0,1672539.0,27203.0,3947668.0,102049.0
2023-01-26,World,281749.0,3121.0,669746535.0,6822439.0,1629790.0,26712.0,3752304.0,101727.0
2023-01-27,World,237924.0,1804.0,669984459.0,6824243.0,1526079.0,25070.0,3554749.0,100547.0
2023-01-28,World,133275.0,7053.0,670117734.0,6831296.0,1505950.0,18629.0,3466672.0,106586.0
2023-01-29,World,123847.0,737.0,670241581.0,6832033.0,1515370.0,18686.0,3393655.0,46420.0
2023-01-30,World,160659.0,1212.0,670401459.0,6833245.0,1504975.0,18343.0,3339696.0,46309.0
2023-01-31,World,230714.0,1870.0,670632116.0,6835115.0,1463869.0,18165.0,3218317.0,46160.0
2023-02-01,World,297761.0,2689.0,670929877.0,6837804.0,1465929.0,18486.0,3138468.0,45689.0
2023-02-02,World,259041.0,2744.0,671188918.0,6840548.0,1443221.0,18109.0,3073011.0,44821.0
2023-02-03,World,238278.0,2322.0,671426977.0,6842870.0,1443575.0,18627.0,2969654.0,43697.0
2023-02-04,World,102787.0,3949.0,671529716.0,6846819.0,1413087.0,15523.0,2919037.0,34152.0
2023-02-05,World,89189.0,600.0,671618905.0,6847419.0,1378429.0,15386.0,2893799.0,34072.0
2023-02-06,World,146289.0,1054.0,671764892.0,6848440.0,1364059.0,15228.0,2869034.0,33571.0
2023-02-07,World,197777.0,1275.0,671962669.0,6849715.0,1331122.0,14633.0,2794991.0,32798.0
2023-02-08,World,230053.0,2000.0,672192722.0,6851715.0,1263414.0,13944.0,2729343.0,32430.0
2023-02-09,World,258903.0,2340.0,672451625.0,6854053.0,1263276.0,13540.0,2706497.0,31649.0
2023-02-10,World,143325.0,1176.0,672593708.0,6855186.0,1168323.0,12394.0,2611898.0,31021.0
2023-02-11,World,132207.0,633.0,672725915.0,6855819.0,1197743.0,9078.0,2610830.0,24601.0
2023-02-12,World,77646.0,373.0,672803561.0,6856192.0,1186200.0,8851.0,2564629.0,24237.0
2023-02-13,World,137954.0,807.0,672941515.0,6856990.0,1177865.0,8604.0,2541924.0,23832.0
2023-02-14,World,193617.0,1194.0,673135115.0,6858184.0,1173705.0,8523.0,2504827.0,23156.0
2023-02-15,World,239855.0,1523.0,673374970.0,6859706.0,1183507.0,8046.0,2446921.0,21990.0
2023-02-16,World,208820.0,2086.0,673582863.0,6861792.0,1133424.0,7792.0,2396700.0,21332.0
2023-02-17,World,193301.0,1854.0,673776164.0,6863646.0,1183400.0,8470.0,2351723.0,20864.0
2023-02-18,World,90963.0,375.0,673867127.0,6864021.0,1142156.0,8212.0,2339899.0,17290.0
2023-02-19,World,86433.0,463.0,673953560.0,6864484.0,1150943.0,8302.0,2337143.0,17153.0
2023-02-20,World,87360.0,576.0,674040920.0,6865060.0,1100349.0,8071.0,2278214.0,16675.0
2023-02-21,World,180132.0,801.0,674221052.0,6865861.0,1086864.0,7678.0,2260569.0,16201.0
2023-02-22,World,246237.0,1822.0,674467155.0,6867682.0,1093246.0,7977.0,2276753.0,16023.0
2023-02-23,World,221092.0,1908.0,674688247.0,6869590.0,1105518.0,7799.0,2238942.0,15591.0
2023-02-24,World,142426.0,989.0,674830673.0,6870579.0,1054643.0,6934.0,2238043.0,15404.0
2023-02-25,World,45451.0,218.0,674876124.0,6870797.0,1009131.0,6777.0,2151287.0,14989.0
2023-02-26,World,65621.0,244.0,674941745.0,6871041.0,988319.0,6558.0,2139262.0,14860.0
2023-02-27,World,127025.0,546.0,675068770.0,6871581.0,1027984.0,6528.0,2128333.0,14599.0
2023-02-28,World,150801.0,875.0,675219569.0,6872455.0,998653.0,6602.0,2085517.0,14280.0
2023-03-01,World,220552.0,1781.0,675440121.0,6874236.0,972968.0,6561.0,2066214.0,14538.0
2023-03-02,World,190572.0,1568.0,675629180.0,6875804.0,942448.0,6221.0,2047966.0,14020.0
2023-03-03,World,182669.0,1294.0,675811849.0,6877098.0,982691.0,6526.0,2037334.0,13460.0
2023-03-04,World,54195.0,276.0,675866044.0,6877374.0,991435.0,6584.0,2000566.0,13361.0
2023-03-05,World,59988.0,186.0,675922170.0,6877522.0,985802.0,6526.0,1974121.0,13084.0
2023-03-06,World,63196.0,366.0,675980210.0,6877888.0,921973.0,6346.0,1949957.0,12874.0
2023-03-07,World,130437.0,923.0,676110647.0,6878811.0,901609.0,6394.0,1900262.0,12996.0
2023-03-08,World,179384.0,1445.0,676290031.0,6880256.0,860441.0,6058.0,1833409.0,12619.0
2023-03-09,World,177325.0,1319.0,676467356.0,6881575.0,847194.0,5809.0,1789642.0,12030.0
